principio_activo_buscado,farmacia,producto_nombre,marca,precio,precio_lista,categorias,url
Enalapril,pharmacys,Enalapril 10mg rocnarf tableta,Enalapril,4.5,4.5,/Medicinas/Aparato Cardiovascular/|/Medicinas/,https://www.pharmacys.com.ec/enalapril-10mg-rocnarf-tableta/p
Enalapril,pharmacys,Enalapril 10mg dyvenpro ecuagen tableta,Enalapril,4.8,4.8,/Medicinas/Aparato Cardiovascular/|/Medicinas/,https://www.pharmacys.com.ec/enalapril-10mg-dyvenpro-ecuagen-tableta/p
Enalapril,pharmacys,Enalapril 20mg dyvenpro ecuagen comprimidos,Enalapril,2.8,2.8,/Medicinas/Aparato Cardiovascular/|/Medicinas/,https://www.pharmacys.com.ec/enalapril-20mg-dyvenpro-ecuagen-comprimidos/p
Enalapril,pharmacys,Enalapril 5mg tecnoquimicas - genericos tableta,Enalapril,5.56,5.56,/Medicinas/Aparato Cardiovascular/|/Medicinas/,https://www.pharmacys.com.ec/enalapril-5mg-tecnoquimicas-genericos-tableta/p
Enalapril,pharmacys,Enalapril 20mg tecnoquimicas - genericos tableta,Enalapril,2.74,2.74,/Medicinas/Aparato Cardiovascular/|/Medicinas/,https://www.pharmacys.com.ec/alivio-topico-yodosalil-unguento-120-g/p
Enalapril,pharmacys,Enalapril 5mg garcos - nifa genericos tableta,Enalapril,1.8,1.8,/Medicinas/Aparato Cardiovascular/|/Medicinas/,https://www.pharmacys.com.ec/enalapril-5mg-garcos-nifa-genericos-tableta/p
Enalapril,pharmacys,Enalapril 20mg garcos - nifa genericos tableta,Enalapril,3.0,3.0,/Medicinas/Aparato Cardiovascular/|/Medicinas/,https://www.pharmacys.com.ec/enalapril-20mg-garcos-nifa-genericos-tableta/p
Enalapril,pharmacys,Enalapril 10mg garcos - nifa genericos tableta,Enalapril,4.5,4.5,/Medicinas/Aparato Cardiovascular/|/Medicinas/,https://www.pharmacys.com.ec/enalapril-10mg-garcos-nifa-genericos-tableta/p
Enalapril,pharmacys,Enalten 20/12.5mg ecuaquimica - saval comprimidos,Enalten,15.6,15.6,/Medicinas/Aparato Cardiovascular/|/Medicinas/,https://www.pharmacys.com.ec/enalten-20-125mg-ecuaquimica-saval-comprimidos/p
Enalapril,pharmacys,Enalten 20mg ecuaquimica - saval comprimidos,Enalten,4.5,4.5,/Medicinas/Aparato Cardiovascular/|/Medicinas/,https://www.pharmacys.com.ec/enalten-20mg-ecuaquimica-saval-comprimidos/p
Enalapril,medicity,Enalapril Ecuaquimica Comprimidos 20mg Caja 20 Unidades,ECUAQUIMICA,0.11,0.14,/Medicina/Sistema Cardiovascular/|/Medicina/,https://www.farmaciasmedicity.com/enalapril-ecuaquimica-comprimidos-20mg-caja-20-unidades-1/p
Enalapril,medicity,Enalapril Nifa Tabletas 10 mg Caja 30,NIFA,0.14,0.15,/Medicina/Sistema Cardiovascular/|/Medicina/,https://www.farmaciasmedicity.com/enalapril-nifa-tabletas-caja-con-20-unidades/p
Enalapril,medicity,Cardiol Tabletas 10 mg Caja Con 30 Unidades,CARDIOL,0.17,0.18,/Medicina/Sistema Cardiovascular/|/Medicina/,https://www.farmaciasmedicity.com/cardiol-tabletas-10-mg-caja-con-30-unidades/p
Enalapril,cruzazul,Enalapril 10mg rocnarf tableta,Enalapril,4.5,4.5,/Medicinas/Aparato Cardiovascular/|/Medicinas/,https://www.farmaciascruzazul.ec/enalapril-10mg-rocnarf-tableta/p
Enalapril,cruzazul,Enalapril 10mg dyvenpro ecuagen tableta,Enalapril,4.8,4.8,/Medicinas/Aparato Cardiovascular/|/Medicinas/,https://www.farmaciascruzazul.ec/enalapril-10mg-dyvenpro-ecuagen-tableta/p
Enalapril,cruzazul,Enalapril 20mg dyvenpro ecuagen comprimidos,Enalapril,2.8,2.8,/Medicinas/Aparato Cardiovascular/|/Medicinas/,https://www.farmaciascruzazul.ec/enalapril-20mg-dyvenpro-ecuagen-comprimidos/p
Enalapril,cruzazul,Enalapril 5mg tecnoquimicas - genericos tableta,Enalapril,5.56,5.56,/Medicinas/Aparato Cardiovascular/|/Medicinas/,https://www.farmaciascruzazul.ec/enalapril-5mg-tecnoquimicas-genericos-tableta/p
Enalapril,cruzazul,Enalapril 20mg tecnoquimicas - genericos tableta,Enalapril,2.74,2.74,/Medicinas/Aparato Cardiovascular/|/Medicinas/,https://www.farmaciascruzazul.ec/alivio-topico-yodosalil-unguento-120-g/p
Enalapril,cruzazul,Enalapril 5mg garcos - nifa genericos tableta,Enalapril,1.8,1.8,/Medicinas/Aparato Cardiovascular/|/Medicinas/,https://www.farmaciascruzazul.ec/enalapril-5mg-garcos-nifa-genericos-tableta/p
Enalapril,cruzazul,Enalapril 20mg garcos - nifa genericos tableta,Enalapril,3.0,3.0,/Medicinas/Aparato Cardiovascular/|/Medicinas/,https://www.farmaciascruzazul.ec/enalapril-20mg-garcos-nifa-genericos-tableta/p
Enalapril,cruzazul,Enalapril 10mg garcos - nifa genericos tableta,Enalapril,4.5,4.5,/Medicinas/Aparato Cardiovascular/|/Medicinas/,https://www.farmaciascruzazul.ec/enalapril-10mg-garcos-nifa-genericos-tableta/p
Enalapril,cruzazul,Enalten 20/12.5mg ecuaquimica - saval comprimidos,Enalten,15.6,15.6,/Medicinas/Aparato Cardiovascular/|/Medicinas/,https://www.farmaciascruzazul.ec/enalten-20-125mg-ecuaquimica-saval-comprimidos/p
Enalapril,cruzazul,Enalten 20mg ecuaquimica - saval comprimidos,Enalten,4.5,4.5,/Medicinas/Aparato Cardiovascular/|/Medicinas/,https://www.farmaciascruzazul.ec/enalten-20mg-ecuaquimica-saval-comprimidos/p
Perindopril,pharmacys,Coveram Com x10/5MG x30,Coveram,49.68,49.68,/Medicinas/Aparato Cardiovascular/|/Medicinas/,https://www.pharmacys.com.ec/coveram-com-x10-5mg-x30/p
Perindopril,pharmacys,Preterax Com x10/2.5MG x30,Preterax,49.68,49.68,/Medicinas/Aparato Cardiovascular/|/Medicinas/,https://www.pharmacys.com.ec/preterax-com-x10-2-5mg-x30/p
Perindopril,pharmacys,Preterax Com-Rec x5/1.25MG x30,Preterax,41.4,41.4,/Medicinas/Aparato Cardiovascular/|/Medicinas/,https://www.pharmacys.com.ec/preterax-com-rec-x5-1-25mg-x30/p
Perindopril,pharmacys,Coversyl Com-Rec x10MG x30,Coversyl,32.32,32.32,/Medicinas/Aparato Cardiovascular/|/Medicinas/,https://www.pharmacys.com.ec/coversyl-com-rec-x10mg-x30/p
Perindopril,pharmacys,Coversyl Com-Rec x5MG x30,Coversyl,24.72,24.72,/Medicinas/Aparato Cardiovascular/|/Medicinas/,https://www.pharmacys.com.ec/coversyl-com-rec-x5mg-x30/p
Perindopril,pharmacys,Coveram Com x5/5MG x30,Coveram,48.0,48.0,/Medicinas/Aparato Cardiovascular/|/Medicinas/,https://www.pharmacys.com.ec/coveram-com-x5-5mg-x30/p
Perindopril,cruzazul,Coveram Com x10/5MG x30,Coveram,49.68,49.68,/Medicinas/Aparato Cardiovascular/|/Medicinas/,https://www.farmaciascruzazul.ec/coveram-com-x10-5mg-x30/p
Perindopril,cruzazul,Preterax Com x10/2.5MG x30,Preterax,49.68,49.68,/Medicinas/Aparato Cardiovascular/|/Medicinas/,https://www.farmaciascruzazul.ec/preterax-com-x10-2-5mg-x30/p
Perindopril,cruzazul,Preterax Com-Rec x5/1.25MG x30,Preterax,41.4,41.4,/Medicinas/Aparato Cardiovascular/|/Medicinas/,https://www.farmaciascruzazul.ec/preterax-com-rec-x5-1-25mg-x30/p
Perindopril,cruzazul,Coversyl Com-Rec x10MG x30,Coversyl,32.32,32.32,/Medicinas/Aparato Cardiovascular/|/Medicinas/,https://www.farmaciascruzazul.ec/coversyl-com-rec-x10mg-x30/p
Perindopril,cruzazul,Coversyl Com-Rec x5MG x30,Coversyl,24.72,24.72,/Medicinas/Aparato Cardiovascular/|/Medicinas/,https://www.farmaciascruzazul.ec/coversyl-com-rec-x5mg-x30/p
Perindopril,cruzazul,Coveram Com x5/5MG x30,Coveram,48.0,48.0,/Medicinas/Aparato Cardiovascular/|/Medicinas/,https://www.farmaciascruzazul.ec/coveram-com-x5-5mg-x30/p
Enalapril/Hidroclorotiazida,pharmacys,Enalten 20/12.5mg ecuaquimica - saval comprimidos,Enalten,15.6,15.6,/Medicinas/Aparato Cardiovascular/|/Medicinas/,https://www.pharmacys.com.ec/enalten-20-125mg-ecuaquimica-saval-comprimidos/p
Enalapril/Hidroclorotiazida,pharmacys,Enalten 10/25mg ecuaquimica - saval comprimidos,Enalten,9.9,9.9,/Medicinas/Aparato Cardiovascular/|/Medicinas/,https://www.pharmacys.com.ec/enalten-10-25mg-ecuaquimica-saval-comprimidos/p
Enalapril/Hidroclorotiazida,cruzazul,Enalten 20/12.5mg ecuaquimica - saval comprimidos,Enalten,15.6,15.6,/Medicinas/Aparato Cardiovascular/|/Medicinas/,https://www.farmaciascruzazul.ec/enalten-20-125mg-ecuaquimica-saval-comprimidos/p
Enalapril/Hidroclorotiazida,cruzazul,Enalten 10/25mg ecuaquimica - saval comprimidos,Enalten,9.9,9.9,/Medicinas/Aparato Cardiovascular/|/Medicinas/,https://www.farmaciascruzazul.ec/enalten-10-25mg-ecuaquimica-saval-comprimidos/p
Losartan,pharmacys,Losartan 50mg labovida tableta recubierta,Losartan,7.5,7.5,/Medicinas/Aparato Cardiovascular/|/Medicinas/,https://www.pharmacys.com.ec/losartan-50mg-labovida-tableta-recubierta/p
Losartan,pharmacys,Losartan 100mg labovida tableta recubierta,Losartan,19.5,19.5,/Medicinas/Aparato Cardiovascular/|/Medicinas/,https://www.pharmacys.com.ec/losartan-100mg-labovida-tableta-recubierta/p
Losartan,pharmacys,Losartán 50 Mg x 30 Tabletas,Losartan,10.8,10.8,/Medicinas/Aparato Cardiovascular/|/Medicinas/,https://www.pharmacys.com.ec/losartan-50mg-la-sante-tableta/p
Losartan,pharmacys,Losartan 50mg leterago - genfar comprimidos,Losartan,6.9,6.9,/Medicinas/Aparato Cardiovascular/|/Medicinas/,https://www.pharmacys.com.ec/losartan-50mg-leterago-genfar-comprimidos/p
Losartan,pharmacys,Losartan Potásico Tabletas x30 - 100Mg,Losartan,21.0,21.0,/Medicinas/Aparato Cardiovascular/|/Medicinas/,https://www.pharmacys.com.ec/losartan-potasi-t-recx100mgx30-lste/p
Losartan,pharmacys,Losartán 100 MG Tabletas Recubiertas x20,Losartan,14.0,14.0,/Medicinas/Aparato Cardiovascular/|/Medicinas/,https://www.pharmacys.com.ec/losartan-100mg-dyvenpro-ecuagen-tableta-recubierta/p
Losartan,pharmacys,Losartán 50 mg Tabletas Recubiertas x30,Losartan,5.4,5.4,/Medicinas/Aparato Cardiovascular/|/Medicinas/,https://www.pharmacys.com.ec/losartan-50mg-la-sante-tabletas-recubiertas/p
Losartan,pharmacys,Losartan 50mg dyvenpro ecuagen tableta recubierta,Losartan,6.6,6.6,/Medicinas/Aparato Cardiovascular/|/Medicinas/,https://www.pharmacys.com.ec/losartan-50mg-dyvenpro-ecuagen-tableta-recubierta/p
Losartan,pharmacys,Losartan 50mg tecnoquimicas - genericos tabletas recubiertas,Losartan,8.48,8.48,/Medicinas/Musculoesqueléticos/|/Medicinas/,https://www.pharmacys.com.ec/losartan-50mg-tecnoquimicas-genericos-tabletas-recubiertas/p
Losartan,pharmacys,Losartan 100mg caplin point - generico tableta,Losartan,82.0,82.0,/Medicinas/Aparato Cardiovascular/|/Medicinas/,https://www.pharmacys.com.ec/losartan-100mg-caplin-point-generico-tableta/p
Losartan,medicity,Losartan Potasico Nifa Tableta 100 mg 20 Unidades,NIFA,0.75,0.82,/Medicina/Sistema Cardiovascular/|/Medicina/,https://www.farmaciasmedicity.com/losartan-potasico-nifa-tableta-100-mg-20-unidades-1/p
Losartan,medicity,Losartan Genfar Comprimidos Recubiertos Caja Con 30 Unidades,GENFAR,0.63,0.7,/Medicina/Sistema Cardiovascular/|/Medicina/,https://www.farmaciasmedicity.com/losartan-genfar-comprimidos-recubiertos-caja-con-30-unidades/p
Losartan,medicity,Losartan Mk Tabletas Recubierto 50mg Caja 30 Unidades,MK,0.26,0.28,/Medicina/Sistema Cardiovascular/|/Medicina/,https://www.farmaciasmedicity.com/losartan-mk-tabletas-recubierto-50mg-caja-30-unidades-1/p
Losartan,medicity,Losartan Mk Tableta Recubierta 100 mg Caja 30 Unidades,MK,0.56,0.7,/Medicina/Sistema Cardiovascular/|/Medicina/,https://www.farmaciasmedicity.com/losartan-mk-tableta-recubierta-100-mg-caja-30-unidades-1/p
Losartan,medicity,Losartan Santé Tabletas 50 mg Caja con 30 Unidades,LA SANTE,0.17,0.18,/Medicina/Sistema Cardiovascular/|/Medicina/,https://www.farmaciasmedicity.com/losartan-sante-tabletas-50-mg-caja-con-30-unidades/p
Losartan,medicity,Losartan Santé Tabletas Recubiertas 100 mg Caja Con 30 Unidades,LA SANTE,0.64,0.7,/Medicina/Sistema Cardiovascular/|/Medicina/,https://www.farmaciasmedicity.com/losartan-sante-tabletas-recubiertas-100-mg-caja-con-30-unidades/p
Losartan,medicity,Convertal D Comprimido Recubierto Caja Con 10 Unidades,CONVERTAL,0.84,0.97,/Medicina/Sistema Cardiovascular/|/Medicina/,https://www.farmaciasmedicity.com/convertal-d-comprimido-recubierto-caja-con-10-unidades/p
Losartan,medicity,Cozaar Comprimidos Recubiertos 100 mg Caja 30 Unidades,COZAAR,0.75,0.82,/Medicina/Sistema Cardiovascular/|/Medicina/,https://www.farmaciasmedicity.com/cozaar-comprimidos-recubiertos-100-mg-caja-30-unidades/p
Losartan,medicity,Cozaar Comprimido Recubierto 50 mg Caja Con 30 Unidades,COZAAR,0.33,0.38,/Medicina/Sistema Cardiovascular/|/Medicina/,https://www.farmaciasmedicity.com/cozaar-comprimido-recubierto-50-mg-caja-con-30-unidades/p
Losartan,medicity,Convertal Plus Comprimidos 100mg/10mg Caja 30 Unidades,CONVERTAL,1.16,1.26,/Medicina/Sistema Cardiovascular/|/Medicina/,https://www.farmaciasmedicity.com/convertal-plus-comprimidos-100mg-10mg-caja-30-unidades-1/p
Losartan,cruzazul,Losartan 50mg labovida tableta recubierta,Losartan,7.5,7.5,/Medicinas/Aparato Cardiovascular/|/Medicinas/,https://www.farmaciascruzazul.ec/losartan-50mg-labovida-tableta-recubierta/p
Losartan,cruzazul,Losartan 100mg labovida tableta recubierta,Losartan,19.5,19.5,/Medicinas/Aparato Cardiovascular/|/Medicinas/,https://www.farmaciascruzazul.ec/losartan-100mg-labovida-tableta-recubierta/p
Losartan,cruzazul,Losartán 50 Mg x 30 Tabletas,Losartan,10.8,10.8,/Medicinas/Aparato Cardiovascular/|/Medicinas/,https://www.farmaciascruzazul.ec/losartan-50mg-la-sante-tableta/p
Losartan,cruzazul,Losartan 50mg leterago - genfar comprimidos,Losartan,6.9,6.9,/Medicinas/Aparato Cardiovascular/|/Medicinas/,https://www.farmaciascruzazul.ec/losartan-50mg-leterago-genfar-comprimidos/p
Losartan,cruzazul,Losartan Potásico Tabletas x30 - 100Mg,Losartan,21.0,21.0,/Medicinas/Aparato Cardiovascular/|/Medicinas/,https://www.farmaciascruzazul.ec/losartan-potasi-t-recx100mgx30-lste/p
Losartan,cruzazul,Losartán 100 MG Tabletas Recubiertas x20,Losartan,14.0,14.0,/Medicinas/Aparato Cardiovascular/|/Medicinas/,https://www.farmaciascruzazul.ec/losartan-100mg-dyvenpro-ecuagen-tableta-recubierta/p
Losartan,cruzazul,Losartan 50mg dyvenpro ecuagen tableta recubierta,Losartan,6.6,6.6,/Medicinas/Aparato Cardiovascular/|/Medicinas/,https://www.farmaciascruzazul.ec/losartan-50mg-dyvenpro-ecuagen-tableta-recubierta/p
Losartan,cruzazul,Losartán 50 mg Tabletas Recubiertas x30,Losartan,5.4,5.4,/Medicinas/Aparato Cardiovascular/|/Medicinas/,https://www.farmaciascruzazul.ec/losartan-50mg-la-sante-tabletas-recubiertas/p
Losartan,cruzazul,Losartan 50mg tecnoquimicas - genericos tabletas recubiertas,Losartan,8.48,8.48,/Medicinas/Musculoesqueléticos/|/Medicinas/,https://www.farmaciascruzazul.ec/losartan-50mg-tecnoquimicas-genericos-tabletas-recubiertas/p
Losartan,cruzazul,Losartan 100mg caplin point - generico tableta,Losartan,82.0,82.0,/Medicinas/Aparato Cardiovascular/|/Medicinas/,https://www.farmaciascruzazul.ec/losartan-100mg-caplin-point-generico-tableta/p
Losartan/Hidroclorotiazida,medicity,Convertal D Comprimido Recubierto Caja Con 10 Unidades,CONVERTAL,0.84,0.97,/Medicina/Sistema Cardiovascular/|/Medicina/,https://www.farmaciasmedicity.com/convertal-d-comprimido-recubierto-caja-con-10-unidades/p
Losartan/Hidroclorotiazida,medicity,Hyzaar Comprimidos Recubiertos 30 Unidades,HYZAAR,1.02,1.11,/Medicina/Sistema Cardiovascular/|/Medicina/,https://www.farmaciasmedicity.com/hyzaar-comprimidos-recubiertos-30-unidades/p
Losartan/Hidroclorotiazida,medicity,Angioretic Comprimido Recubierto 50/12.5 mg Con 20 Unidades,ANGIORETIC,0.59,0.64,/Medicina/Sistema Cardiovascular/|/Medicina/,https://www.farmaciasmedicity.com/angioretic-comprimido-recubierto-50125-mg-con-20-unidades/p
Losartan/Hidroclorotiazida,medicity,Angioretic Forte Comprimido Recubierto 100/25 mg Con 20 Unidades,ANGIORETIC,0.97,1.05,/Medicina/Sistema Cardiovascular/|/Medicina/,https://www.farmaciasmedicity.com/angioretic-forte-comprimido-recubierto-10025-mg-con-20-unidades/p
Valsartan,pharmacys,Valaxam 160/10mg ecuaquimica - saval comprimido recubierto,Valaxam,30.0,30.0,/Medicinas/Genitourinario y Hormonas Sexuales/|/Medicinas/,https://www.pharmacys.com.ec/valaxam-160-10mg-ecuaquimica-saval-comprimido-recubierto/p
Valsartan,pharmacys,Valaxam 160/5mg ecuaquimica - saval comprimido recubierto,Valaxam,30.0,30.0,/Medicinas/Musculoesqueléticos/|/Medicinas/,https://www.pharmacys.com.ec/valaxam-160-5mg-ecuaquimica-saval-comprimido-recubierto/p
Valsartan,pharmacys,Valaxam 160/5/12.5mg ecuaquimica - saval comprimido recubierto,Valaxam,30.0,30.0,/Medicinas/Aparato Cardiovascular/|/Medicinas/,https://www.pharmacys.com.ec/valaxam-160-5-125mg-ecuaquimica-saval-comprimido-recubierto/p
Valsartan,pharmacys,Terovan 26/24mg quifatex dist medicamenta terovan – inhibidor de neprilisina + ara ii,Terovan,54.0,54.0,/Medicinas/Aparato Cardiovascular/|/Medicinas/,https://www.pharmacys.com.ec/terovan-26-24mg-quifatex-dist-medicamenta-terovan-inhibidor-/p
Valsartan,pharmacys,Terovan 51/49mg quifatex dist medicamenta terovan – inhibidor de neprilisina + ara ii,Terovan,108.0,108.0,/Medicinas/Aparato Cardiovascular/|/Medicinas/,https://www.pharmacys.com.ec/terovan-51-49mg-quifatex-dist-medicamenta-terovan-inhibidor-/p
Valsartan,pharmacys,Terovan 200 Comprimidos REC 97/103MGx 60,Terovan,108.0,108.0,/Medicinas/Aparato Cardiovascular/|/Medicinas/,https://www.pharmacys.com.ec/terovan-103-97mg-quifatex-dist-medicamenta-terovan-inhibidor/p
Valsartan,medicity,Valaxam-D Comprimidos Recubiertos 160mg+12.5mg+5mg Caja 30 Unidades,VALAXAM-D,0.92,1.0,/Medicina/Sistema Cardiovascular/|/Medicina/,https://www.farmaciasmedicity.com/valaxam-d-comprimidos-recubiertos-160mg-12-5mg-5mg-caja-30-unidades-1/p
Valsartan,medicity,Entresto Comprimidos Recubiertas 50 mg Caja 30 Unidades,ENTRESTO,1.49,1.8,/Medicina/Sistema Cardiovascular/|/Medicina/,https://www.farmaciasmedicity.com/entresto-comprimidos-recubiertas-50-mg-caja-30-unidades-1/p
Valsartan,medicity,Terovan Comprimido Recubierto 24mg/26mg Caja 30 Unidades,TEROVAN,37.8,54.0,/Medicina/Sistema Cardiovascular/|/Medicina/,https://www.farmaciasmedicity.com/terovan-comprimido-recubierto-24mg-26mg-caja-30-unidades-1/p
Valsartan,medicity,Exforge Comprimidos Recubiertos 28 Unidades,EXFORGE,1.14,1.43,/Medicina/Sistema Cardiovascular/|/Medicina/,https://www.farmaciasmedicity.com/exforge-comprimidos-recubiertos-28-unidades/p
Valsartan,medicity,Terovan Comprimido Recubierto 49mg/51mg Caja 60 Unidades,TEROVAN,75.6,108.0,/Medicina/Sistema Cardiovascular/|/Medicina/,https://www.farmaciasmedicity.com/terovan-comprimido-recubierto-49mg-51mg-caja-60-unidades-1/p
Valsartan,medicity,Diapresan Comprimidos Recubiertos 160 mg Caja Con 30 Unidades,DIAPRESAN,1.08,1.17,/Medicina/Sistema Cardiovascular/|/Medicina/,https://www.farmaciasmedicity.com/diapresan-comprimidos-recubiertos-160-mg-caja-con-30-unidades/p
Valsartan,medicity,Diovan Comprimido Recubierto Caja Con 28 Unidades,DIOVAN,0.94,1.17,/Medicina/Sistema Cardiovascular/|/Medicina/,https://www.farmaciasmedicity.com/diovan-comprimido-recubierto-caja-con-28-unidades/p
Valsartan,medicity,Simultan Comprimido Recubierto 160 Mg Caja 30 Unidades,SIMULTAN,0.72,0.78,/Medicina/Sistema Cardiovascular/|/Medicina/,https://www.farmaciasmedicity.com/simultan-comprimido-recubierto-160-mg-caja-30-unidades/p
Valsartan,medicity,Entresto Comprimidos Recubiertas 100 mg Caja 60 Unidades,ENTRESTO,1.66,1.8,/Medicina/Sistema Cardiovascular/|/Medicina/,https://www.farmaciasmedicity.com/entresto-comprimidos-recubiertas-100-mg-caja-60-unidades-1/p
Valsartan,medicity,Diapresan D Comprimidos Recubiertos 80/12.5 mg Caja Con 30 Unidades,DIAPRESAN,0.97,1.05,/Medicina/Sistema Cardiovascular/|/Medicina/,https://www.farmaciasmedicity.com/diapresan-d-comprimidos-recubiertos-80125-mg-caja-con-30-unidades/p
Valsartan,cruzazul,Valaxam 160/10mg ecuaquimica - saval comprimido recubierto,Valaxam,30.0,30.0,/Medicinas/Genitourinario y Hormonas Sexuales/|/Medicinas/,https://www.farmaciascruzazul.ec/valaxam-160-10mg-ecuaquimica-saval-comprimido-recubierto/p
Valsartan,cruzazul,Valaxam 160/5mg ecuaquimica - saval comprimido recubierto,Valaxam,30.0,30.0,/Medicinas/Musculoesqueléticos/|/Medicinas/,https://www.farmaciascruzazul.ec/valaxam-160-5mg-ecuaquimica-saval-comprimido-recubierto/p
Valsartan,cruzazul,Valaxam 160/5/12.5mg ecuaquimica - saval comprimido recubierto,Valaxam,30.0,30.0,/Medicinas/Aparato Cardiovascular/|/Medicinas/,https://www.farmaciascruzazul.ec/valaxam-160-5-125mg-ecuaquimica-saval-comprimido-recubierto/p
Valsartan,cruzazul,Terovan 26/24mg quifatex dist medicamenta terovan – inhibidor de neprilisina + ara ii,Terovan,54.0,54.0,/Medicinas/Aparato Cardiovascular/|/Medicinas/,https://www.farmaciascruzazul.ec/terovan-26-24mg-quifatex-dist-medicamenta-terovan-inhibidor-/p
Valsartan,cruzazul,Terovan 51/49mg quifatex dist medicamenta terovan – inhibidor de neprilisina + ara ii,Terovan,108.0,108.0,/Medicinas/Aparato Cardiovascular/|/Medicinas/,https://www.farmaciascruzazul.ec/terovan-51-49mg-quifatex-dist-medicamenta-terovan-inhibidor-/p
Valsartan,cruzazul,Terovan 200 Comprimidos REC 97/103MGx 60,Terovan,108.0,108.0,/Medicinas/Aparato Cardiovascular/|/Medicinas/,https://www.farmaciascruzazul.ec/terovan-103-97mg-quifatex-dist-medicamenta-terovan-inhibidor/p
Valsartan/Hidroclorotiazida,pharmacys,Valaxam 160/5/12.5mg ecuaquimica - saval comprimido recubierto,Valaxam,30.0,30.0,/Medicinas/Aparato Cardiovascular/|/Medicinas/,https://www.pharmacys.com.ec/valaxam-160-5-125mg-ecuaquimica-saval-comprimido-recubierto/p
Valsartan/Hidroclorotiazida,medicity,Valaxam-D Comprimidos Recubiertos 160mg+12.5mg+5mg Caja 30 Unidades,VALAXAM-D,0.92,1.0,/Medicina/Sistema Cardiovascular/|/Medicina/,https://www.farmaciasmedicity.com/valaxam-d-comprimidos-recubiertos-160mg-12-5mg-5mg-caja-30-unidades-1/p
Valsartan/Hidroclorotiazida,medicity,Diapresan D Comprimidos Recubiertos 80/12.5 mg Caja Con 30 Unidades,DIAPRESAN,0.97,1.05,/Medicina/Sistema Cardiovascular/|/Medicina/,https://www.farmaciasmedicity.com/diapresan-d-comprimidos-recubiertos-80125-mg-caja-con-30-unidades/p
Valsartan/Hidroclorotiazida,medicity,Exforge Hct Comprimidos Recubiertos Caja Con 28 Unidades,EXFORGE,1.26,1.52,/Medicina/Sistema Cardiovascular/|/Medicina/,https://www.farmaciasmedicity.com/exforge-hct-comprimidos-recubiertos-caja-con-28-unidades/p
Valsartan/Hidroclorotiazida,medicity,Diovan Hct Comprimidos Recubiertos Caja 28 Unidades,DIOVAN,1.03,1.18,/Medicina/Sistema Cardiovascular/|/Medicina/,https://www.farmaciasmedicity.com/diovan-hct-comprimidos-recubiertos-caja-con-28-unidades/p
Valsartan/Hidroclorotiazida,cruzazul,Valaxam 160/5/12.5mg ecuaquimica - saval comprimido recubierto,Valaxam,30.0,30.0,/Medicinas/Aparato Cardiovascular/|/Medicinas/,https://www.farmaciascruzazul.ec/valaxam-160-5-125mg-ecuaquimica-saval-comprimido-recubierto/p
Telmisartan,medicity,Micardis Plus Comprimidos 80/12.5 mg Caja 28 Unidades,MICARDIS,1.16,1.16,/Medicina/Sistema Cardiovascular/|/Medicina/,https://www.farmaciasmedicity.com/micardis-plus-comprimidos-80-12-5-mg-caja-28-unidades-1/p
Telmisartan,medicity,Micardis Amlo Comprimidos 80/10mg Caja 28 Unidades,MICARDIS,1.43,1.43,/Medicina/Sistema Cardiovascular/|/Medicina/,https://www.farmaciasmedicity.com/micardis-amlo-comprimidos-80-10mg-caja-28-unidades-1/p
Telmisartan,medicity,Micardis Amlo Comprimidos 80/5 mg Caja Con 28 Unidades,MICARDIS,1.35,1.5,/Medicina/Sistema Cardiovascular/|/Medicina/,https://www.farmaciasmedicity.com/micardis-amlo-comprimidos-805-mg-caja-con-28-unidades/p
Telmisartan,medicity,Indivan Hct Tabletas 80/12.5mg Caja con 30 Unidades,INDIVAN,0.87,1.16,/Medicina/Sistema Cardiovascular/|/Medicina/,https://www.farmaciasmedicity.com/indivan-hct-tabletas-80-12-5mg-caja-con-30-unidades-1/p
Telmisartan,medicity,Micardis Plus Comprimidos 80/25 mg Caja Con 28 Unidades,MICARDIS,1.38,1.53,/Medicina/Sistema Cardiovascular/|/Medicina/,https://www.farmaciasmedicity.com/micardis-plus-comprimidos-8025-mg-caja-con-28-unidades/p
Telmisartan/Hidroclorotiazida,medicity,Micardis Plus Comprimidos 80/12.5 mg Caja 28 Unidades,MICARDIS,1.04,1.16,/Medicina/Sistema Cardiovascular/|/Medicina/,https://www.farmaciasmedicity.com/micardis-plus-comprimidos-80-12-5-mg-caja-28-unidades-1/p
Telmisartan/Hidroclorotiazida,medicity,Indivan Hct Tabletas 80/12.5mg Caja con 30 Unidades,INDIVAN,1.07,1.16,/Medicina/Sistema Cardiovascular/|/Medicina/,https://www.farmaciasmedicity.com/indivan-hct-tabletas-80-12-5mg-caja-con-30-unidades-1/p
Telmisartan/Hidroclorotiazida,medicity,Micardis Plus Comprimidos 80/25 mg Caja Con 28 Unidades,MICARDIS,1.38,1.53,/Medicina/Sistema Cardiovascular/|/Medicina/,https://www.farmaciasmedicity.com/micardis-plus-comprimidos-8025-mg-caja-con-28-unidades/p
Irbesartan,pharmacys,Irbesartan 150mg la sante tableta,Irbesartan,6.3,6.3,/Medicinas/Aparato Cardiovascular/|/Medicinas/,https://www.pharmacys.com.ec/irbesartan-150mg-la-sante-tableta/p
Irbesartan,pharmacys,Irbesartan 150mg la sante comprimidos,Irbesartan,12.6,12.6,/Medicinas/Aparato Cardiovascular/|/Medicinas/,https://www.pharmacys.com.ec/irbesartan-150mg-la-sante-comprimidos/p
Irbesartan,pharmacys,Irbesartan 300mg la sante comprimidos,Irbesartan,17.76,22.2,/Medicinas/Aparato Cardiovascular/|/Medicinas/,https://www.pharmacys.com.ec/irbesartan-300mg-la-sante-comprimidos/p
Irbesartan,pharmacys,Irbesartan 300mg la sante tableta,Irbesartan,11.1,11.1,/Medicinas/Aparato Cardiovascular/|/Medicinas/,https://www.pharmacys.com.ec/irbesartan-300mg-la-sante-tableta/p
Irbesartan,pharmacys,Irbesartan 300mg tecnoquimicas - genericos tabletas,Irbesartan,5.7,5.7,/Medicinas/Aparato Cardiovascular/|/Medicinas/,https://www.pharmacys.com.ec/irbesartan-300mg-tecnoquimicas-genericos-tabletas/p
Irbesartan,pharmacys,Irbesartan 150mg caplin point - generico comprimidos,Irbesartan,21.0,21.0,/Medicinas/Aparato Cardiovascular/|/Medicinas/,https://www.pharmacys.com.ec/irbesartan-150mg-caplin-point-generico-comprimidos/p
Irbesartan,pharmacys,Coacepress 150/12.5mg eurofarma marcas tableta,Coacepress,13.3,13.3,/Medicinas/Aparato Cardiovascular/|/Medicinas/,https://www.pharmacys.com.ec/coacepress-150-125mg-eurofarma-marcas-tableta/p
Irbesartan,pharmacys,Coacepress 300/12.5mg eurofarma marcas tableta,Coacepress,16.8,16.8,/Medicinas/Aparato Cardiovascular/|/Medicinas/,https://www.pharmacys.com.ec/coacepress-300-125mg-eurofarma-marcas-tableta/p
Irbesartan,medicity,Santé Irbesartan Tabletas 300 mg Caja 30 Unidades,LA SANTE,0.34,0.37,/Medicina/Sistema Cardiovascular/|/Medicina/,https://www.farmaciasmedicity.com/irbesartan-sante-tabletas-caja-con-30-unidades/p
Irbesartan,medicity,Irbett Comprimidos 300mg Caja 30 Unidades,IRBETT,0.76,0.87,/Medicina/Sistema Cardiovascular/|/Medicina/,https://www.farmaciasmedicity.com/irbett-comprimidos-300mg-caja-30-unidades-1/p
Irbesartan,medicity,Irbetiazid Comprimidos 150mg+12.5mg Caja 30 Unidades,IRBETIAZID,0.83,1.0,/Medicina/Sistema Cardiovascular/|/Medicina/,https://www.farmaciasmedicity.com/irbetiazid-comprimidos-150mg-12-5mg-caja-30-unidades-1/p
Irbesartan,medicity,Irbetan Tabletas 300 mg Caja 30 Unidades,IRBETAN,0.8,0.87,/Medicina/Sistema Cardiovascular/|/Medicina/,https://www.farmaciasmedicity.com/irbetan-tabletas-300-mg-caja-30-unidades-1/p
Irbesartan,medicity,Irbett Comprimido 150 mg Caja 30 Unidades,IRBETT,0.64,0.7,/Medicina/Sistema Cardiovascular/|/Medicina/,https://www.farmaciasmedicity.com/irbett-comprimido-150-mg-caja-30-unidades-1/p
Irbesartan,medicity,Aprovasc Comprimidos Recubiertos 300/10 mg Caja 28 Unidades,APROVASC,1.43,1.43,/Medicina/Sistema Cardiovascular/|/Medicina/,https://www.farmaciasmedicity.com/aprovasc-comprimidos-recubiertos-caja-con-28-unidades/p
Irbesartan,medicity,Besarzid Tabletas 300/12.5 mg Caja Con 30 Unidades,BESARZID,1.18,1.28,/Medicina/Sistema Cardiovascular/|/Medicina/,https://www.farmaciasmedicity.com/besarzid-tabletas-300125-mg-caja-con-30-unidades/p
Irbesartan,cruzazul,Irbesartan 150mg la sante tableta,Irbesartan,6.3,6.3,/Medicinas/Aparato Cardiovascular/|/Medicinas/,https://www.farmaciascruzazul.ec/irbesartan-150mg-la-sante-tableta/p
Irbesartan,cruzazul,Irbesartan 150mg la sante comprimidos,Irbesartan,12.6,12.6,/Medicinas/Aparato Cardiovascular/|/Medicinas/,https://www.farmaciascruzazul.ec/irbesartan-150mg-la-sante-comprimidos/p
Irbesartan,cruzazul,Irbesartan 300mg la sante comprimidos,Irbesartan,22.2,22.2,/Medicinas/Aparato Cardiovascular/|/Medicinas/,https://www.farmaciascruzazul.ec/irbesartan-300mg-la-sante-comprimidos/p
Irbesartan,cruzazul,Irbesartan 300mg la sante tableta,Irbesartan,11.1,11.1,/Medicinas/Aparato Cardiovascular/|/Medicinas/,https://www.farmaciascruzazul.ec/irbesartan-300mg-la-sante-tableta/p
Irbesartan,cruzazul,Irbesartan 300mg tecnoquimicas - genericos tabletas,Irbesartan,5.7,5.7,/Medicinas/Aparato Cardiovascular/|/Medicinas/,https://www.farmaciascruzazul.ec/irbesartan-300mg-tecnoquimicas-genericos-tabletas/p
Irbesartan,cruzazul,Irbesartan 150mg caplin point - generico comprimidos,Irbesartan,21.0,21.0,/Medicinas/Aparato Cardiovascular/|/Medicinas/,https://www.farmaciascruzazul.ec/irbesartan-150mg-caplin-point-generico-comprimidos/p
Irbesartan,cruzazul,Coacepress 150/12.5mg eurofarma marcas tableta,Coacepress,13.3,13.3,/Medicinas/Aparato Cardiovascular/|/Medicinas/,https://www.farmaciascruzazul.ec/coacepress-150-125mg-eurofarma-marcas-tableta/p
Irbesartan,cruzazul,Coacepress 300/12.5mg eurofarma marcas tableta,Coacepress,16.8,16.8,/Medicinas/Aparato Cardiovascular/|/Medicinas/,https://www.farmaciascruzazul.ec/coacepress-300-125mg-eurofarma-marcas-tableta/p
Olmesartan,pharmacys,Olmesartan 20mg leterago - genfar,Olmesartan,27.36,27.36,/Cuidado Personal/Protectores Solares/Protector Labial/|/Cuidado Personal/Protectores Solares/|/Cuidado Personal/,https://www.pharmacys.com.ec/olmesartan-20mg-leterago-genfar/p
Olmesartan,pharmacys,Iltuxam 40/5/25mg quifatex dist medicamenta iltuxam – antihipertensivo triple combinación,Iltuxam,43.68,43.68,/Medicinas/Aparato Cardiovascular/|/Medicinas/,https://www.pharmacys.com.ec/iltuxam-40-5-25mg-quifatex-dist-medicamenta-iltuxam-antihipe/p
Olmesartan,pharmacys,Iltuxam 40/10/25mg quifatex dist medicamenta iltuxam – antihipertensivo triple combinación,Iltuxam,48.44,48.44,/Medicinas/Aparato Cardiovascular/|/Medicinas/,https://www.pharmacys.com.ec/iltuxam-40-10-25mg-quifatex-dist-medicamenta-iltuxam-antihip/p
Olmesartan,pharmacys,Iltuxam 20/5/12.5mg quifatex dist medicamenta iltuxam – antihipertensivo triple combinación,Iltuxam,42.56,42.56,/Medicinas/Aparato Cardiovascular/|/Medicinas/,https://www.pharmacys.com.ec/iltuxam-20-5-125mg-quifatex-dist-medicamenta-iltuxam-antihip/p
Olmesartan,pharmacys,Iltuxam 40/5/12.5mg quifatex dist medicamenta iltuxam – antihipertensivo triple combinación,Iltuxam,42.56,42.56,/Medicinas/Aparato Cardiovascular/|/Medicinas/,https://www.pharmacys.com.ec/iltuxam-40-5-125mg-quifatex-dist-medicamenta-iltuxam-antihip/p
Olmesartan,medicity,Iltux Hct Comprimidos Recubiertos Caja Con 28 Unidades,ILTUX,0.97,1.05,/Medicina/Sistema Cardiovascular/|/Medicina/,https://www.farmaciasmedicity.com/iltux-hct-comprimidos-recubiertos-caja-con-28-unidades/p
Olmesartan,medicity,Iltuxam Comprimidos Recubiertos 40/5 mg Caja 28 Unidades,ILTUXAM,1.24,1.5,/Medicina/Sistema Cardiovascular/|/Medicina/,https://www.farmaciasmedicity.com/iltuxam-comprimidos-recubiertos-caja-con-28-unidades/p
Olmesartan,medicity,Iltuxam Comprimido Recubierto 40/10/25mg Caja 28 Unidades,ILTUXAM,36.33,48.44,/Medicina/Sistema Cardiovascular/|/Medicina/,https://www.farmaciasmedicity.com/iltuxam-comprimido-recubierto-40-10-25mg-caja-28-unidades-1/p
Olmesartan,medicity,Iltux Comprimidos Recubiertos Caja Con 28 Unidades,ILTUX,0.88,0.96,/Medicina/Sistema Cardiovascular/|/Medicina/,https://www.farmaciasmedicity.com/iltux-comprimidos-recubiertos-caja-con-28-unidades/p
Olmesartan,medicity,Iltuxam Comprimido Recubierto 40/5/25mg Caja 28 Unidades,ILTUXAM,32.76,43.68,/Medicina/Sistema Cardiovascular/|/Medicina/,https://www.farmaciasmedicity.com/iltuxam-comprimido-recubierto-40-5-25mg-caja-28-unidades-1/p
Olmesartan,medicity,Iltuxam Comprimidos Recubiertos 20/5 mg Caja Con 28 Unidades,ILTUXAM,1.15,1.25,/Medicina/Sistema Cardiovascular/|/Medicina/,https://www.farmaciasmedicity.com/iltuxam-comprimidos-recubiertos-205-mg-caja-con-28-unidades/p
Olmesartan,medicity,Iltuxam Comprimido Recubierto 20/5/12.5mg Caja 28 Unidades,ILTUXAM,34.05,42.56,/Medicina/Sistema Cardiovascular/|/Medicina/,https://www.farmaciasmedicity.com/iltuxam-comprimido-recubierto-20-5-12-5mg-caja-28-unidades-1/p
Olmesartan,medicity,Iltuxam Comprimido Recubierto 40/5/12.5mg Caja 28 Unidades,ILTUXAM,31.92,42.56,/Medicina/Sistema Cardiovascular/|/Medicina/,https://www.farmaciasmedicity.com/iltuxam-comprimido-recubierto-40-5-12-5mg-caja-28-unidades-1/p
Olmesartan,cruzazul,Olmesartan 20mg leterago - genfar,Olmesartan,27.36,27.36,/Cuidado Personal/Protectores Solares/Protector Labial/|/Cuidado Personal/Protectores Solares/|/Cuidado Personal/,https://www.farmaciascruzazul.ec/olmesartan-20mg-leterago-genfar/p
Olmesartan,cruzazul,Iltuxam 40/5/25mg quifatex dist medicamenta iltuxam – antihipertensivo triple combinación,Iltuxam,43.68,43.68,/Medicinas/Aparato Cardiovascular/|/Medicinas/,https://www.farmaciascruzazul.ec/iltuxam-40-5-25mg-quifatex-dist-medicamenta-iltuxam-antihipe/p
Olmesartan,cruzazul,Iltuxam 40/10/25mg quifatex dist medicamenta iltuxam – antihipertensivo triple combinación,Iltuxam,48.44,48.44,/Medicinas/Aparato Cardiovascular/|/Medicinas/,https://www.farmaciascruzazul.ec/iltuxam-40-10-25mg-quifatex-dist-medicamenta-iltuxam-antihip/p
Olmesartan,cruzazul,Iltuxam 20/5/12.5mg quifatex dist medicamenta iltuxam – antihipertensivo triple combinación,Iltuxam,42.56,42.56,/Medicinas/Aparato Cardiovascular/|/Medicinas/,https://www.farmaciascruzazul.ec/iltuxam-20-5-125mg-quifatex-dist-medicamenta-iltuxam-antihip/p
Olmesartan,cruzazul,Iltuxam 40/5/12.5mg quifatex dist medicamenta iltuxam – antihipertensivo triple combinación,Iltuxam,42.56,42.56,/Medicinas/Aparato Cardiovascular/|/Medicinas/,https://www.farmaciascruzazul.ec/iltuxam-40-5-125mg-quifatex-dist-medicamenta-iltuxam-antihip/p
Candesartan,pharmacys,Blox 8mg ecuaquimica - saval comprimidos,Blox,22.6,22.6,/Medicinas/Aparato Cardiovascular/|/Medicinas/,https://www.pharmacys.com.ec/blox-8mg-ecuaquimica-saval-comprimidos/p
Candesartan,pharmacys,Blox 16/12.5mg ecuaquimica - saval comprimidos,Blox,26.4,26.4,/Medicinas/Aparato Cardiovascular/|/Medicinas/,https://www.pharmacys.com.ec/blox-16-125mg-ecuaquimica-saval-comprimidos/p
Candesartan,pharmacys,Blox 8/12.5mg ecuaquimica - saval comprimidos,Blox,20.4,20.4,/Medicinas/Aparato Cardiovascular/|/Medicinas/,https://www.pharmacys.com.ec/blox-8-125mg-ecuaquimica-saval-comprimidos/p
Candesartan,pharmacys,Blox 32 mg Comprimidos Caja x 30,Blox,28.0,28.0,/Medicinas/Aparato Cardiovascular/|/Medicinas/,https://www.pharmacys.com.ec/blox-32mg-ecuaquimica-saval-comprimidos/p
Candesartan,medicity,Minart Am Comprimidos 16mg+5mg Caja 14 Unidades,MINART,0.96,1.2,/Medicina/Sistema Cardiovascular/|/Medicina/,https://www.farmaciasmedicity.com/minart-am-comprimidos-16mg-5mg-caja-14-unidades-1/p
Candesartan,medicity,Blopress Comprimido 16 mg Caja 30 Unidades,BLOPRESS,0.77,0.85,/Medicina/Sistema Cardiovascular/|/Medicina/,https://www.farmaciasmedicity.com/blopress-comprimido-16-mg-caja-30-unidades/p
Candesartan,medicity,Blox Comprimido 8 mg Caja 30 Unidades,BLOX,0.6,0.75,/Medicina/Sistema Cardiovascular/|/Medicina/,https://www.farmaciasmedicity.com/blox-comprimido-8-mg-caja-30-unidades-1/p
Candesartan,medicity,Blox-D Comprimido 8/12.5 mg Caja Con 30 Unidades,BLOX,0.54,0.68,/Medicina/Sistema Cardiovascular/|/Medicina/,https://www.farmaciasmedicity.com/blox-d-comprimido-8125-mg-caja-con-30-unidades/p
Candesartan,medicity,Blopress Comprimido 8 mg Caja 30 Unidades,BLOPRESS,0.7,0.81,/Medicina/Sistema Cardiovascular/|/Medicina/,https://www.farmaciasmedicity.com/blopress-comprimido-caja-con-30-unidades/p
Candesartan,cruzazul,Blox 8mg ecuaquimica - saval comprimidos,Blox,22.6,22.6,/Medicinas/Aparato Cardiovascular/|/Medicinas/,https://www.farmaciascruzazul.ec/blox-8mg-ecuaquimica-saval-comprimidos/p
Candesartan,cruzazul,Blox 16/12.5mg ecuaquimica - saval comprimidos,Blox,26.4,26.4,/Medicinas/Aparato Cardiovascular/|/Medicinas/,https://www.farmaciascruzazul.ec/blox-16-125mg-ecuaquimica-saval-comprimidos/p
Candesartan,cruzazul,Blox 8/12.5mg ecuaquimica - saval comprimidos,Blox,20.4,20.4,/Medicinas/Aparato Cardiovascular/|/Medicinas/,https://www.farmaciascruzazul.ec/blox-8-125mg-ecuaquimica-saval-comprimidos/p
Candesartan,cruzazul,Blox 32 mg Comprimidos Caja x 30,Blox,28.0,28.0,/Medicinas/Aparato Cardiovascular/|/Medicinas/,https://www.farmaciascruzazul.ec/blox-32mg-ecuaquimica-saval-comprimidos/p
Amlodipino,pharmacys,Amlodipino tabx10mgx10 ngen,Amlodipino,2.3,2.3,/Vitaminas y Suplementos/Vitaminas/Vitamina C/|/Vitaminas y Suplementos/Vitaminas/|/Vitaminas y Suplementos/,https://www.pharmacys.com.ec/amlodipino-10mg-portugal-generico-tableta/p
Amlodipino,pharmacys,Amlodipino tabx10mgx10 lste,Amlodipino,2.58,2.58,/Medicinas/Aparato Cardiovascular/|/Medicinas/,https://www.pharmacys.com.ec/amlodipino-tabx10mgx10-lste/p
Amlodipino,pharmacys,Amlodipino 10mg dyvenpro ecuagen tableta,Amlodipino,3.1,3.1,/Medicinas/Aparato Cardiovascular/|/Medicinas/,https://www.pharmacys.com.ec/amlodipino-10mg-dyvenpro-ecuagen-tableta/p
Amlodipino,pharmacys,Amlodipino 5 mg Tabletas x10,Amlodipino,3.2,3.2,/Medicinas/Aparato Cardiovascular/|/Medicinas/,https://www.pharmacys.com.ec/amlodipino-5mg-la-sante-tableta/p
Amlodipino,pharmacys,Amlodipino 5mg ecuaquimica - mintlab comprimidos,Amlodipino,5.46,5.46,/Cuidado Personal/Cuidado Oral/Cepillos Dentales/|/Cuidado Personal/Cuidado Oral/|/Cuidado Personal/,https://www.pharmacys.com.ec/amlodipino-5mg-ecuaquimica-mintlab-comprimidos/p
Amlodipino,pharmacys,Amlodipino 5 mg Tabletas Caja x10,Amlodipino,3.5,3.5,/Medicinas/Aparato Cardiovascular/|/Medicinas/,https://www.pharmacys.com.ec/amlodipino-5mg-dyvenpro-ecuagen-tableta/p
Amlodipino,pharmacys,Amlodipino tabx10mg combo 2+1 lste,Amlodipino,5.14,5.14,/Medicinas/Aparato Cardiovascular/|/Medicinas/,https://www.pharmacys.com.ec/amlodipino-tabx10mg-combo-2-1-lste/p
Amlodipino,pharmacys,Amlodipino 10mg leterago - genfar tableta,Amlodipino,3.1,3.1,/Medicinas/Aparato Cardiovascular/|/Medicinas/,https://www.pharmacys.com.ec/amlodipino-10mg-leterago-genfar-tableta/p
Amlodipino,pharmacys,Amlodipino 5mg leterago - genfar tableta,Amlodipino,3.6,3.6,/Medicinas/Aparato Cardiovascular/|/Medicinas/,https://www.pharmacys.com.ec/amlodipino-5mg-leterago-genfar-tableta/p
Amlodipino,pharmacys,Amlodipino 10mg portugal - generico tableta,Amlodipino,18.4,23.0,/Vitaminas y Suplementos/Vitaminas/Vitamina C/|/Vitaminas y Suplementos/Vitaminas/|/Vitaminas y Suplementos/,https://www.pharmacys.com.ec/amlodipino-10mg-portugal-generico-tableta-7000-106480/p
Amlodipino,medicity,Amlodipino Genfar Tabletas Caja Con 10 Unidades,GENFAR,0.23,0.31,/Medicina/Sistema Cardiovascular/|/Medicina/,https://www.farmaciasmedicity.com/amlodipino-genfar-tabletas-caja-con-10-unidades/p
Amlodipino,medicity,Amlodipino Mk Tabletas 5mg Caja 30 Unidades,MK,0.33,0.36,/Medicina/Sistema Cardiovascular/|/Medicina/,https://www.farmaciasmedicity.com/amlodipino-mk-tabletas-5mg-caja-30-unidades-1/p
Amlodipino,medicity,Amlodipino Mk Tableta 10 mg Caja 30 Unidades,MK,0.29,0.31,/Medicina/Sistema Cardiovascular/|/Medicina/,https://www.farmaciasmedicity.com/amlodipino-mk-tableta-10-mg-caja-30-unidades-1/p
Amlodipino,medicity,Micardis Amlo Comprimidos 80/10mg Caja 28 Unidades,MICARDIS,1.43,1.43,/Medicina/Sistema Cardiovascular/|/Medicina/,https://www.farmaciasmedicity.com/micardis-amlo-comprimidos-80-10mg-caja-28-unidades-1/p
Amlodipino,medicity,Norvasc Comprimidos 5mg Caja 30 Unidades,NORVASC,0.33,0.36,/Medicina/Sistema Cardiovascular/|/Medicina/,https://www.farmaciasmedicity.com/norvasc-comprimidos-5mg-caja-30-unidades-1/p
Amlodipino,medicity,Micardis Amlo Comprimidos 80/5 mg Caja Con 28 Unidades,MICARDIS,1.35,1.5,/Medicina/Sistema Cardiovascular/|/Medicina/,https://www.farmaciasmedicity.com/micardis-amlo-comprimidos-805-mg-caja-con-28-unidades/p
Amlodipino,medicity,Convertal Plus Comprimidos 100mg/10mg Caja 30 Unidades,CONVERTAL,1.16,1.26,/Medicina/Sistema Cardiovascular/|/Medicina/,https://www.farmaciasmedicity.com/convertal-plus-comprimidos-100mg-10mg-caja-30-unidades-1/p
Amlodipino,medicity,Minart Am Comprimidos 16mg+5mg Caja 14 Unidades,MINART,0.96,1.2,/Medicina/Sistema Cardiovascular/|/Medicina/,https://www.farmaciasmedicity.com/minart-am-comprimidos-16mg-5mg-caja-14-unidades-1/p
Amlodipino,medicity,Valaxam-D Comprimidos Recubiertos 160mg+12.5mg+5mg Caja 30 Unidades,VALAXAM-D,0.92,1.0,/Medicina/Sistema Cardiovascular/|/Medicina/,https://www.farmaciasmedicity.com/valaxam-d-comprimidos-recubiertos-160mg-12-5mg-5mg-caja-30-unidades-1/p
Amlodipino,medicity,Exforge Comprimidos Recubiertos 28 Unidades,EXFORGE,1.14,1.43,/Medicina/Sistema Cardiovascular/|/Medicina/,https://www.farmaciasmedicity.com/exforge-comprimidos-recubiertos-28-unidades/p
Amlodipino,cruzazul,Amlodipino tabx10mgx10 ngen,Amlodipino,2.3,2.3,/Vitaminas y Suplementos/Vitaminas/Vitamina C/|/Vitaminas y Suplementos/Vitaminas/|/Vitaminas y Suplementos/,https://www.farmaciascruzazul.ec/amlodipino-10mg-portugal-generico-tableta/p
Amlodipino,cruzazul,Amlodipino tabx10mgx10 lste,Amlodipino,2.58,2.58,/Medicinas/Aparato Cardiovascular/|/Medicinas/,https://www.farmaciascruzazul.ec/amlodipino-tabx10mgx10-lste/p
Amlodipino,cruzazul,Amlodipino 10mg dyvenpro ecuagen tableta,Amlodipino,3.1,3.1,/Medicinas/Aparato Cardiovascular/|/Medicinas/,https://www.farmaciascruzazul.ec/amlodipino-10mg-dyvenpro-ecuagen-tableta/p
Amlodipino,cruzazul,Amlodipino 5 mg Tabletas x10,Amlodipino,3.2,3.2,/Medicinas/Aparato Cardiovascular/|/Medicinas/,https://www.farmaciascruzazul.ec/amlodipino-5mg-la-sante-tableta/p
Amlodipino,cruzazul,Amlodipino 10mg portugal - generico tableta,Amlodipino,18.4,23.0,/Vitaminas y Suplementos/Vitaminas/Vitamina C/|/Vitaminas y Suplementos/Vitaminas/|/Vitaminas y Suplementos/,https://www.farmaciascruzazul.ec/amlodipino-10mg-portugal-generico-tableta-7000-106480/p
Amlodipino,cruzazul,Amlodipino 5mg ecuaquimica - mintlab comprimidos,Amlodipino,5.46,5.46,/Cuidado Personal/Cuidado Oral/Cepillos Dentales/|/Cuidado Personal/Cuidado Oral/|/Cuidado Personal/,https://www.farmaciascruzazul.ec/amlodipino-5mg-ecuaquimica-mintlab-comprimidos/p
Amlodipino,cruzazul,Amlodipino 5 mg Tabletas Caja x10,Amlodipino,3.5,3.5,/Medicinas/Aparato Cardiovascular/|/Medicinas/,https://www.farmaciascruzazul.ec/amlodipino-5mg-dyvenpro-ecuagen-tableta/p
Amlodipino,cruzazul,Amlodipino tabx10mg combo 2+1 lste,Amlodipino,5.14,5.14,/Medicinas/Aparato Cardiovascular/|/Medicinas/,https://www.farmaciascruzazul.ec/amlodipino-tabx10mg-combo-2-1-lste/p
Amlodipino,cruzazul,Amlodipino 10mg leterago - genfar tableta,Amlodipino,3.1,3.1,/Medicinas/Aparato Cardiovascular/|/Medicinas/,https://www.farmaciascruzazul.ec/amlodipino-10mg-leterago-genfar-tableta/p
Amlodipino,cruzazul,Amlodipino 5mg leterago - genfar tableta,Amlodipino,3.6,3.6,/Medicinas/Aparato Cardiovascular/|/Medicinas/,https://www.farmaciascruzazul.ec/amlodipino-5mg-leterago-genfar-tableta/p
Losartan/Amlodipino,pharmacys,Aranda 2.5/50mg leterago - grupo farma cápsulas,Aranda,32.1,32.1,/Medicinas/Aparato Cardiovascular/|/Medicinas/,https://www.pharmacys.com.ec/aranda-25-50mg-leterago-grupo-farma-capsulas/p
Losartan/Amlodipino,pharmacys,Aranda 5/100mg leterago - grupo farma cápsulas,Aranda,43.59,43.59,/Medicinas/Aparato Cardiovascular/|/Medicinas/,https://www.pharmacys.com.ec/aranda-5-100mg-leterago-grupo-farma-capsulas/p
Losartan/Amlodipino,medicity,Convertal Plus Comprimidos 100mg/10mg Caja 30 Unidades,CONVERTAL,1.16,1.26,/Medicina/Sistema Cardiovascular/|/Medicina/,https://www.farmaciasmedicity.com/convertal-plus-comprimidos-100mg-10mg-caja-30-unidades-1/p
Losartan/Amlodipino,cruzazul,Aranda 2.5/50mg leterago - grupo farma cápsulas,Aranda,32.1,32.1,/Medicinas/Aparato Cardiovascular/|/Medicinas/,https://www.farmaciascruzazul.ec/aranda-25-50mg-leterago-grupo-farma-capsulas/p
Losartan/Amlodipino,cruzazul,Aranda 5/100mg leterago - grupo farma cápsulas,Aranda,43.59,43.59,/Medicinas/Aparato Cardiovascular/|/Medicinas/,https://www.farmaciascruzazul.ec/aranda-5-100mg-leterago-grupo-farma-capsulas/p
Amlodipino/Valsartan,pharmacys,Valaxam 160/10mg ecuaquimica - saval comprimido recubierto,Valaxam,30.0,30.0,/Medicinas/Genitourinario y Hormonas Sexuales/|/Medicinas/,https://www.pharmacys.com.ec/valaxam-160-10mg-ecuaquimica-saval-comprimido-recubierto/p
Amlodipino/Valsartan,pharmacys,Valaxam 160/5mg ecuaquimica - saval comprimido recubierto,Valaxam,30.0,30.0,/Medicinas/Musculoesqueléticos/|/Medicinas/,https://www.pharmacys.com.ec/valaxam-160-5mg-ecuaquimica-saval-comprimido-recubierto/p
Amlodipino/Valsartan,pharmacys,Valaxam 160/5/12.5mg ecuaquimica - saval comprimido recubierto,Valaxam,30.0,30.0,/Medicinas/Aparato Cardiovascular/|/Medicinas/,https://www.pharmacys.com.ec/valaxam-160-5-125mg-ecuaquimica-saval-comprimido-recubierto/p
Amlodipino/Valsartan,medicity,Exforge Comprimidos Recubiertos 28 Unidades,EXFORGE,1.14,1.43,/Medicina/Sistema Cardiovascular/|/Medicina/,https://www.farmaciasmedicity.com/exforge-comprimidos-recubiertos-28-unidades/p
Amlodipino/Valsartan,medicity,Valaxam-D Comprimidos Recubiertos 160mg+12.5mg+5mg Caja 30 Unidades,VALAXAM-D,0.92,1.0,/Medicina/Sistema Cardiovascular/|/Medicina/,https://www.farmaciasmedicity.com/valaxam-d-comprimidos-recubiertos-160mg-12-5mg-5mg-caja-30-unidades-1/p
Amlodipino/Valsartan,medicity,Exforge Hct Comprimidos Recubiertos Caja Con 28 Unidades,EXFORGE,1.26,1.52,/Medicina/Sistema Cardiovascular/|/Medicina/,https://www.farmaciasmedicity.com/exforge-hct-comprimidos-recubiertos-caja-con-28-unidades/p
Amlodipino/Valsartan,cruzazul,Valaxam 160/10mg ecuaquimica - saval comprimido recubierto,Valaxam,30.0,30.0,/Medicinas/Genitourinario y Hormonas Sexuales/|/Medicinas/,https://www.farmaciascruzazul.ec/valaxam-160-10mg-ecuaquimica-saval-comprimido-recubierto/p
Amlodipino/Valsartan,cruzazul,Valaxam 160/5mg ecuaquimica - saval comprimido recubierto,Valaxam,30.0,30.0,/Medicinas/Musculoesqueléticos/|/Medicinas/,https://www.farmaciascruzazul.ec/valaxam-160-5mg-ecuaquimica-saval-comprimido-recubierto/p
Amlodipino/Valsartan,cruzazul,Valaxam 160/5/12.5mg ecuaquimica - saval comprimido recubierto,Valaxam,30.0,30.0,/Medicinas/Aparato Cardiovascular/|/Medicinas/,https://www.farmaciascruzazul.ec/valaxam-160-5-125mg-ecuaquimica-saval-comprimido-recubierto/p
Verapamilo,pharmacys,Verapamilo 80mg la sante tabletas recubiertas,Verapamilo,3.0,3.0,/Medicinas/Aparato Cardiovascular/|/Medicinas/,https://www.pharmacys.com.ec/verapamilo-80mg-la-sante-tabletas-recubiertas/p
Verapamilo,cruzazul,Verapamilo 80mg la sante tabletas recubiertas,Verapamilo,3.0,3.0,/Medicinas/Aparato Cardiovascular/|/Medicinas/,https://www.farmaciascruzazul.ec/verapamilo-80mg-la-sante-tabletas-recubiertas/p
Diltiazem,medicity,Incoril Comprimidos Recubiertos De Liberación Prolongada 120mg Caja 30 Unidades,INCORIL,0.67,0.75,/Medicina/Sistema Cardiovascular/|/Medicina/,https://www.farmaciasmedicity.com/incoril-comprimidos-recubiertos-de-liberacion-prolongada-120mg-caja-30-unidades-1/p
Diltiazem,medicity,Incoril Comprimidos Recubiertos 180mg Caja 30 Unidades,INCORIL,0.93,1.03,/Medicina/Sistema Cardiovascular/|/Medicina/,https://www.farmaciasmedicity.com/incoril-comprimidos-recubiertos-180mg-caja-30-unidades-1/p
Diltiazem,medicity,Incoril Comprimidos Recubiertos De Liberación Prolongada 90 mg Caja 30 Unidades,INCORIL,0.29,0.32,/Medicina/Sistema Cardiovascular/|/Medicina/,https://www.farmaciasmedicity.com/incoril-comprimidos-recubiertos-de-liberacion-prolongada-90-mg-caja-30-unidades/p
Atenolol,pharmacys,Atenolol 50mg kronos marca tableta,Atenolol,2.12,2.12,/Medicinas/Aparato Cardiovascular/|/Medicinas/,https://www.pharmacys.com.ec/atenolol-50mg-kronos-marca-tableta/p
Atenolol,pharmacys,Atenolol 100mg kronos marca tableta,Atenolol,4.2,4.2,/Medicinas/Aparato Cardiovascular/|/Medicinas/,https://www.pharmacys.com.ec/atenolol-100mg-kronos-marca-tableta/p
Atenolol,pharmacys,Atenolol 100mg tecnoquimicas - genericos tableta,Atenolol,13.16,13.16,/Medicinas/Aparato Cardiovascular/|/Medicinas/,https://www.pharmacys.com.ec/atenolol-100mg-tecnoquimicas-genericos-tableta/p
Atenolol,pharmacys,Atenolol 50 mg x 20 Comprimidos,Atenolol,4.0,4.0,/Medicinas/Aparato Cardiovascular/|/Medicinas/,https://www.pharmacys.com.ec/atenolol-50mg-ecuaquimica-mintlab-comprimidos/p
Atenolol,pharmacys,Atenolol 100mg ecuaquimica - mintlab comprimidos,Atenolol,7.0,7.0,/Medicinas/Aparato Cardiovascular/|/Medicinas/,https://www.pharmacys.com.ec/atenolol-100mg-ecuaquimica-mintlab-comprimidos/p
Atenolol,medicity,Plenacor Comprimidos 50mg Caja 30 Unidades,PLENACOR,0.23,0.25,/Medicina/Sistema Cardiovascular/|/Medicina/,https://www.farmaciasmedicity.com/plenacor-comprimidos-50mg-caja-30-unidades-1/p
Atenolol,cruzazul,Atenolol 50mg kronos marca tableta,Atenolol,2.12,2.12,/Medicinas/Aparato Cardiovascular/|/Medicinas/,https://www.farmaciascruzazul.ec/atenolol-50mg-kronos-marca-tableta/p
Atenolol,cruzazul,Atenolol 100mg kronos marca tableta,Atenolol,4.2,4.2,/Medicinas/Aparato Cardiovascular/|/Medicinas/,https://www.farmaciascruzazul.ec/atenolol-100mg-kronos-marca-tableta/p
Atenolol,cruzazul,Atenolol 100mg tecnoquimicas - genericos tableta,Atenolol,13.16,13.16,/Medicinas/Aparato Cardiovascular/|/Medicinas/,https://www.farmaciascruzazul.ec/atenolol-100mg-tecnoquimicas-genericos-tableta/p
Atenolol,cruzazul,Atenolol 50 mg x 20 Comprimidos,Atenolol,3.0,4.0,/Medicinas/Aparato Cardiovascular/|/Medicinas/,https://www.farmaciascruzazul.ec/atenolol-50mg-ecuaquimica-mintlab-comprimidos/p
Atenolol,cruzazul,Atenolol 100mg ecuaquimica - mintlab comprimidos,Atenolol,7.0,7.0,/Medicinas/Aparato Cardiovascular/|/Medicinas/,https://www.farmaciascruzazul.ec/atenolol-100mg-ecuaquimica-mintlab-comprimidos/p
Bisoprolol,pharmacys,Bisoprolol 5mg tecnoquimicas - genericos tableta recubierta,Bisoprolol,14.88,14.88,/Cuidado Personal/Protectores Solares/Protectores Solares Faciales/|/Cuidado Personal/Protectores Solares/|/Cuidado Personal/,https://www.pharmacys.com.ec/bisoprolol-5mg-tecnoquimicas-genericos-tableta-recubierta/p
Bisoprolol,pharmacys,Eurocor 1.25mg ecuaquimica - saval comprimidos recubiertos,Eurocor,3.08,3.08,/Medicinas/Aparato Cardiovascular/|/Medicinas/,https://www.pharmacys.com.ec/eurocor-125mg-ecuaquimica-saval-comprimidos-recubiertos/p
Bisoprolol,pharmacys,Eurocor 5/6.25mg ecuaquimica - saval comprimidos recubiertos,Eurocor,15.0,15.0,/Medicinas/Musculoesqueléticos/|/Medicinas/,https://www.pharmacys.com.ec/eurocor-5-625mg-ecuaquimica-saval-comprimidos-recubiertos/p
Bisoprolol,pharmacys,Eurocor 2.5/6.25mg ecuaquimica - saval comprimidos recubiertos,Eurocor,9.9,9.9,/Medicinas/Antiinfecciosos/|/Medicinas/,https://www.pharmacys.com.ec/eurocor-25-625mg-ecuaquimica-saval-comprimidos-recubiertos/p
Bisoprolol,pharmacys,Eurocor 5 mg Comprimidos Recubiertos Caja x 35,Eurocor,16.45,16.45,/Medicinas/Aparato Cardiovascular/|/Medicinas/,https://www.pharmacys.com.ec/eurocor-5mg-ecuaquimica-saval-comprimidos/p
Bisoprolol,pharmacys,Eurocor 2.5mg ecuaquimica - saval comprimidos recubiertos,Eurocor,10.85,10.85,/Medicinas/Aparato Cardiovascular/|/Medicinas/,https://www.pharmacys.com.ec/eurocor-25mg-ecuaquimica-saval-comprimidos-recubiertos/p
Bisoprolol,pharmacys,Eurocor 10mg ecuaquimica - saval comprimidos recubiertos,Eurocor,22.75,22.75,/Medicinas/Aparato Cardiovascular/|/Medicinas/,https://www.pharmacys.com.ec/eurocor-10mg-ecuaquimica-saval-comprimidos-recubiertos/p
Bisoprolol,pharmacys,Corbis 2.5mg leterago - siegfried - interpharm comprimidos recubiertos,Corbis,12.3,12.3,/Medicinas/Aparato Cardiovascular/|/Medicinas/,https://www.pharmacys.com.ec/corbis-25mg-leterago-siegfried-interpharm-comprimidos-recubiertos/p
Bisoprolol,pharmacys,Concor AM 5 mg / 5 mg tabletas caja x 30,Concor,27.0,27.0,/Medicinas/Aparato Cardiovascular/|/Medicinas/,https://www.pharmacys.com.ec/concor-5-5mg-alianza-merck-farma-tableta-am/p
Bisoprolol,pharmacys,Concor 5mg alianza merck farma tableta,Concor,18.6,18.6,/Medicinas/Aparato Cardiovascular/|/Medicinas/,https://www.pharmacys.com.ec/concor-5mg-alianza-merck-farma-tableta/p
Bisoprolol,medicity,Concor Tabletas Recubiertas 10mg Caja 30 Unidades,CONCOR,0.63,0.76,/Medicina/Sistema Cardiovascular/|/Medicina/,https://www.farmaciasmedicity.com/concor-tabletas-recubiertas-10mg-caja-30-unidades-1/p
Bisoprolol,medicity,Concor Tableta Recubierta 5 mg Caja 30 Unidades,CONCOR,0.51,0.62,/Medicina/Sistema Cardiovascular/|/Medicina/,https://www.farmaciasmedicity.com/concor-tableta-recubierta-5-mg-caja-30-unidades-1/p
Bisoprolol,medicity,Concor Am Tabletas Caja Con 30 Unidades,CONCOR,1.02,1.11,/Medicina/Sistema Cardiovascular/|/Medicina/,https://www.farmaciasmedicity.com/concor-am-tabletas-caja-con-30-unidades/p
Bisoprolol,medicity,Concor Tabletas Recubiertas 2.5 mg Caja 30 Unidades,CONCOR,0.34,0.41,/Medicina/Sistema Cardiovascular/|/Medicina/,https://www.farmaciasmedicity.com/concor-tabletas-recubiertas-2-5-mg-caja-30-unidades-1/p
Bisoprolol,medicity,Concor Tabletas Recubiertas Caja con 30 Unidades,CONCOR,0.22,0.27,/Medicina/Sistema Cardiovascular/|/Medicina/,https://www.farmaciasmedicity.com/concor-tabletas-recubiertas-caja-con-30-unidades/p
Bisoprolol,medicity,Corbis Comprimido Recubierto Caja Con 30 Unidades,CORBIS,0.38,0.41,/Medicina/Sistema Cardiovascular/|/Medicina/,https://www.farmaciasmedicity.com/corbis-comprimido-recubierto-caja-con-30-unidades/p
Bisoprolol,cruzazul,Bisoprolol 5mg tecnoquimicas - genericos tableta recubierta,Bisoprolol,14.88,14.88,/Cuidado Personal/Protectores Solares/Protectores Solares Faciales/|/Cuidado Personal/Protectores Solares/|/Cuidado Personal/,https://www.farmaciascruzazul.ec/bisoprolol-5mg-tecnoquimicas-genericos-tableta-recubierta/p
Bisoprolol,cruzazul,Eurocor 1.25mg ecuaquimica - saval comprimidos recubiertos,Eurocor,3.08,3.08,/Medicinas/Aparato Cardiovascular/|/Medicinas/,https://www.farmaciascruzazul.ec/eurocor-125mg-ecuaquimica-saval-comprimidos-recubiertos/p
Bisoprolol,cruzazul,Eurocor 5/6.25mg ecuaquimica - saval comprimidos recubiertos,Eurocor,15.0,15.0,/Medicinas/Musculoesqueléticos/|/Medicinas/,https://www.farmaciascruzazul.ec/eurocor-5-625mg-ecuaquimica-saval-comprimidos-recubiertos/p
Bisoprolol,cruzazul,Eurocor 2.5/6.25mg ecuaquimica - saval comprimidos recubiertos,Eurocor,9.9,9.9,/Medicinas/Antiinfecciosos/|/Medicinas/,https://www.farmaciascruzazul.ec/eurocor-25-625mg-ecuaquimica-saval-comprimidos-recubiertos/p
Bisoprolol,cruzazul,Eurocor 5 mg Comprimidos Recubiertos Caja x 35,Eurocor,16.45,16.45,/Medicinas/Aparato Cardiovascular/|/Medicinas/,https://www.farmaciascruzazul.ec/eurocor-5mg-ecuaquimica-saval-comprimidos/p
Bisoprolol,cruzazul,Eurocor 2.5mg ecuaquimica - saval comprimidos recubiertos,Eurocor,10.85,10.85,/Medicinas/Aparato Cardiovascular/|/Medicinas/,https://www.farmaciascruzazul.ec/eurocor-25mg-ecuaquimica-saval-comprimidos-recubiertos/p
Bisoprolol,cruzazul,Eurocor 10mg ecuaquimica - saval comprimidos recubiertos,Eurocor,22.75,22.75,/Medicinas/Aparato Cardiovascular/|/Medicinas/,https://www.farmaciascruzazul.ec/eurocor-10mg-ecuaquimica-saval-comprimidos-recubiertos/p
Bisoprolol,cruzazul,Corbis 2.5mg leterago - siegfried - interpharm comprimidos recubiertos,Corbis,12.3,12.3,/Medicinas/Aparato Cardiovascular/|/Medicinas/,https://www.farmaciascruzazul.ec/corbis-25mg-leterago-siegfried-interpharm-comprimidos-recubiertos/p
Bisoprolol,cruzazul,Concor AM 5 mg / 5 mg tabletas caja x 30,Concor,27.0,27.0,/Medicinas/Aparato Cardiovascular/|/Medicinas/,https://www.farmaciascruzazul.ec/concor-5-5mg-alianza-merck-farma-tableta-am/p
Bisoprolol,cruzazul,Concor 10mg alianza merck farma tableta,Concor,22.8,22.8,/Medicinas/Aparato Cardiovascular/|/Medicinas/,https://www.farmaciascruzazul.ec/concor-10mg-alianza-merck-farma-tableta/p
Carvedilol,pharmacys,Carvedilol 25mg labovida tableta,Carvedilol,18.6,18.6,/Medicinas/Aparato Cardiovascular/|/Medicinas/,https://www.pharmacys.com.ec/carvedilol-25mg-labovida-tableta/p
Carvedilol,pharmacys,Carvedilol 25mg la sante tableta,Carvedilol,14.7,14.7,/Medicinas/Aparato Cardiovascular/|/Medicinas/,https://www.pharmacys.com.ec/carvedilol-25mg-la-sante-tableta/p
Carvedilol,pharmacys,Carvedilol 6.25 mg x28 Comprimidos,Carvedil,9.8,9.8,/Medicinas/Aparato Cardiovascular/|/Medicinas/,https://www.pharmacys.com.ec/carvedil-625mg-quifatex-dist-bago-comprimidos/p
Carvedilol,pharmacys,Carvedilol 12.5mg la sante tabletas recubiertas,Carvedilol,8.5,8.5,/Medicinas/Aparato Cardiovascular/|/Medicinas/,https://www.pharmacys.com.ec/carvedilol-125mg-la-sante-tabletas-recubiertas/p
Carvedilol,pharmacys,Carvedilol 6.25mg leterago - genfar tableta,Carvedilol,6.9,6.9,/Medicinas/Aparato Cardiovascular/|/Medicinas/,https://www.pharmacys.com.ec/carvedilol-625mg-leterago-genfar-tableta/p
Carvedilol,pharmacys,Carvedilol 12.5mg leterago - genfar tableta,Carvedilol,8.5,8.5,/Medicinas/Aparato Cardiovascular/|/Medicinas/,https://www.pharmacys.com.ec/carvedilol-125mg-leterago-genfar-tableta/p
Carvedilol,pharmacys,Carvedilol 6.25mg la sante tabletas recubiertas,Carvedilol,6.7,6.7,/Tratamientos y Salud/Salud de la Piel/Tratamientos para Acné/|/Tratamientos y Salud/Salud de la Piel/|/Tratamientos y Salud/,https://www.pharmacys.com.ec/carvedilol-625mg-la-sante-tabletas-recubiertas/p
Carvedilol,pharmacys,Carvedilol 12.5mg caplin point - generico cápsulas,Carvedilol,3.2,3.2,/Cuidado Personal/Cuidado del Oído/Cotonetes y Algodones/|/Cuidado Personal/Cuidado del Oído/|/Cuidado Personal/,https://www.pharmacys.com.ec/carvedilol-125mg-caplin-point-generico-capsulas/p
Carvedilol,pharmacys,Carvedilol 6.25mg caplin point - generico tableta,Carvedilol,3.5,3.5,/Vitaminas y Suplementos/Multivitamínicos/Para Mujeres/|/Vitaminas y Suplementos/Multivitamínicos/|/Vitaminas y Suplementos/,https://www.pharmacys.com.ec/carvedilol-625mg-caplin-point-generico-tableta/p
Carvedilol,pharmacys,Carvedilol 25mg caplin point - generico tableta,Carvedilol,6.2,6.2,/Vitaminas y Suplementos/Multivitamínicos/Para Mujeres/|/Vitaminas y Suplementos/Multivitamínicos/|/Vitaminas y Suplementos/,https://www.pharmacys.com.ec/carvedilol-25mg-caplin-point-generico-tableta/p
Carvedilol,medicity,Carvedil Comprimidos Caja con 28 Unidades,CARVEDIL,0.29,0.32,/Medicina/Sistema Cardiovascular/|/Medicina/,https://www.farmaciasmedicity.com/carvedil-comprimidos-caja-con-28-unidades/p
Carvedilol,cruzazul,Carvedilol 25mg labovida tableta,Carvedilol,18.6,18.6,/Medicinas/Aparato Cardiovascular/|/Medicinas/,https://www.farmaciascruzazul.ec/carvedilol-25mg-labovida-tableta/p
Carvedilol,cruzazul,Carvedilol 25mg la sante tableta,Carvedilol,14.7,14.7,/Medicinas/Aparato Cardiovascular/|/Medicinas/,https://www.farmaciascruzazul.ec/carvedilol-25mg-la-sante-tableta/p
Carvedilol,cruzazul,Carvedilol 6.25 mg x28 Comprimidos,Carvedil,9.8,9.8,/Medicinas/Aparato Cardiovascular/|/Medicinas/,https://www.farmaciascruzazul.ec/carvedil-625mg-quifatex-dist-bago-comprimidos/p
Carvedilol,cruzazul,Carvedilol 12.5mg la sante tabletas recubiertas,Carvedilol,8.5,8.5,/Medicinas/Aparato Cardiovascular/|/Medicinas/,https://www.farmaciascruzazul.ec/carvedilol-125mg-la-sante-tabletas-recubiertas/p
Carvedilol,cruzazul,Carvedilol 6.25mg leterago - genfar tableta,Carvedilol,6.9,6.9,/Medicinas/Aparato Cardiovascular/|/Medicinas/,https://www.farmaciascruzazul.ec/carvedilol-625mg-leterago-genfar-tableta/p
Carvedilol,cruzazul,Carvedilol 12.5mg leterago - genfar tableta,Carvedilol,8.5,8.5,/Medicinas/Aparato Cardiovascular/|/Medicinas/,https://www.farmaciascruzazul.ec/carvedilol-125mg-leterago-genfar-tableta/p
Carvedilol,cruzazul,Carvedilol 6.25mg la sante tabletas recubiertas,Carvedilol,6.7,6.7,/Tratamientos y Salud/Salud de la Piel/Tratamientos para Acné/|/Tratamientos y Salud/Salud de la Piel/|/Tratamientos y Salud/,https://www.farmaciascruzazul.ec/carvedilol-625mg-la-sante-tabletas-recubiertas/p
Carvedilol,cruzazul,Carvedilol 12.5mg caplin point - generico cápsulas,Carvedilol,3.2,3.2,/Cuidado Personal/Cuidado del Oído/Cotonetes y Algodones/|/Cuidado Personal/Cuidado del Oído/|/Cuidado Personal/,https://www.farmaciascruzazul.ec/carvedilol-125mg-caplin-point-generico-capsulas/p
Carvedilol,cruzazul,Carvedilol 6.25mg caplin point - generico tableta,Carvedilol,3.5,3.5,/Vitaminas y Suplementos/Multivitamínicos/Para Mujeres/|/Vitaminas y Suplementos/Multivitamínicos/|/Vitaminas y Suplementos/,https://www.farmaciascruzazul.ec/carvedilol-625mg-caplin-point-generico-tableta/p
Carvedilol,cruzazul,Carvedilol 25mg caplin point - generico tableta,Carvedilol,6.2,6.2,/Vitaminas y Suplementos/Multivitamínicos/Para Mujeres/|/Vitaminas y Suplementos/Multivitamínicos/|/Vitaminas y Suplementos/,https://www.farmaciascruzazul.ec/carvedilol-25mg-caplin-point-generico-tableta/p
Propranolol,medicity,Protolif Comprimido Caja con 100 Unidades,PROTOLIF,0.05,0.05,/Medicina/Sistema Cardiovascular/|/Medicina/,https://www.farmaciasmedicity.com/protolif-comprimido-caja-con-100-unidades-1/p
Nebivolol,medicity,Nabila Comprimidos 2.5 mg Caja 28 Unidades,NABILA,0.53,0.58,/Medicina/Sistema Cardiovascular/|/Medicina/,https://www.farmaciasmedicity.com/nabila-comprimidos-caja-con-28-unidades/p
Nebivolol,medicity,Nabila Comprimidos 5 mg Caja 28 Unidades,NABILA,0.58,0.63,/Medicina/Sistema Cardiovascular/|/Medicina/,https://www.farmaciasmedicity.com/nabila-comprimidos-5-mg-caja-con-28-unidades/p
Nebivolol,medicity,Pertium Comprimidos 5mg Caja 30 Unidades,PERTIUM,0.42,0.46,/Medicina/Sistema Cardiovascular/|/Medicina/,https://www.farmaciasmedicity.com/pertium-comprimidos-5mg-caja-30-unidades-1/p
Hidroclorotiazida,pharmacys,Blox 8/12.5mg ecuaquimica - saval comprimidos,Blox,20.4,20.4,/Medicinas/Aparato Cardiovascular/|/Medicinas/,https://www.pharmacys.com.ec/blox-8-125mg-ecuaquimica-saval-comprimidos/p
Hidroclorotiazida,pharmacys,Eurocor 5/6.25mg ecuaquimica - saval comprimidos recubiertos,Eurocor,15.0,15.0,/Medicinas/Musculoesqueléticos/|/Medicinas/,https://www.pharmacys.com.ec/eurocor-5-625mg-ecuaquimica-saval-comprimidos-recubiertos/p
Hidroclorotiazida,pharmacys,Eurocor 2.5/6.25mg ecuaquimica - saval comprimidos recubiertos,Eurocor,9.9,9.9,/Medicinas/Antiinfecciosos/|/Medicinas/,https://www.pharmacys.com.ec/eurocor-25-625mg-ecuaquimica-saval-comprimidos-recubiertos/p
Hidroclorotiazida,pharmacys,Blox 16/12.5mg ecuaquimica - saval comprimidos,Blox,26.4,26.4,/Medicinas/Aparato Cardiovascular/|/Medicinas/,https://www.pharmacys.com.ec/blox-16-125mg-ecuaquimica-saval-comprimidos/p
Hidroclorotiazida,pharmacys,Enalten 20/12.5mg ecuaquimica - saval comprimidos,Enalten,15.6,15.6,/Medicinas/Aparato Cardiovascular/|/Medicinas/,https://www.pharmacys.com.ec/enalten-20-125mg-ecuaquimica-saval-comprimidos/p
Hidroclorotiazida,pharmacys,Enalten 10/25mg ecuaquimica - saval comprimidos,Enalten,9.9,9.9,/Medicinas/Aparato Cardiovascular/|/Medicinas/,https://www.pharmacys.com.ec/enalten-10-25mg-ecuaquimica-saval-comprimidos/p
Hidroclorotiazida,pharmacys,Valaxam 160/5/12.5mg ecuaquimica - saval comprimido recubierto,Valaxam,30.0,30.0,/Medicinas/Aparato Cardiovascular/|/Medicinas/,https://www.pharmacys.com.ec/valaxam-160-5-125mg-ecuaquimica-saval-comprimido-recubierto/p
Hidroclorotiazida,pharmacys,Exforge HCT 10 Mg/320 Mg/25 Mg Comprimidos x 28,Exforge,34.29,34.29,/Medicinas/Aparato Cardiovascular/|/Medicinas/,https://www.pharmacys.com.ec/exforge-10-320-25mg-alianza-siegfried-interpharm-comprimidos/p
Hidroclorotiazida,pharmacys,Iltuxam 40/10/25mg quifatex dist medicamenta iltuxam – antihipertensivo triple combinación,Iltuxam,48.44,48.44,/Medicinas/Aparato Cardiovascular/|/Medicinas/,https://www.pharmacys.com.ec/iltuxam-40-10-25mg-quifatex-dist-medicamenta-iltuxam-antihip/p
Hidroclorotiazida,pharmacys,Iltuxam 40/5/25mg quifatex dist medicamenta iltuxam – antihipertensivo triple combinación,Iltuxam,43.68,43.68,/Medicinas/Aparato Cardiovascular/|/Medicinas/,https://www.pharmacys.com.ec/iltuxam-40-5-25mg-quifatex-dist-medicamenta-iltuxam-antihipe/p
Hidroclorotiazida,medicity,Micardis Plus Comprimidos 80/12.5 mg Caja 28 Unidades,MICARDIS,1.04,1.16,/Medicina/Sistema Cardiovascular/|/Medicina/,https://www.farmaciasmedicity.com/micardis-plus-comprimidos-80-12-5-mg-caja-28-unidades-1/p
Hidroclorotiazida,medicity,Convertal D Comprimido Recubierto Caja Con 10 Unidades,CONVERTAL,0.84,0.97,/Medicina/Sistema Cardiovascular/|/Medicina/,https://www.farmaciasmedicity.com/convertal-d-comprimido-recubierto-caja-con-10-unidades/p
Hidroclorotiazida,medicity,Valaxam-D Comprimidos Recubiertos 160mg+12.5mg+5mg Caja 30 Unidades,VALAXAM-D,0.92,1.0,/Medicina/Sistema Cardiovascular/|/Medicina/,https://www.farmaciasmedicity.com/valaxam-d-comprimidos-recubiertos-160mg-12-5mg-5mg-caja-30-unidades-1/p
Hidroclorotiazida,medicity,Irbetiazid Comprimidos 150mg+12.5mg Caja 30 Unidades,IRBETIAZID,0.83,1.0,/Medicina/Sistema Cardiovascular/|/Medicina/,https://www.farmaciasmedicity.com/irbetiazid-comprimidos-150mg-12-5mg-caja-30-unidades-1/p
Hidroclorotiazida,medicity,Hyzaar Comprimidos Recubiertos 30 Unidades,HYZAAR,1.02,1.11,/Medicina/Sistema Cardiovascular/|/Medicina/,https://www.farmaciasmedicity.com/hyzaar-comprimidos-recubiertos-30-unidades/p
Hidroclorotiazida,medicity,Indivan Hct Tabletas 80/12.5mg Caja con 30 Unidades,INDIVAN,1.07,1.16,/Medicina/Sistema Cardiovascular/|/Medicina/,https://www.farmaciasmedicity.com/indivan-hct-tabletas-80-12-5mg-caja-con-30-unidades-1/p
Hidroclorotiazida,medicity,Diapresan D Comprimidos Recubiertos 80/12.5 mg Caja Con 30 Unidades,DIAPRESAN,0.97,1.05,/Medicina/Sistema Cardiovascular/|/Medicina/,https://www.farmaciasmedicity.com/diapresan-d-comprimidos-recubiertos-80125-mg-caja-con-30-unidades/p
Hidroclorotiazida,medicity,Iltux Hct Comprimidos Recubiertos Caja Con 28 Unidades,ILTUX,0.97,1.05,/Medicina/Sistema Cardiovascular/|/Medicina/,https://www.farmaciasmedicity.com/iltux-hct-comprimidos-recubiertos-caja-con-28-unidades/p
Hidroclorotiazida,medicity,Micardis Plus Comprimidos 80/25 mg Caja Con 28 Unidades,MICARDIS,1.38,1.53,/Medicina/Sistema Cardiovascular/|/Medicina/,https://www.farmaciasmedicity.com/micardis-plus-comprimidos-8025-mg-caja-con-28-unidades/p
Hidroclorotiazida,medicity,Blox-D Comprimido 8/12.5 mg Caja Con 30 Unidades,BLOX,0.54,0.68,/Medicina/Sistema Cardiovascular/|/Medicina/,https://www.farmaciasmedicity.com/blox-d-comprimido-8125-mg-caja-con-30-unidades/p
Hidroclorotiazida,cruzazul,Blox 8/12.5mg ecuaquimica - saval comprimidos,Blox,20.4,20.4,/Medicinas/Aparato Cardiovascular/|/Medicinas/,https://www.farmaciascruzazul.ec/blox-8-125mg-ecuaquimica-saval-comprimidos/p
Hidroclorotiazida,cruzazul,Eurocor 5/6.25mg ecuaquimica - saval comprimidos recubiertos,Eurocor,15.0,15.0,/Medicinas/Musculoesqueléticos/|/Medicinas/,https://www.farmaciascruzazul.ec/eurocor-5-625mg-ecuaquimica-saval-comprimidos-recubiertos/p
Hidroclorotiazida,cruzazul,Eurocor 2.5/6.25mg ecuaquimica - saval comprimidos recubiertos,Eurocor,9.9,9.9,/Medicinas/Antiinfecciosos/|/Medicinas/,https://www.farmaciascruzazul.ec/eurocor-25-625mg-ecuaquimica-saval-comprimidos-recubiertos/p
Hidroclorotiazida,cruzazul,Blox 16/12.5mg ecuaquimica - saval comprimidos,Blox,26.4,26.4,/Medicinas/Aparato Cardiovascular/|/Medicinas/,https://www.farmaciascruzazul.ec/blox-16-125mg-ecuaquimica-saval-comprimidos/p
Hidroclorotiazida,cruzazul,Enalten 20/12.5mg ecuaquimica - saval comprimidos,Enalten,15.6,15.6,/Medicinas/Aparato Cardiovascular/|/Medicinas/,https://www.farmaciascruzazul.ec/enalten-20-125mg-ecuaquimica-saval-comprimidos/p
Hidroclorotiazida,cruzazul,Enalten 10/25mg ecuaquimica - saval comprimidos,Enalten,9.9,9.9,/Medicinas/Aparato Cardiovascular/|/Medicinas/,https://www.farmaciascruzazul.ec/enalten-10-25mg-ecuaquimica-saval-comprimidos/p
Hidroclorotiazida,cruzazul,Valaxam 160/5/12.5mg ecuaquimica - saval comprimido recubierto,Valaxam,30.0,30.0,/Medicinas/Aparato Cardiovascular/|/Medicinas/,https://www.farmaciascruzazul.ec/valaxam-160-5-125mg-ecuaquimica-saval-comprimido-recubierto/p
Hidroclorotiazida,cruzazul,Exforge HCT 10 Mg/320 Mg/25 Mg Comprimidos x 28,Exforge,34.29,34.29,/Medicinas/Aparato Cardiovascular/|/Medicinas/,https://www.farmaciascruzazul.ec/exforge-10-320-25mg-alianza-siegfried-interpharm-comprimidos/p
Hidroclorotiazida,cruzazul,Iltuxam 40/10/25mg quifatex dist medicamenta iltuxam – antihipertensivo triple combinación,Iltuxam,48.44,48.44,/Medicinas/Aparato Cardiovascular/|/Medicinas/,https://www.farmaciascruzazul.ec/iltuxam-40-10-25mg-quifatex-dist-medicamenta-iltuxam-antihip/p
Hidroclorotiazida,cruzazul,Iltuxam 40/5/25mg quifatex dist medicamenta iltuxam – antihipertensivo triple combinación,Iltuxam,43.68,43.68,/Medicinas/Aparato Cardiovascular/|/Medicinas/,https://www.farmaciascruzazul.ec/iltuxam-40-5-25mg-quifatex-dist-medicamenta-iltuxam-antihipe/p
Furosemida,pharmacys,Furosemida 40mg tecnoquimicas - genericos tableta,Furosemida,7.94,7.94,/Medicinas/Aparato Cardiovascular/|/Medicinas/,https://www.pharmacys.com.ec/furosemida-40mg-tecnoquimicas-genericos-tableta/p
Furosemida,pharmacys,Furosemida 20mg magma especialidad solución inyectable,Furosemida,55.0,55.0,/Medicinas/Aparato Cardiovascular/|/Medicinas/,https://www.pharmacys.com.ec/furosemida-20mg-fresenius-kabi-hospitalario-solucion-inyectable/p
Furosemida,pharmacys,Furosemida 40mg leterago - genfar tableta,Furosemida,3.2,3.2,/Medicinas/Aparato Cardiovascular/|/Medicinas/,https://www.pharmacys.com.ec/furosemida-40mg-leterago-genfar-tableta/p
Furosemida,medicity,Genfar Furosemida Tabletas 40 mg Caja 100 Unidades,GENFAR,0.02,0.03,/Medicina/Sistema Cardiovascular/|/Medicina/,https://www.farmaciasmedicity.com/genfar-furosemida-tabletas-40-mg-caja-100-unidades-1/p
Furosemida,cruzazul,Furosemida 40mg tecnoquimicas - genericos tableta,Furosemida,7.94,7.94,/Medicinas/Aparato Cardiovascular/|/Medicinas/,https://www.farmaciascruzazul.ec/furosemida-40mg-tecnoquimicas-genericos-tableta/p
Furosemida,cruzazul,Furosemida 20mg magma especialidad solución inyectable,Furosemida,55.0,55.0,/Medicinas/Aparato Cardiovascular/|/Medicinas/,https://www.farmaciascruzazul.ec/furosemida-20mg-fresenius-kabi-hospitalario-solucion-inyectable/p
Furosemida,cruzazul,Furosemida 40mg leterago - genfar tableta,Furosemida,3.2,3.2,/Medicinas/Aparato Cardiovascular/|/Medicinas/,https://www.farmaciascruzazul.ec/furosemida-40mg-leterago-genfar-tableta/p
Espironolactona,pharmacys,Espironolactona 25 Mg x20,Espironolactona,5.75,5.75,/Medicinas/Aparato Cardiovascular/|/Medicinas/,https://www.pharmacys.com.ec/espironolactona-25mg-dyvenpro-representaciones-lab-chile-linea-generica-comprimidos/p
Espironolactona,pharmacys,Espironolactona 25mg lacfarma tableta,Espironolactona,9.6,9.6,/Medicinas/Hormonas/|/Medicinas/,https://www.pharmacys.com.ec/espironolactona-25mg-lacfarma-tableta/p
Espironolactona,pharmacys,Espironolactona 25 mg Tabletas x 20,Espironolactona,5.67,5.67,/Medicinas/Aparato Cardiovascular/|/Medicinas/,https://www.pharmacys.com.ec/espironolactona-25mg-ecuaquimica-mintlab-comprimidos/p
Espironolactona,medicity,Ecuaquimica Espironolactona Comprimidos 25 mg Caja 20 Unidades,ECUAQUIMICA,0.22,0.28,/Medicina/Sistema Cardiovascular/|/Medicina/,https://www.farmaciasmedicity.com/ecuaquimica-espironolactona-comprimidos-25-mg-caja-20-unidades-1/p
Espironolactona,medicity,Espironolactona Cormin Comprimidos 25 mg Caja Con 20 Unidades,CORMIN,0.27,0.29,/Medicina/Sistema Cardiovascular/|/Medicina/,https://www.farmaciasmedicity.com/espironolactona-cormin-comprimidos-25-mg-caja-con-20-unidades/p
Espironolactona,medicity,Aldactone A Tabletas 25 mg Caja Con 30 Unidades,ALDACTONE,0.27,0.32,/Medicina/Sistema Cardiovascular/|/Medicina/,https://www.farmaciasmedicity.com/aldactone-a-tabletas-25-mg-caja-con-30-unidades/p
Espironolactona,medicity,Aldactone Tabletas 100 mg Caja 30 Unidades,ALDACTONE,0.58,0.73,/Medicina/Sistema Cardiovascular/|/Medicina/,https://www.farmaciasmedicity.com/aldactone-tabletas-100-mg-caja-30-unidades-1/p
Espironolactona,cruzazul,Espironolactona 25 Mg x20,Espironolactona,5.75,5.75,/Medicinas/Aparato Cardiovascular/|/Medicinas/,https://www.farmaciascruzazul.ec/espironolactona-25mg-dyvenpro-representaciones-lab-chile-linea-generica-comprimidos/p
Espironolactona,cruzazul,Espironolactona 25mg lacfarma tableta,Espironolactona,9.6,9.6,/Medicinas/Hormonas/|/Medicinas/,https://www.farmaciascruzazul.ec/espironolactona-25mg-lacfarma-tableta/p
Espironolactona,cruzazul,Espironolactona 25 mg Tabletas x 20,Espironolactona,5.67,5.67,/Medicinas/Aparato Cardiovascular/|/Medicinas/,https://www.farmaciascruzazul.ec/espironolactona-25mg-ecuaquimica-mintlab-comprimidos/p
Indapamida,pharmacys,Natrilix Sr Com x1.5MG x30,Natrilix,19.2,19.2,/Medicinas/Aparato Cardiovascular/|/Medicinas/,https://www.pharmacys.com.ec/natrilix-sr-com-x1-5mg-x30/p
Indapamida,pharmacys,Preterax Com x10/2.5MG x30,Preterax,49.68,49.68,/Medicinas/Aparato Cardiovascular/|/Medicinas/,https://www.pharmacys.com.ec/preterax-com-x10-2-5mg-x30/p
Indapamida,pharmacys,Preterax Com-Rec x5/1.25MG x30,Preterax,41.4,41.4,/Medicinas/Aparato Cardiovascular/|/Medicinas/,https://www.pharmacys.com.ec/preterax-com-rec-x5-1-25mg-x30/p
Indapamida,cruzazul,Natrilix Sr Com x1.5MG x30,Natrilix,19.2,19.2,/Medicinas/Aparato Cardiovascular/|/Medicinas/,https://www.farmaciascruzazul.ec/natrilix-sr-com-x1-5mg-x30/p
Indapamida,cruzazul,Preterax Com x10/2.5MG x30,Preterax,49.68,49.68,/Medicinas/Aparato Cardiovascular/|/Medicinas/,https://www.farmaciascruzazul.ec/preterax-com-x10-2-5mg-x30/p
Indapamida,cruzazul,Preterax Com-Rec x5/1.25MG x30,Preterax,41.4,41.4,/Medicinas/Aparato Cardiovascular/|/Medicinas/,https://www.farmaciascruzazul.ec/preterax-com-rec-x5-1-25mg-x30/p
Clortalidona,pharmacys,Clortalidona 50mg oxialfarm farma tableta,Clortalidona,4.48,4.48,/Medicinas/Aparato Cardiovascular/|/Medicinas/,https://www.pharmacys.com.ec/clortalidona-50mg-oxialfarm-farma-tableta/p
Clortalidona,pharmacys,Clortalidona 50mg garcos - nifa genericos tableta,Clortalidona,3.6,3.6,/Medicinas/Aparato Cardiovascular/|/Medicinas/,https://www.pharmacys.com.ec/clortalidona-50mg-garcos-nifa-genericos-tableta/p
Clortalidona,pharmacys,Hidroten 12.5mg leterago - grupo farma tableta,Hidroten,15.0,15.0,/Medicinas/Aparato Cardiovascular/|/Medicinas/,https://www.pharmacys.com.ec/hidroten-125mg-leterago-grupo-farma-tableta/p
Clortalidona,pharmacys,Hidroten 25mg leterago - grupo farma tableta,Hidroten,15.72,15.72,/Medicinas/Aparato Cardiovascular/|/Medicinas/,https://www.pharmacys.com.ec/hidroten-25mg-leterago-grupo-farma-tableta/p
Clortalidona,medicity,Clortalidona Nifa Tabletas 50 mg 30 Unidades,NIFA,0.1,0.12,/Medicina/Sistema Cardiovascular/|/Medicina/,https://www.farmaciasmedicity.com/clortalidona-nifa-tabletas-50-mg-30-unidades/p
Clortalidona,medicity,Hidroten Tabletas Caja 30 Unidades,HIDROTEN,0.42,0.5,/Medicina/Sistema Cardiovascular/|/Medicina/,https://www.farmaciasmedicity.com/hidroten-tabletas-caja-con-30-unidades/p
Clortalidona,cruzazul,Clortalidona 50mg oxialfarm farma tableta,Clortalidona,4.48,4.48,/Medicinas/Aparato Cardiovascular/|/Medicinas/,https://www.farmaciascruzazul.ec/clortalidona-50mg-oxialfarm-farma-tableta/p
Clortalidona,cruzazul,Clortalidona 50mg garcos - nifa genericos tableta,Clortalidona,3.6,3.6,/Medicinas/Aparato Cardiovascular/|/Medicinas/,https://www.farmaciascruzazul.ec/clortalidona-50mg-garcos-nifa-genericos-tableta/p
Clortalidona,cruzazul,Hidroten 12.5mg leterago - grupo farma tableta,Hidroten,15.0,15.0,/Medicinas/Aparato Cardiovascular/|/Medicinas/,https://www.farmaciascruzazul.ec/hidroten-125mg-leterago-grupo-farma-tableta/p
Clortalidona,cruzazul,Hidroten 25mg leterago - grupo farma tableta,Hidroten,15.72,15.72,/Medicinas/Aparato Cardiovascular/|/Medicinas/,https://www.farmaciascruzazul.ec/hidroten-25mg-leterago-grupo-farma-tableta/p
Doxazosina,pharmacys,Doxazosina 4mg garcos - nifa genericos tableta,Doxazosina,20.6,20.6,/Medicinas/Aparato Cardiovascular/|/Medicinas/,https://www.pharmacys.com.ec/doxazosina-4mg-garcos-nifa-genericos-tableta/p
Doxazosina,pharmacys,Doxazosina 2mg garcos - nifa genericos tableta,Doxazosina,11.0,11.0,/Minimarket/Snacks/|/Minimarket/,https://www.pharmacys.com.ec/doxazosina-2mg-garcos-nifa-genericos-tableta/p
Doxazosina,pharmacys,Cardura 4 mg Tabletas x 30,Cardura,39.6,39.6,/Medicinas/Aparato Cardiovascular/|/Medicinas/,https://www.pharmacys.com.ec/cardura-4mg-aspen-upjohn-tableta/p
Doxazosina,medicity,Doxazosina Momenta Comprimidos 2mg Caja 30 Unidades,MOMENTA,0.41,0.45,/Medicina/Sistema Cardiovascular/|/Medicina/,https://www.farmaciasmedicity.com/doxazosina-momenta-comprimidos-2mg-caja-30-unidades-1/p
Doxazosina,medicity,Doxazosina Nifa Tabletas 4 mg Caja 20 Unidades,NIFA,0.95,1.03,/Medicina/Sistema Cardiovascular/|/Medicina/,https://www.farmaciasmedicity.com/doxazosina-nifa-tabletas-4-mg-caja-20-unidades-1/p
Doxazosina,medicity,Doxazosina Nifa Tabletas 2mg Caja 20 Unidades,NIFA,0.51,0.55,/Medicina/Sistema Cardiovascular/|/Medicina/,https://www.farmaciasmedicity.com/doxazosina-nifa-tabletas-2mg-caja-20-unidades-1/p
Doxazosina,medicity,Cardura Tabletas 4 mg Caja 30 Unidades,CARDURA,1.21,1.32,/Medicina/Sistema Cardiovascular/|/Medicina/,https://www.farmaciasmedicity.com/cardura-tabletas-4-mg-caja-30-unidades-1/p
Doxazosina,medicity,Duomo Hp Cápsulas 2/5 mg Adultos Caja con 30 Unidades,DUOMO HP,1.06,1.33,/Medicina/Salud Masculina/Prostático/|/Medicina/Salud Masculina/|/Medicina/,https://www.farmaciasmedicity.com/duomo-hp-capsulas-25-mg-adultos-caja-con-30-unidades/p
Doxazosina,cruzazul,Doxazosina 4mg garcos - nifa genericos tableta,Doxazosina,20.6,20.6,/Medicinas/Aparato Cardiovascular/|/Medicinas/,https://www.farmaciascruzazul.ec/doxazosina-4mg-garcos-nifa-genericos-tableta/p
Doxazosina,cruzazul,Doxazosina 2mg garcos - nifa genericos tableta,Doxazosina,11.0,11.0,/Minimarket/Snacks/|/Minimarket/,https://www.farmaciascruzazul.ec/doxazosina-2mg-garcos-nifa-genericos-tableta/p
Doxazosina,cruzazul,Cardura 4 mg Tabletas x 30,Cardura,39.6,39.6,/Medicinas/Aparato Cardiovascular/|/Medicinas/,https://www.farmaciascruzazul.ec/cardura-4mg-aspen-upjohn-tableta/p
Metformina,pharmacys,Metformina 850 mg 10 Tabletas,Metformina,4.1,4.1,/Medicinas/Aparato Cardiovascular/|/Medicinas/,https://www.pharmacys.com.ec/metformina-850mg-pharmedic/p
Metformina,pharmacys,Metformina 500mg labovida tableta recubierta,Metformina,3.24,5.4,/Medicinas/Aparato Metabólico y Digestivo/|/Medicinas/,https://www.pharmacys.com.ec/metformina-500mg-labovida-tableta-recubierta/p
Metformina,pharmacys,Metformina 1000mg berkanafarma tabletas recubiertas,Metformina,11.4,11.4,/Medicinas/Aparato Metabólico y Digestivo/|/Medicinas/,https://www.pharmacys.com.ec/metformina-1000mg-berkana-berkana-tabletas-recubiertas/p
Metformina,pharmacys,Metformina 500mg berkanafarma tabletas recubiertas,Metformina,7.5,7.5,/Medicinas/Aparato Metabólico y Digestivo/|/Medicinas/,https://www.pharmacys.com.ec/metformina-500mg-berkana-berkana-tabletas-recubiertas/p
Metformina,pharmacys,Metformina 850mg berkanafarma tabletas recubiertas,Metformina,8.1,8.1,/Medicinas/Aparato Metabólico y Digestivo/|/Medicinas/,https://www.pharmacys.com.ec/metformina-850mg-berkana-berkana-tabletas-recubiertas/p
Metformina,pharmacys,Metformina 1000mg labovida tabletas recubiertas,Metformina,5.4,9.0,/Medicinas/Aparato Metabólico y Digestivo/|/Medicinas/,https://www.pharmacys.com.ec/metformina-1000mg-labovida-tabletas-recubiertas/p
Metformina,pharmacys,Metformina 850mg leterago - genfar comprimidos,Metformina,8.1,8.1,/Medicinas/Aparato Metabólico y Digestivo/|/Medicinas/,https://www.pharmacys.com.ec/metformina-850mg-leterago-genfar-comprimidos/p
Metformina,pharmacys,Metformina 850mg tecnoquimicas - genericos tableta,Metformina,5.1,5.1,/Medicinas/Aparato Metabólico y Digestivo/|/Medicinas/,https://www.pharmacys.com.ec/metformina-850mg-tecnoquimicas-genericos-tableta/p
Metformina,pharmacys,Metformina 1000mg jaspharm generico tabletas recubiertas,Metformina,11.1,11.1,/Medicinas/Aparato Metabólico y Digestivo/|/Medicinas/,https://www.pharmacys.com.ec/metformina-1000mg-jaspharm-generico-tabletas-recubiertas/p
Metformina,pharmacys,Metformina 1000mg caplin point - generico tableta,Metformina,11.4,11.4,/Medicinas/Aparato Metabólico y Digestivo/|/Medicinas/,https://www.pharmacys.com.ec/metformina-1000mg-caplin-point-generico-tableta/p
Metformina,medicity,Metformina Bkf Tabletas Recubierto 1000mg Caja 30 Unidades,BKF,0.28,0.38,/Medicina/Diabetes/|/Medicina/,https://www.farmaciasmedicity.com/metformina-bkf-tabletas-recubierto-1000mg-caja-30-unidades-1/p
Metformina,medicity,Metformina Bkf Tabletas Recubiertas 500 mg Caja 30 Unidades,BKF,0.19,0.25,/Medicina/Diabetes/|/Medicina/,https://www.farmaciasmedicity.com/metformina-bkf-tabletas-recubiertas-500-mg-caja-30-unidades-1/p
Metformina,medicity,Metformina Bkf Tabletas Recubiertas 850 mg Caja 30 Unidades,BKF,0.25,0.27,/Medicina/Diabetes/|/Medicina/,https://www.farmaciasmedicity.com/metformina-bkf-tabletas-recubiertas-850-mg-caja-30-unidades-1/p
Metformina,medicity,Metformina Nifa Tabletas Recubiertas 500 mg Caja con 30 Unidades,NIFA,0.15,0.2,/Medicina/Diabetes/|/Medicina/,https://www.farmaciasmedicity.com/metformina-nifa-tabletas-recubiertas-500-mg-caja-con-30-unidades-1/p
Metformina,medicity,Glucofage Tabletas Caja Con 60 Unidades,GLUCOFAGE,0.22,0.25,/Medicina/Diabetes/|/Medicina/,https://www.farmaciasmedicity.com/glucofage-tabletas-caja-con-60-unidades/p
Metformina,medicity,Glucofage Xr Tabletas Liberación Prolongada Caja Con 30 Unidades,GLUCOFAGE,0.76,0.83,/Medicina/Diabetes/|/Medicina/,https://www.farmaciasmedicity.com/glucofage-xr-tabletas-liberacion-prolongada-caja-con-30-unidades/p
Metformina,medicity,Glicenex Sr Comprimidos Liberación Prolongada 1000 mg Caja 30 Unidades,GLICENEX,0.92,1.0,/Medicina/Diabetes/|/Medicina/,https://www.farmaciasmedicity.com/glicenex-sr-comprimidos-liberacion-prolongada-1000-mg-caja-30-unidades-1/p
Metformina,medicity,Glicenex Sr Comprimidos 750 mg Liberación Prolongada Caja Con 30 Unidades,GLICENEX,0.55,0.66,/Medicina/Diabetes/|/Medicina/,https://www.farmaciasmedicity.com/glicenex-sr-comprimidos-750-mg-liberacion-prolongada-caja-con-30-unidades/p
Metformina,medicity,Glucocid Comprimidos Recubiertos 850 mg Caja 30 Unidades,GLUCOCID,0.21,0.27,/Medicina/Diabetes/|/Medicina/,https://www.farmaciasmedicity.com/glucocid-comprimidos-recubiertos-850-mg-caja-con-30-unidades/p
Metformina,medicity,Glicenex Sr Comprimidos Recubiertos 500 mg Caja Con 30 Unidades,GLICENEX,0.48,0.52,/Medicina/Diabetes/|/Medicina/,https://www.farmaciasmedicity.com/glicenex-sr-comprimidos-recubiertos-500-mg-caja-con-30-unidades/p
Metformina,cruzazul,Metformina 850 mg 10 Tabletas,Metformina,3.28,4.1,/Medicinas/Aparato Cardiovascular/|/Medicinas/,https://www.farmaciascruzazul.ec/metformina-850mg-pharmedic/p
Metformina,cruzazul,Metformina 500mg labovida tableta recubierta,Metformina,5.4,5.4,/Medicinas/Aparato Metabólico y Digestivo/|/Medicinas/,https://www.farmaciascruzazul.ec/metformina-500mg-labovida-tableta-recubierta/p
Metformina,cruzazul,Metformina 1000mg berkanafarma tabletas recubiertas,Metformina,11.4,11.4,/Medicinas/Aparato Metabólico y Digestivo/|/Medicinas/,https://www.farmaciascruzazul.ec/metformina-1000mg-berkana-berkana-tabletas-recubiertas/p
Metformina,cruzazul,Metformina 500mg berkanafarma tabletas recubiertas,Metformina,7.5,7.5,/Medicinas/Aparato Metabólico y Digestivo/|/Medicinas/,https://www.farmaciascruzazul.ec/metformina-500mg-berkana-berkana-tabletas-recubiertas/p
Metformina,cruzazul,Metformina 850mg berkanafarma tabletas recubiertas,Metformina,8.1,8.1,/Medicinas/Aparato Metabólico y Digestivo/|/Medicinas/,https://www.farmaciascruzazul.ec/metformina-850mg-berkana-berkana-tabletas-recubiertas/p
Metformina,cruzazul,Metformina 1000mg labovida tabletas recubiertas,Metformina,9.0,9.0,/Medicinas/Aparato Metabólico y Digestivo/|/Medicinas/,https://www.farmaciascruzazul.ec/metformina-1000mg-labovida-tabletas-recubiertas/p
Metformina,cruzazul,Metformina 850mg leterago - genfar comprimidos,Metformina,8.1,8.1,/Medicinas/Aparato Metabólico y Digestivo/|/Medicinas/,https://www.farmaciascruzazul.ec/metformina-850mg-leterago-genfar-comprimidos/p
Metformina,cruzazul,Metformina 850mg tecnoquimicas - genericos tableta,Metformina,5.1,5.1,/Medicinas/Aparato Metabólico y Digestivo/|/Medicinas/,https://www.farmaciascruzazul.ec/metformina-850mg-tecnoquimicas-genericos-tableta/p
Metformina,cruzazul,Metformina 1000mg jaspharm generico tabletas recubiertas,Metformina,11.1,11.1,/Medicinas/Aparato Metabólico y Digestivo/|/Medicinas/,https://www.farmaciascruzazul.ec/metformina-1000mg-jaspharm-generico-tabletas-recubiertas/p
Metformina,cruzazul,Metformina 1000mg caplin point - generico tableta,Metformina,11.4,11.4,/Medicinas/Aparato Metabólico y Digestivo/|/Medicinas/,https://www.farmaciascruzazul.ec/metformina-1000mg-caplin-point-generico-tableta/p
Metformina liberacion prolongada,pharmacys,Hiprostam 0.4/0.5mg rocnarf d - cápsulas de liberación prolongada,Hiprostam,28.8,36.0,/Medicinas/Antiinfecciosos/|/Medicinas/,https://www.pharmacys.com.ec/hiprostam-04-05mg-rocnarf-marca-d-capsulas-de-liberacion-prolongada/p
Metformina liberacion prolongada,pharmacys,Mellimet 500 mg x 30,Mellimet,11.76,11.76,/Vitaminas y Suplementos/Compra por Tipo de Cuidados/Diabetes/|/Vitaminas y Suplementos/Compra por Tipo de Cuidados/|/Vitaminas y Suplementos/,https://www.pharmacys.com.ec/mellimet-500mg-x30/p
Metformina liberacion prolongada,pharmacys,Mellimet 1000 mg x 30,Mellimet,11.76,11.76,/Vitaminas y Suplementos/Compra por Tipo de Cuidados/Diabetes/|/Vitaminas y Suplementos/Compra por Tipo de Cuidados/|/Vitaminas y Suplementos/,https://www.pharmacys.com.ec/mellimet-1000mg-x30/p
Metformina liberacion prolongada,pharmacys,Mellimet 750 mg x 30,Mellimet,16.33,16.33,/Vitaminas y Suplementos/Compra por Tipo de Cuidados/Diabetes/|/Vitaminas y Suplementos/Compra por Tipo de Cuidados/|/Vitaminas y Suplementos/,https://www.pharmacys.com.ec/mellimet-750mg-x30/p
Metformina liberacion prolongada,pharmacys,Altuxerin Duo 50 mg/1000 mg x 28,Altuxerin,31.08,31.08,/Medicinas/Aparato Metabólico y Digestivo/|/Medicinas/,https://www.pharmacys.com.ec/altuxerin-duo-50mg-1000mg-x28/p
Metformina liberacion prolongada,pharmacys,Altuxerin Duo 100 mg/1000 mg x 28,Altuxerin,49.84,49.84,/Medicinas/Aparato Metabólico y Digestivo/|/Medicinas/,https://www.pharmacys.com.ec/altuxerin-duo-100mg-1000mg-x28/p
Metformina liberacion prolongada,medicity,Glucofage Xr Tabletas Liberación Prolongada Caja Con 30 Unidades,GLUCOFAGE,0.76,0.83,/Medicina/Diabetes/|/Medicina/,https://www.farmaciasmedicity.com/glucofage-xr-tabletas-liberacion-prolongada-caja-con-30-unidades/p
Metformina liberacion prolongada,medicity,Glucofage Xr Comprimidos 750 mg Liberación Prolongada 30 Unidades,GLUCOFAGE,0.61,0.66,/Medicina/Diabetes/|/Medicina/,https://www.farmaciasmedicity.com/glucofage-xr-comprimidos-750-mg-liberacion-prolongada-30-unidades/p
Metformina liberacion prolongada,medicity,Glicenex Sr Comprimidos Liberación Prolongada 1000 mg Caja 30 Unidades,GLICENEX,0.92,1.0,/Medicina/Diabetes/|/Medicina/,https://www.farmaciasmedicity.com/glicenex-sr-comprimidos-liberacion-prolongada-1000-mg-caja-30-unidades-1/p
Metformina liberacion prolongada,medicity,Glicenex Sr Comprimidos 750 mg Liberación Prolongada Caja Con 30 Unidades,GLICENEX,0.55,0.66,/Medicina/Diabetes/|/Medicina/,https://www.farmaciasmedicity.com/glicenex-sr-comprimidos-750-mg-liberacion-prolongada-caja-con-30-unidades/p
Metformina liberacion prolongada,medicity,Dexilant Cápsulas Liberación Prolongada Caja Con 14 Unidades,DEXILANT,1.38,1.5,/Medicina/Sistema Digestivo/|/Medicina/,https://www.farmaciasmedicity.com/dexilant-capsulas-liberacion-prolongada-caja-con-14-unidades/p
Metformina liberacion prolongada,medicity,Urocit Tabletas 1080 mg Liberación Prolongada 100 Unidades,UROCIT,33.22,40.02,/Medicina/Sistema Digestivo/|/Medicina/,https://www.farmaciasmedicity.com/urocit-tabletas-1080-mg-liberacion-prolongada-100-unidades/p
Metformina liberacion prolongada,medicity,Enablex Comprimidos De Liberación Prolongada 7.5mg Caja 28 Unidades,ENABLEX,1.33,1.45,/Medicina/Salud Masculina/Prostático/|/Medicina/Salud Masculina/|/Medicina/,https://www.farmaciasmedicity.com/enablex-comprimidos-de-liberacion-prolongada-7-5mg-caja-28-unidades-1/p
Metformina liberacion prolongada,medicity,Dexopral Cápsulas Liberación Prolongada Caja Con 30 Unidades,DEXOPRAL,1.21,1.31,/Medicina/Sistema Digestivo/Antiácidos/|/Medicina/Sistema Digestivo/|/Medicina/,https://www.farmaciasmedicity.com/dexopral-capsulas-liberacion-prolongada-caja-con-30-unidades/p
Metformina liberacion prolongada,medicity,Dolo-Neurobión Retard Tabletas Liberación Prolongada 20 Unidades,DOLO-NEUROBION,1.12,1.35,/Medicina/Dolor y Malestar/|/Medicina/,https://www.farmaciasmedicity.com/dolo-neurobion-tabletas-liberacion-prolongada-caja-con-20-unidades/p
Metformina liberacion prolongada,medicity,Circadin Tabletas De Liberación Prolongada 2mg Caja 30 Unidades,CIRCADIN,1.11,1.21,/Medicina/Sistema Nervioso/|/Medicina/,https://www.farmaciasmedicity.com/circadin-tabletas-de-liberacion-prolongada-2mg-caja-30-unidades-1/p
Metformina liberacion prolongada,cruzazul,Hiprostam 0.4/0.5mg rocnarf d - cápsulas de liberación prolongada,Hiprostam,28.8,36.0,/Medicinas/Antiinfecciosos/|/Medicinas/,https://www.farmaciascruzazul.ec/hiprostam-04-05mg-rocnarf-marca-d-capsulas-de-liberacion-prolongada/p
Metformina liberacion prolongada,cruzazul,Mellimet 500 mg x 30,Mellimet,11.76,11.76,/Vitaminas y Suplementos/Compra por Tipo de Cuidados/Diabetes/|/Vitaminas y Suplementos/Compra por Tipo de Cuidados/|/Vitaminas y Suplementos/,https://www.farmaciascruzazul.ec/mellimet-500mg-x30/p
Metformina liberacion prolongada,cruzazul,Mellimet 1000 mg x 30,Mellimet,11.76,11.76,/Vitaminas y Suplementos/Compra por Tipo de Cuidados/Diabetes/|/Vitaminas y Suplementos/Compra por Tipo de Cuidados/|/Vitaminas y Suplementos/,https://www.farmaciascruzazul.ec/mellimet-1000mg-x30/p
Metformina liberacion prolongada,cruzazul,Mellimet 750 mg x 30,Mellimet,16.33,16.33,/Vitaminas y Suplementos/Compra por Tipo de Cuidados/Diabetes/|/Vitaminas y Suplementos/Compra por Tipo de Cuidados/|/Vitaminas y Suplementos/,https://www.farmaciascruzazul.ec/mellimet-750mg-x30/p
Metformina liberacion prolongada,cruzazul,Altuxerin Duo 50 mg/1000 mg x 28,Altuxerin,31.08,31.08,/Medicinas/Aparato Metabólico y Digestivo/|/Medicinas/,https://www.farmaciascruzazul.ec/altuxerin-duo-50mg-1000mg-x28/p
Metformina liberacion prolongada,cruzazul,Altuxerin Duo 100 mg/1000 mg x 28,Altuxerin,49.84,49.84,/Medicinas/Aparato Metabólico y Digestivo/|/Medicinas/,https://www.farmaciascruzazul.ec/altuxerin-duo-100mg-1000mg-x28/p
Glibenclamida,pharmacys,Glibenclamida 5mg ecuaquimica - mintlab comprimidos,Glibenclamida,2.4,2.4,/Medicinas/Aparato Metabólico y Digestivo/|/Medicinas/,https://www.pharmacys.com.ec/glibenclamida-5mg-ecuaquimica-mintlab-comprimidos/p
Glibenclamida,pharmacys,Glibenclamida 5mg tecnoquimicas - genericos tableta,Glibenclamida,2.4,2.4,/Medicinas/Aparato Metabólico y Digestivo/|/Medicinas/,https://www.pharmacys.com.ec/glibenclamida-5mg-tecnoquimicas-genericos-tableta/p
Glibenclamida,pharmacys,Metfordan 500/5mg danivet tableta,Metfordan,4.53,4.53,/Medicinas/Aparato Metabólico y Digestivo/|/Medicinas/,https://www.pharmacys.com.ec/metfordan-500-5mg-danivet-tableta/p
Glibenclamida,medicity,Glibenclamida Mk Tabletas 5 mg Caja Con 30 Unidades,MK,0.06,0.08,/Medicina/Diabetes/|/Medicina/,https://www.farmaciasmedicity.com/glibenclamida-mk-tabletas-5-mg-caja-con-30-unidades/p
Glibenclamida,medicity,Glucovance Tabletas Recubiertas Caja Con 30 Unidades,GLUCOVANCE,0.26,0.3,/Medicina/Diabetes/|/Medicina/,https://www.farmaciasmedicity.com/glucovance-tabletas-recubiertas-caja-con-30-unidades/p
Glibenclamida,cruzazul,Glibenclamida 5mg ecuaquimica - mintlab comprimidos,Glibenclamida,2.4,2.4,/Medicinas/Aparato Metabólico y Digestivo/|/Medicinas/,https://www.farmaciascruzazul.ec/glibenclamida-5mg-ecuaquimica-mintlab-comprimidos/p
Glibenclamida,cruzazul,Glibenclamida 5mg tecnoquimicas - genericos tableta,Glibenclamida,2.4,2.4,/Medicinas/Aparato Metabólico y Digestivo/|/Medicinas/,https://www.farmaciascruzazul.ec/glibenclamida-5mg-tecnoquimicas-genericos-tableta/p
Glibenclamida,cruzazul,Metfordan 500/5mg danivet tableta,Metfordan,4.53,4.53,/Medicinas/Aparato Metabólico y Digestivo/|/Medicinas/,https://www.farmaciascruzazul.ec/metfordan-500-5mg-danivet-tableta/p
Glimepirida,pharmacys,Glimepirida 4mg tecnoquimicas - genericos tableta,Glimepirida,6.8,6.8,/Medicinas/Aparato Metabólico y Digestivo/|/Medicinas/,https://www.pharmacys.com.ec/glimepirida-4mg-tecnoquimicas-genericos-tableta/p
Glimepirida,pharmacys,Glimepirida 2mg tecnoquimicas - genericos tableta,Glimepirida,3.9,3.9,/Medicinas/Aparato Metabólico y Digestivo/|/Medicinas/,https://www.pharmacys.com.ec/glimepirida-2mg-tecnoquimicas-genericos-tableta/p
Glimepirida,medicity,Amaryl M Comprimido Recubierto Caja Con 16 Unidades,AMARYL,0.51,0.57,/Medicina/Diabetes/|/Medicina/,https://www.farmaciasmedicity.com/amaryl-m-comprimido-recubierto-caja-con-16-unidades/p
Glimepirida,cruzazul,Glimepirida 4mg tecnoquimicas - genericos tableta,Glimepirida,6.8,6.8,/Medicinas/Aparato Metabólico y Digestivo/|/Medicinas/,https://www.farmaciascruzazul.ec/glimepirida-4mg-tecnoquimicas-genericos-tableta/p
Glimepirida,cruzazul,Glimepirida 2mg tecnoquimicas - genericos tableta,Glimepirida,3.9,3.9,/Medicinas/Aparato Metabólico y Digestivo/|/Medicinas/,https://www.farmaciascruzazul.ec/glimepirida-2mg-tecnoquimicas-genericos-tableta/p
Glimepirida/Metformina,medicity,Amaryl M Comprimido Recubierto Caja Con 16 Unidades,AMARYL,0.51,0.57,/Medicina/Diabetes/|/Medicina/,https://www.farmaciasmedicity.com/amaryl-m-comprimido-recubierto-caja-con-16-unidades/p
Sitagliptina,pharmacys,Altuxerin 50 mg x 14,Altuxerin,22.4,22.4,/Medicinas/Aparato Metabólico y Digestivo/|/Medicinas/,https://www.pharmacys.com.ec/altuxerin-50mg-x14/p
Sitagliptina,pharmacys,Altuxerin 100 mg x 28,Altuxerin,44.8,44.8,/Medicinas/Aparato Metabólico y Digestivo/|/Medicinas/,https://www.pharmacys.com.ec/altuxerin-100mg-x28/p
Sitagliptina,pharmacys,Altuxerin Duo 100 mg/1000 mg x 28,Altuxerin,49.84,49.84,/Medicinas/Aparato Metabólico y Digestivo/|/Medicinas/,https://www.pharmacys.com.ec/altuxerin-duo-100mg-1000mg-x28/p
Sitagliptina,pharmacys,Altuxerin Duo 50 mg/1000 mg x 28,Altuxerin,31.08,31.08,/Medicinas/Aparato Metabólico y Digestivo/|/Medicinas/,https://www.pharmacys.com.ec/altuxerin-duo-50mg-1000mg-x28/p
Sitagliptina,pharmacys,Paziglip 10 mg x 30,Paziglip,45.0,45.0,/Equipos y Accesorios de Salud/Equipos y Accesorios Médicos/Control Glucémico/|/Equipos y Accesorios de Salud/Equipos y Accesorios Médicos/|/Equipos y Accesorios de Salud/,https://www.pharmacys.com.ec/paziglip-10mg-x30/p
Sitagliptina,medicity,Janumet Comprimidos Recubiertos 50/850 mg,JANUMET,0.64,0.74,/Medicina/Diabetes/|/Medicina/,https://www.farmaciasmedicity.com/janumet-comprimidos-recubiertos-50850-mg/p
Sitagliptina,medicity,Janumet Comprimidos Recubiertos Caja Con 56 Unidades,JANUMET,0.75,0.81,/Medicina/Diabetes/|/Medicina/,https://www.farmaciasmedicity.com/janumet-comprimidos-recubiertos-caja-con-56-unidades/p
Sitagliptina,medicity,Janumet Comprimidos Recubiertos Caja Con 28 Unidades,JANUMET,0.67,0.81,/Medicina/Diabetes/|/Medicina/,https://www.farmaciasmedicity.com/janumet-comprimidos-recubiertos-caja-con-28-unidades/p
Sitagliptina,cruzazul,Altuxerin 100 mg x 28,Altuxerin,44.8,44.8,/Medicinas/Aparato Metabólico y Digestivo/|/Medicinas/,https://www.farmaciascruzazul.ec/altuxerin-100mg-x28/p
Sitagliptina,cruzazul,Altuxerin 50 mg x 14,Altuxerin,22.4,22.4,/Medicinas/Aparato Metabólico y Digestivo/|/Medicinas/,https://www.farmaciascruzazul.ec/altuxerin-50mg-x14/p
Sitagliptina,cruzazul,Altuxerin Duo 100 mg/1000 mg x 28,Altuxerin,49.84,49.84,/Medicinas/Aparato Metabólico y Digestivo/|/Medicinas/,https://www.farmaciascruzazul.ec/altuxerin-duo-100mg-1000mg-x28/p
Sitagliptina,cruzazul,Altuxerin Duo 50 mg/1000 mg x 28,Altuxerin,31.08,31.08,/Medicinas/Aparato Metabólico y Digestivo/|/Medicinas/,https://www.farmaciascruzazul.ec/altuxerin-duo-50mg-1000mg-x28/p
Sitagliptina,cruzazul,Paziglip 10 mg x 30,Paziglip,45.0,45.0,/Equipos y Accesorios de Salud/Equipos y Accesorios Médicos/Control Glucémico/|/Equipos y Accesorios de Salud/Equipos y Accesorios Médicos/|/Equipos y Accesorios de Salud/,https://www.farmaciascruzazul.ec/paziglip-10mg-x30/p
Sitagliptina/Metformina,pharmacys,Altuxerin Duo 100 mg/1000 mg x 28,Altuxerin,49.84,49.84,/Medicinas/Aparato Metabólico y Digestivo/|/Medicinas/,https://www.pharmacys.com.ec/altuxerin-duo-100mg-1000mg-x28/p
Sitagliptina/Metformina,pharmacys,Altuxerin Duo 50 mg/1000 mg x 28,Altuxerin,31.08,31.08,/Medicinas/Aparato Metabólico y Digestivo/|/Medicinas/,https://www.pharmacys.com.ec/altuxerin-duo-50mg-1000mg-x28/p
Sitagliptina/Metformina,pharmacys,Altuxerin 50 mg x 14,Altuxerin,22.4,22.4,/Medicinas/Aparato Metabólico y Digestivo/|/Medicinas/,https://www.pharmacys.com.ec/altuxerin-50mg-x14/p
Sitagliptina/Metformina,pharmacys,Altuxerin 100 mg x 28,Altuxerin,44.8,44.8,/Medicinas/Aparato Metabólico y Digestivo/|/Medicinas/,https://www.pharmacys.com.ec/altuxerin-100mg-x28/p
Sitagliptina/Metformina,pharmacys,Paziglip 10 mg x 30,Paziglip,45.0,45.0,/Equipos y Accesorios de Salud/Equipos y Accesorios Médicos/Control Glucémico/|/Equipos y Accesorios de Salud/Equipos y Accesorios Médicos/|/Equipos y Accesorios de Salud/,https://www.pharmacys.com.ec/paziglip-10mg-x30/p
Sitagliptina/Metformina,medicity,Janumet Comprimidos Recubiertos Caja Con 28 Unidades,JANUMET,0.67,0.81,/Medicina/Diabetes/|/Medicina/,https://www.farmaciasmedicity.com/janumet-comprimidos-recubiertos-caja-con-28-unidades/p
Sitagliptina/Metformina,medicity,Janumet Comprimidos Recubiertos 50/850 mg,JANUMET,0.64,0.74,/Medicina/Diabetes/|/Medicina/,https://www.farmaciasmedicity.com/janumet-comprimidos-recubiertos-50850-mg/p
Sitagliptina/Metformina,medicity,Janumet Comprimidos Recubiertos Caja Con 56 Unidades,JANUMET,0.75,0.81,/Medicina/Diabetes/|/Medicina/,https://www.farmaciasmedicity.com/janumet-comprimidos-recubiertos-caja-con-56-unidades/p
Sitagliptina/Metformina,cruzazul,Altuxerin Duo 100 mg/1000 mg x 28,Altuxerin,49.84,49.84,/Medicinas/Aparato Metabólico y Digestivo/|/Medicinas/,https://www.farmaciascruzazul.ec/altuxerin-duo-100mg-1000mg-x28/p
Sitagliptina/Metformina,cruzazul,Altuxerin Duo 50 mg/1000 mg x 28,Altuxerin,31.08,31.08,/Medicinas/Aparato Metabólico y Digestivo/|/Medicinas/,https://www.farmaciascruzazul.ec/altuxerin-duo-50mg-1000mg-x28/p
Sitagliptina/Metformina,cruzazul,Altuxerin 50 mg x 14,Altuxerin,22.4,22.4,/Medicinas/Aparato Metabólico y Digestivo/|/Medicinas/,https://www.farmaciascruzazul.ec/altuxerin-50mg-x14/p
Sitagliptina/Metformina,cruzazul,Altuxerin 100 mg x 28,Altuxerin,44.8,44.8,/Medicinas/Aparato Metabólico y Digestivo/|/Medicinas/,https://www.farmaciascruzazul.ec/altuxerin-100mg-x28/p
Sitagliptina/Metformina,cruzazul,Paziglip 10 mg x 30,Paziglip,45.0,45.0,/Equipos y Accesorios de Salud/Equipos y Accesorios Médicos/Control Glucémico/|/Equipos y Accesorios de Salud/Equipos y Accesorios Médicos/|/Equipos y Accesorios de Salud/,https://www.farmaciascruzazul.ec/paziglip-10mg-x30/p
Vildagliptina,pharmacys,Vilzer 50mg quifatex dist medicamenta comprimidos,Vilzer,24.3,24.3,/Tratamientos y Salud/Alivio del Dolor/Dolor Articular y Muscular/|/Tratamientos y Salud/Alivio del Dolor/|/Tratamientos y Salud/,https://www.pharmacys.com.ec/vilzer-50mg-quifatex-dist-medicamenta-comprimidos/p
Vildagliptina,pharmacys,Vilzermet 50/1000mg quifatex dist medicamenta comprimido recubierto,Vilzermet,28.18,28.18,/Cuidado Personal/Desodorantes y Antitranspirantes/Para Mujeres/|/Cuidado Personal/Desodorantes y Antitranspirantes/|/Cuidado Personal/,https://www.pharmacys.com.ec/vilzermet-50-1000mg-quifatex-dist-medicamenta-comprimido-recubierto/p
Vildagliptina,pharmacys,Vilzermet 50/500mg quifatex dist medicamenta comprimido recubierto,Vilzermet,27.6,27.6,/Belleza y Cuidado de la Piel/Cuidado Facial/|/Belleza y Cuidado de la Piel/,https://www.pharmacys.com.ec/vilzermet-50-500mg-quifatex-dist-medicamenta-comprimido-recubierto/p
Vildagliptina,pharmacys,Vilzermet 50/850mg quifatex dist medicamenta comprimido recubierto,Vilzermet,27.9,27.9,/Cuidado Personal/Desodorantes y Antitranspirantes/Para Mujeres/|/Cuidado Personal/Desodorantes y Antitranspirantes/|/Cuidado Personal/,https://www.pharmacys.com.ec/vilzermet-50-850mg-quifatex-dist-medicamenta-comprimido-recubierto/p
Vildagliptina,medicity,Galvus Met Fix Comprimidos Recubiertos 50/500 mg Caja Con 56 Unidades,GALVUS,0.85,0.92,/Medicina/Diabetes/|/Medicina/,https://www.farmaciasmedicity.com/galvus-met-fix-comprimidos-recubiertos-50500-mg-caja-con-56-unidades/p
Vildagliptina,medicity,Vilzermet Comprimidos Recubiertos 850/50mg Caja 30 Unidades,VILZERMET,0.6,0.93,/Medicina/Diabetes/|/Medicina/,https://www.farmaciasmedicity.com/vilzermet-comprimidos-recubiertos-850-50mg-caja-30-unidades-1/p
Vildagliptina,cruzazul,Vilzer 50mg quifatex dist medicamenta comprimidos,Vilzer,24.3,24.3,/Tratamientos y Salud/Alivio del Dolor/Dolor Articular y Muscular/|/Tratamientos y Salud/Alivio del Dolor/|/Tratamientos y Salud/,https://www.farmaciascruzazul.ec/vilzer-50mg-quifatex-dist-medicamenta-comprimidos/p
Vildagliptina,cruzazul,Vilzermet 50/1000mg quifatex dist medicamenta comprimido recubierto,Vilzermet,28.18,28.18,/Cuidado Personal/Desodorantes y Antitranspirantes/Para Mujeres/|/Cuidado Personal/Desodorantes y Antitranspirantes/|/Cuidado Personal/,https://www.farmaciascruzazul.ec/vilzermet-50-1000mg-quifatex-dist-medicamenta-comprimido-recubierto/p
Vildagliptina,cruzazul,Vilzermet 50/500mg quifatex dist medicamenta comprimido recubierto,Vilzermet,27.6,27.6,/Belleza y Cuidado de la Piel/Cuidado Facial/|/Belleza y Cuidado de la Piel/,https://www.farmaciascruzazul.ec/vilzermet-50-500mg-quifatex-dist-medicamenta-comprimido-recubierto/p
Vildagliptina,cruzazul,Vilzermet 50/850mg quifatex dist medicamenta comprimido recubierto,Vilzermet,27.9,27.9,/Cuidado Personal/Desodorantes y Antitranspirantes/Para Mujeres/|/Cuidado Personal/Desodorantes y Antitranspirantes/|/Cuidado Personal/,https://www.farmaciascruzazul.ec/vilzermet-50-850mg-quifatex-dist-medicamenta-comprimido-recubierto/p
Vildagliptina/Metformina,pharmacys,Vilzermet 50/1000mg quifatex dist medicamenta comprimido recubierto,Vilzermet,28.18,28.18,/Cuidado Personal/Desodorantes y Antitranspirantes/Para Mujeres/|/Cuidado Personal/Desodorantes y Antitranspirantes/|/Cuidado Personal/,https://www.pharmacys.com.ec/vilzermet-50-1000mg-quifatex-dist-medicamenta-comprimido-recubierto/p
Vildagliptina/Metformina,pharmacys,Vilzermet 50/850mg quifatex dist medicamenta comprimido recubierto,Vilzermet,27.9,27.9,/Cuidado Personal/Desodorantes y Antitranspirantes/Para Mujeres/|/Cuidado Personal/Desodorantes y Antitranspirantes/|/Cuidado Personal/,https://www.pharmacys.com.ec/vilzermet-50-850mg-quifatex-dist-medicamenta-comprimido-recubierto/p
Vildagliptina/Metformina,pharmacys,Vilzermet 50/500mg quifatex dist medicamenta comprimido recubierto,Vilzermet,27.6,27.6,/Belleza y Cuidado de la Piel/Cuidado Facial/|/Belleza y Cuidado de la Piel/,https://www.pharmacys.com.ec/vilzermet-50-500mg-quifatex-dist-medicamenta-comprimido-recubierto/p
Vildagliptina/Metformina,medicity,Galvus Met Fix Comprimidos Recubiertos 50/500 mg Caja Con 56 Unidades,GALVUS,0.85,0.92,/Medicina/Diabetes/|/Medicina/,https://www.farmaciasmedicity.com/galvus-met-fix-comprimidos-recubiertos-50500-mg-caja-con-56-unidades/p
Vildagliptina/Metformina,medicity,Vilzermet Comprimidos Recubiertos 850/50mg Caja 30 Unidades,VILZERMET,0.6,0.93,/Medicina/Diabetes/|/Medicina/,https://www.farmaciasmedicity.com/vilzermet-comprimidos-recubiertos-850-50mg-caja-30-unidades-1/p
Vildagliptina/Metformina,cruzazul,Vilzermet 50/1000mg quifatex dist medicamenta comprimido recubierto,Vilzermet,28.18,28.18,/Cuidado Personal/Desodorantes y Antitranspirantes/Para Mujeres/|/Cuidado Personal/Desodorantes y Antitranspirantes/|/Cuidado Personal/,https://www.farmaciascruzazul.ec/vilzermet-50-1000mg-quifatex-dist-medicamenta-comprimido-recubierto/p
Vildagliptina/Metformina,cruzazul,Vilzermet 50/850mg quifatex dist medicamenta comprimido recubierto,Vilzermet,27.9,27.9,/Cuidado Personal/Desodorantes y Antitranspirantes/Para Mujeres/|/Cuidado Personal/Desodorantes y Antitranspirantes/|/Cuidado Personal/,https://www.farmaciascruzazul.ec/vilzermet-50-850mg-quifatex-dist-medicamenta-comprimido-recubierto/p
Vildagliptina/Metformina,cruzazul,Vilzermet 50/500mg quifatex dist medicamenta comprimido recubierto,Vilzermet,27.6,27.6,/Belleza y Cuidado de la Piel/Cuidado Facial/|/Belleza y Cuidado de la Piel/,https://www.farmaciascruzazul.ec/vilzermet-50-500mg-quifatex-dist-medicamenta-comprimido-recubierto/p
Linagliptina,pharmacys,Glipnal 5 mg x 30,Glipnal,40.03,40.03,/Vitaminas y Suplementos/Compra por Tipo de Cuidados/Diabetes/|/Vitaminas y Suplementos/Compra por Tipo de Cuidados/|/Vitaminas y Suplementos/,https://www.pharmacys.com.ec/glipnal-5mg-x30/p
Linagliptina,pharmacys,"Glipnal Duo 2,5 mg/850 mg x 60",Glipnal,41.82,41.82,/Vitaminas y Suplementos/Compra por Tipo de Cuidados/Diabetes/|/Vitaminas y Suplementos/Compra por Tipo de Cuidados/|/Vitaminas y Suplementos/,https://www.pharmacys.com.ec/glipnal-duo-2-5mg-850mg-x60/p
Linagliptina,pharmacys,"Glipnal Duo 2,5 mg/1000 mg x 60",Glipnal,41.82,41.82,/Vitaminas y Suplementos/Compra por Tipo de Cuidados/Diabetes/|/Vitaminas y Suplementos/Compra por Tipo de Cuidados/|/Vitaminas y Suplementos/,https://www.pharmacys.com.ec/glipnal-duo-2-5mg-1000mg-x60/p
Linagliptina,pharmacys,"Glipnal Duo 2,5 mg/500 mg x 60",Glipnal,41.82,41.82,/Vitaminas y Suplementos/Compra por Tipo de Cuidados/Diabetes/|/Vitaminas y Suplementos/Compra por Tipo de Cuidados/|/Vitaminas y Suplementos/,https://www.pharmacys.com.ec/glipnal-duo-2-5mg-500mg-x60/p
Linagliptina,medicity,Trayenta Duo Comprimidos Recubiertos Caja Con 60 Unidades,TRAYENTA,0.83,0.83,/Medicina/Diabetes/|/Medicina/,https://www.farmaciasmedicity.com/trayenta-duo-comprimidos-recubiertos-caja-con-60-unidades/p
Linagliptina,medicity,Glyxambi Comprimidos Recubiertas 25/5mg Caja 30 Unidades,GLYXAMBI,2.78,2.78,/Medicina/Diabetes/|/Medicina/,https://www.farmaciasmedicity.com/glyxambi-comprimidos-recubiertas-25-5mg-caja-30-unidades-1/p
Linagliptina,medicity,Trayenta Duo Comprimidos Recubiertos 2.5/500 mg Caja 60 Unidades,TRAYENTA,0.83,0.83,/Medicina/Diabetes/|/Medicina/,https://www.farmaciasmedicity.com/trayenta-duo-comprimidos-recubiertos-25500-mg-caja-con-60-unidades/p
Linagliptina,cruzazul,Glipnal 5 mg x 30,Glipnal,40.03,40.03,/Vitaminas y Suplementos/Compra por Tipo de Cuidados/Diabetes/|/Vitaminas y Suplementos/Compra por Tipo de Cuidados/|/Vitaminas y Suplementos/,https://www.farmaciascruzazul.ec/glipnal-5mg-x30/p
Linagliptina,cruzazul,"Glipnal Duo 2,5 mg/850 mg x 60",Glipnal,41.82,41.82,/Vitaminas y Suplementos/Compra por Tipo de Cuidados/Diabetes/|/Vitaminas y Suplementos/Compra por Tipo de Cuidados/|/Vitaminas y Suplementos/,https://www.farmaciascruzazul.ec/glipnal-duo-2-5mg-850mg-x60/p
Linagliptina,cruzazul,"Glipnal Duo 2,5 mg/1000 mg x 60",Glipnal,41.82,41.82,/Vitaminas y Suplementos/Compra por Tipo de Cuidados/Diabetes/|/Vitaminas y Suplementos/Compra por Tipo de Cuidados/|/Vitaminas y Suplementos/,https://www.farmaciascruzazul.ec/glipnal-duo-2-5mg-1000mg-x60/p
Linagliptina,cruzazul,"Glipnal Duo 2,5 mg/500 mg x 60",Glipnal,41.82,41.82,/Vitaminas y Suplementos/Compra por Tipo de Cuidados/Diabetes/|/Vitaminas y Suplementos/Compra por Tipo de Cuidados/|/Vitaminas y Suplementos/,https://www.farmaciascruzazul.ec/glipnal-duo-2-5mg-500mg-x60/p
Empagliflozina,medicity,Glyxambi Comprimidos Recubiertas 25/5mg Caja 30 Unidades,GLYXAMBI,2.78,2.78,/Medicina/Diabetes/|/Medicina/,https://www.farmaciasmedicity.com/glyxambi-comprimidos-recubiertas-25-5mg-caja-30-unidades-1/p
Empagliflozina,medicity,Jardiance Duo Comprimidos Recubiertos Caja Con 60 Unidades,JARDIANCE,1.14,1.14,/Medicina/Diabetes/|/Medicina/,https://www.farmaciasmedicity.com/jardiance-duo-comprimidos-recubiertos-caja-con-60-unidades/p
Empagliflozina,medicity,Jardiance Comprimidos Recubiertos Caja con 30 Unidades,JARDIANCE,1.6,1.6,/Medicina/Diabetes/|/Medicina/,https://www.farmaciasmedicity.com/jardiance-comprimidos-recubiertos-caja-con-30-unidades/p
Dapagliflozina,pharmacys,Fanter 10mg quifatex dist medicamenta fanter – inhibidor sglt2 oral,Fanter,45.9,45.9,/Minimarket/Snacks/|/Minimarket/,https://www.pharmacys.com.ec/fanter-10mg-quifatex-dist-medicamenta-fanter-inhibidor-sglt2/p
Dapagliflozina,pharmacys,Paziglip 10 mg x 30,Paziglip,45.0,45.0,/Equipos y Accesorios de Salud/Equipos y Accesorios Médicos/Control Glucémico/|/Equipos y Accesorios de Salud/Equipos y Accesorios Médicos/|/Equipos y Accesorios de Salud/,https://www.pharmacys.com.ec/paziglip-10mg-x30/p
Dapagliflozina,pharmacys,Paziglip Duo 5 mg/1000 mg x 28,Paziglip,21.17,21.17,/Equipos y Accesorios de Salud/Equipos y Accesorios Médicos/Control Glucémico/|/Equipos y Accesorios de Salud/Equipos y Accesorios Médicos/|/Equipos y Accesorios de Salud/,https://www.pharmacys.com.ec/paziglip-duo-5mg-1000mg-x28/p
Dapagliflozina,pharmacys,Paziglip Duo 10 mg/1000 mg x 28,Paziglip,41.49,41.49,/Equipos y Accesorios de Salud/Equipos y Accesorios Médicos/Control Glucémico/|/Equipos y Accesorios de Salud/Equipos y Accesorios Médicos/|/Equipos y Accesorios de Salud/,https://www.pharmacys.com.ec/paziglip-duo-10mg-1000mg-x28/p
Dapagliflozina,medicity,Fanter Comprimidos Recubiertos 10 mg Caja 30 Unidades,FANTER,1.22,1.53,/Medicina/Diabetes/|/Medicina/,https://www.farmaciasmedicity.com/fanter-comprimidos-recubiertos-10-mg-caja-30-unidades-1/p
Dapagliflozina,medicity,Forxiga Comprimidos Recubiertas 10 mg Caja 30 Unidades,FORXIGA,1.56,1.7,/Medicina/Diabetes/|/Medicina/,https://www.farmaciasmedicity.com/forxiga-comprimidos-recubiertas-10-mg-caja-30-unidades-1/p
Dapagliflozina,medicity,Xigduo XR Comprimidos Recubiertos Caja con 30 Unidades,XIGDUO,1.23,1.54,/Medicina/Diabetes/|/Medicina/,https://www.farmaciasmedicity.com/xigduo-xr-comprimidos-recubiertos-caja-con-30-unidades/p
Dapagliflozina,cruzazul,Fanter 10mg quifatex dist medicamenta fanter – inhibidor sglt2 oral,Fanter,45.9,45.9,/Minimarket/Snacks/|/Minimarket/,https://www.farmaciascruzazul.ec/fanter-10mg-quifatex-dist-medicamenta-fanter-inhibidor-sglt2/p
Dapagliflozina,cruzazul,Paziglip 10 mg x 30,Paziglip,45.0,45.0,/Equipos y Accesorios de Salud/Equipos y Accesorios Médicos/Control Glucémico/|/Equipos y Accesorios de Salud/Equipos y Accesorios Médicos/|/Equipos y Accesorios de Salud/,https://www.farmaciascruzazul.ec/paziglip-10mg-x30/p
Dapagliflozina,cruzazul,Paziglip Duo 5 mg/1000 mg x 28,Paziglip,21.17,21.17,/Equipos y Accesorios de Salud/Equipos y Accesorios Médicos/Control Glucémico/|/Equipos y Accesorios de Salud/Equipos y Accesorios Médicos/|/Equipos y Accesorios de Salud/,https://www.farmaciascruzazul.ec/paziglip-duo-5mg-1000mg-x28/p
Dapagliflozina,cruzazul,Paziglip Duo 10 mg/1000 mg x 28,Paziglip,41.49,41.49,/Equipos y Accesorios de Salud/Equipos y Accesorios Médicos/Control Glucémico/|/Equipos y Accesorios de Salud/Equipos y Accesorios Médicos/|/Equipos y Accesorios de Salud/,https://www.farmaciascruzazul.ec/paziglip-duo-10mg-1000mg-x28/p
Dapagliflozina/Metformina,pharmacys,Paziglip Duo 5 mg/1000 mg x 28,Paziglip,21.17,21.17,/Equipos y Accesorios de Salud/Equipos y Accesorios Médicos/Control Glucémico/|/Equipos y Accesorios de Salud/Equipos y Accesorios Médicos/|/Equipos y Accesorios de Salud/,https://www.pharmacys.com.ec/paziglip-duo-5mg-1000mg-x28/p
Dapagliflozina/Metformina,pharmacys,Paziglip Duo 10 mg/1000 mg x 28,Paziglip,41.49,41.49,/Equipos y Accesorios de Salud/Equipos y Accesorios Médicos/Control Glucémico/|/Equipos y Accesorios de Salud/Equipos y Accesorios Médicos/|/Equipos y Accesorios de Salud/,https://www.pharmacys.com.ec/paziglip-duo-10mg-1000mg-x28/p
Dapagliflozina/Metformina,pharmacys,Paziglip 10 mg x 30,Paziglip,45.0,45.0,/Equipos y Accesorios de Salud/Equipos y Accesorios Médicos/Control Glucémico/|/Equipos y Accesorios de Salud/Equipos y Accesorios Médicos/|/Equipos y Accesorios de Salud/,https://www.pharmacys.com.ec/paziglip-10mg-x30/p
Dapagliflozina/Metformina,medicity,Xigduo XR Comprimidos Recubiertos Caja con 30 Unidades,XIGDUO,1.23,1.54,/Medicina/Diabetes/|/Medicina/,https://www.farmaciasmedicity.com/xigduo-xr-comprimidos-recubiertos-caja-con-30-unidades/p
Dapagliflozina/Metformina,cruzazul,Paziglip Duo 5 mg/1000 mg x 28,Paziglip,21.17,21.17,/Equipos y Accesorios de Salud/Equipos y Accesorios Médicos/Control Glucémico/|/Equipos y Accesorios de Salud/Equipos y Accesorios Médicos/|/Equipos y Accesorios de Salud/,https://www.farmaciascruzazul.ec/paziglip-duo-5mg-1000mg-x28/p
Dapagliflozina/Metformina,cruzazul,Paziglip Duo 10 mg/1000 mg x 28,Paziglip,41.49,41.49,/Equipos y Accesorios de Salud/Equipos y Accesorios Médicos/Control Glucémico/|/Equipos y Accesorios de Salud/Equipos y Accesorios Médicos/|/Equipos y Accesorios de Salud/,https://www.farmaciascruzazul.ec/paziglip-duo-10mg-1000mg-x28/p
Dapagliflozina/Metformina,cruzazul,Paziglip 10 mg x 30,Paziglip,45.0,45.0,/Equipos y Accesorios de Salud/Equipos y Accesorios Médicos/Control Glucémico/|/Equipos y Accesorios de Salud/Equipos y Accesorios Médicos/|/Equipos y Accesorios de Salud/,https://www.farmaciascruzazul.ec/paziglip-10mg-x30/p
Insulina glargina,medicity,Toujeo Solución Inyectable 300u/Ml Prellenado 1.5 ml 1 Unidad Cf,TOUJEO,30.49,30.49,/Medicina/Diabetes/|/Medicina/,https://www.farmaciasmedicity.com/toujeo-solucion-inyectable-300u-ml-prellenado-1-5-ml-1-unidad-cf-1/p
Insulina glargina,medicity,Lantus Solostar Solución Inyectable 100Ui/ mL Caja con 1 Unidad,LANTUS,14.33,15.92,/Medicina/Diabetes/|/Medicina/,https://www.farmaciasmedicity.com/lantus-solostar-solucion-inyectable-100ui-ml-caja-con-1-unidad/p
Insulina lispro,pharmacys,Humalog 100ui quifatex dist medicamenta solución inyectable,Humalog,68.5,68.5,/Medicinas/Aparato Metabólico y Digestivo/|/Medicinas/,https://www.pharmacys.com.ec/humalog-100ui-quifatex-dist-medicamenta-solucion-inyectable/p
Insulina lispro,pharmacys,Humalog 100ui quifatex dist medicamenta solución inyectable mix lapicero,Humalog,68.5,68.5,/Medicinas/Aparato Metabólico y Digestivo/|/Medicinas/,https://www.pharmacys.com.ec/humalog-100ui-quifatex-dist-medicamenta-solucion-inyectable-mix-lapicero/p
Insulina lispro,cruzazul,Humalog 100ui quifatex dist medicamenta solución inyectable,Humalog,68.5,68.5,/Medicinas/Aparato Metabólico y Digestivo/|/Medicinas/,https://www.farmaciascruzazul.ec/humalog-100ui-quifatex-dist-medicamenta-solucion-inyectable/p
Insulina lispro,cruzazul,Humalog 100ui quifatex dist medicamenta solución inyectable mix lapicero,Humalog,68.5,68.5,/Medicinas/Aparato Metabólico y Digestivo/|/Medicinas/,https://www.farmaciascruzazul.ec/humalog-100ui-quifatex-dist-medicamenta-solucion-inyectable-mix-lapicero/p
Insulina mezcla 70/30,pharmacys,Insulina Humulin 70/30 100 UI/ml Vial 10 ml,Humulin,22.14,22.14,/Medicinas/Sangre Y Órganos Hematopoyéticos/|/Medicinas/,https://www.pharmacys.com.ec/humulin-100ui-quifatex-dist-medicamenta-suspension-30-70/p
Insulina mezcla 70/30,pharmacys,Novolin 70/30 Insulina 100 UI/mL Frasco 10 mL,Novolin,18.0,18.0,/Medicinas/Aparato Metabólico y Digestivo/|/Medicinas/,https://www.pharmacys.com.ec/novolin-100ui-leterago-novo-nordisk-suspension-inyectable-1042-13741/p
Insulina mezcla 70/30,pharmacys,Novolin penf 70/30 s-inyx100uix3mx5,Novolin,34.21,34.21,/Medicinas/Aparato Metabólico y Digestivo/|/Medicinas/,https://www.pharmacys.com.ec/novolin-100ui-leterago-novo-nordisk-suspension-inyectable-1652-13741/p
Insulina mezcla 70/30,cruzazul,Insulina Humulin 70/30 100 UI/ml Vial 10 ml,Humulin,22.14,22.14,/Medicinas/Sangre Y Órganos Hematopoyéticos/|/Medicinas/,https://www.farmaciascruzazul.ec/humulin-100ui-quifatex-dist-medicamenta-suspension-30-70/p
Insulina mezcla 70/30,cruzazul,Novolin 70/30 Insulina 100 UI/mL Frasco 10 mL,Novolin,14.4,18.0,/Medicinas/Aparato Metabólico y Digestivo/|/Medicinas/,https://www.farmaciascruzazul.ec/novolin-100ui-leterago-novo-nordisk-suspension-inyectable-1042-13741/p
Insulina mezcla 70/30,cruzazul,Novolin penf 70/30 s-inyx100uix3mx5,Novolin,34.21,34.21,/Medicinas/Aparato Metabólico y Digestivo/|/Medicinas/,https://www.farmaciascruzazul.ec/novolin-100ui-leterago-novo-nordisk-suspension-inyectable-1652-13741/p
Levotiroxina,pharmacys,Levotiroxina 100mg berkanafarma tableta,Levotiroxina,3.95,3.95,/Medicinas/Hormonas/|/Medicinas/,https://www.pharmacys.com.ec/levotiroxina-100mg-berkana-berkana-tableta/p
Levotiroxina,pharmacys,Levotiroxina 50mg berkanafarma tabletas,Levotiroxina,3.0,3.0,/Medicinas/Hormonas/|/Medicinas/,https://www.pharmacys.com.ec/levotiroxina-50mg-berkana-berkana-tabletas/p
Levotiroxina,pharmacys,Boncheck Tab x75mcg x50,Boncheck,3.9,3.9,/Tratamientos y Salud/,https://www.pharmacys.com.ec/boncheck-75mcg-alianza-bonapharm/p
Levotiroxina,pharmacys,Boncheck Tab x125Mcg x50,Boncheck,4.95,4.95,/Medicinas/Hormonas/|/Medicinas/,https://www.pharmacys.com.ec/boncheck-tab-x125mcg-x50/p
Levotiroxina,pharmacys,Boncheck Tab x50mcg x50,Boncheck,2.95,2.95,/Tratamientos y Salud/,https://www.pharmacys.com.ec/boncheck-50mcg-alianza-bonapharm/p
Levotiroxina,pharmacys,Boncheck Tab x150Mcg x50,Boncheck,7.45,7.45,/Medicinas/Hormonas/|/Medicinas/,https://www.pharmacys.com.ec/boncheck-tab-x150mcg-x50/p
Levotiroxina,pharmacys,Boncheck Tab x100Mcg x50,Boncheck,3.95,3.95,/Medicinas/Hormonas/|/Medicinas/,https://www.pharmacys.com.ec/boncheck-tab-x100mcg-x50/p
Levotiroxina,medicity,Eutirox Tabletas Caja con 50 Unidades,EUTIROX,0.1,0.12,/Medicina/Especialidad/|/Medicina/,https://www.farmaciasmedicity.com/euritox-tabletas-caja-con-50-unidades/p
Levotiroxina,cruzazul,Levotiroxina 100mg berkanafarma tableta,Levotiroxina,3.95,3.95,/Medicinas/Hormonas/|/Medicinas/,https://www.farmaciascruzazul.ec/levotiroxina-100mg-berkana-berkana-tableta/p
Levotiroxina,cruzazul,Levotiroxina 50mg berkanafarma tabletas,Levotiroxina,3.0,3.0,/Medicinas/Hormonas/|/Medicinas/,https://www.farmaciascruzazul.ec/levotiroxina-50mg-berkana-berkana-tabletas/p
Levotiroxina,cruzazul,Boncheck Tab x75mcg x50,Boncheck,3.9,3.9,/Tratamientos y Salud/,https://www.farmaciascruzazul.ec/boncheck-75mcg-alianza-bonapharm/p
Levotiroxina,cruzazul,Boncheck Tab x125Mcg x50,Boncheck,4.95,4.95,/Medicinas/Hormonas/|/Medicinas/,https://www.farmaciascruzazul.ec/boncheck-tab-x125mcg-x50/p
Levotiroxina,cruzazul,Boncheck Tab x50mcg x50,Boncheck,2.95,2.95,/Tratamientos y Salud/,https://www.farmaciascruzazul.ec/boncheck-50mcg-alianza-bonapharm/p
Levotiroxina,cruzazul,Boncheck Tab x150Mcg x50,Boncheck,7.45,7.45,/Medicinas/Hormonas/|/Medicinas/,https://www.farmaciascruzazul.ec/boncheck-tab-x150mcg-x50/p
Levotiroxina,cruzazul,Boncheck Tab x100Mcg x50,Boncheck,3.95,3.95,/Medicinas/Hormonas/|/Medicinas/,https://www.farmaciascruzazul.ec/boncheck-tab-x100mcg-x50/p
Metimazol,medicity,Tapazol Tabletas 5 mg Caja 100 Unidades,TAPAZOL,0.1,0.13,/Medicina/,https://www.farmaciasmedicity.com/tapazol-tabletas-5-mg-caja-con-100-unidades/p
Atorvastatina,pharmacys,Atorvastatina 20mg dyvenpro ecuagen tableta,Atorvastatina,11.2,11.2,/Medicinas/Aparato Cardiovascular/|/Medicinas/,https://www.pharmacys.com.ec/atorvastatina-20mg-dyvenpro-ecuagen-tableta/p
Atorvastatina,pharmacys,Atorvastatina 10 MG x 10,Atorvastatina,15.6,15.6,/Medicinas/Aparato Cardiovascular/|/Medicinas/,https://www.pharmacys.com.ec/atorvastatina-tab-rx10m-pa2lle3-lst/p
Atorvastatina,pharmacys,Atorvastatina Tabletas 10MG x 10,Atorvastatina,7.8,7.8,/Medicinas/Aparato Cardiovascular/|/Medicinas/,https://www.pharmacys.com.ec/atorvastatina-tabx10mgx10-lste/p
Atorvastatina,pharmacys,Atorvastatina 40mg dyvenpro ecuagen tableta,Atorvastatina,35.8,35.8,/Medicinas/Aparato Cardiovascular/|/Medicinas/,https://www.pharmacys.com.ec/atorvastatina-40mg-dyvenpro-ecuagen-tableta/p
Atorvastatina,pharmacys,Atorvastatina 20 MG x 10,Atorvastatina,22.4,22.4,/Medicinas/Aparato Cardiovascular/|/Medicinas/,https://www.pharmacys.com.ec/atorvastatina-tabx20mg-pag2lle3-lst/p
Atorvastatina,pharmacys,Atorvastatina 40 mg x 10 Tabletas Recubiertas,Atorvastatina,18.5,18.5,/Medicinas/Aparato Cardiovascular/|/Medicinas/,https://www.pharmacys.com.ec/atorvastatina-40mg-la-sante-tabletas-recubiertas/p
Atorvastatina,pharmacys,Atorvastatina 20mg garcos - nifa genericos tableta,Atorvastatina,11.2,11.2,/Medicinas/Aparato Cardiovascular/|/Medicinas/,https://www.pharmacys.com.ec/atorvastatina-20mg-garcos-nifa-genericos-tableta/p
Atorvastatina,pharmacys,Atorvastatina 20mg caplin point - generico tableta,Atorvastatina,33.6,33.6,/Medicinas/Aparato Cardiovascular/|/Medicinas/,https://www.pharmacys.com.ec/atorvastatina-20mg-caplin-point-generico-tableta/p
Atorvastatina,pharmacys,Atorvastatina 40mg garcos - nifa genericos tabletas recubiertas,Atorvastatina,18.5,18.5,/Medicinas/Aparato Cardiovascular/|/Medicinas/,https://www.pharmacys.com.ec/atorvastatina-40mg-garcos-nifa-genericos-tabletas-recubiertas/p
Atorvastatina,pharmacys,Atorvastatina 80mg garcos - nifa genericos tabletas recubiertas,Atorvastatina,29.0,29.0,/Medicinas/Aparato Cardiovascular/|/Medicinas/,https://www.pharmacys.com.ec/atorvastatina-80mg-garcos-nifa-genericos-tabletas-recubiertas/p
Atorvastatina,medicity,Tiazomet-A Tabletas Recubiertas 20mg+10mg Caja 30 Unidades,TIAZOMET,1.9,2.06,/Medicina/Sistema Cardiovascular/|/Medicina/,https://www.farmaciasmedicity.com/tiazomet-a-tabletas-recubiertas-20mg-10mg-caja-30-unidades-1/p
Atorvastatina,medicity,Atormibe Tabletas Recubiertas 20/10 mg Caja Con 30 Unidades,ATORMIBE,1.65,2.06,/Medicina/Sistema Cardiovascular/|/Medicina/,https://www.farmaciasmedicity.com/atormibe-tabletas-recubiertas-2010-mg-caja-con-30-unidades/p
Atorvastatina,medicity,Atormibe Tableta Recubierta 10/10mg Caja 30 Unidades,ATORMIBE,1.15,1.44,/Medicina/Sistema Cardiovascular/|/Medicina/,https://www.farmaciasmedicity.com/atormibe-tableta-recubierta-10-10mg-caja-30-unidades-1/p
Atorvastatina,medicity,Acrovastin Comprimido Recubierto Caja 30 Unidades,ACROVASTIN,1.03,1.12,/Medicina/Sistema Cardiovascular/|/Medicina/,https://www.farmaciasmedicity.com/acrovastin-comprimido-recubierto-caja-con-30-unidades/p
Atorvastatina,medicity,Atrolip Tableta Recubierta 40 mg Caja 14 Unidades,ATROLIP,1.48,1.85,/Medicina/Sistema Cardiovascular/|/Medicina/,https://www.farmaciasmedicity.com/atrolip-tableta-recubierta-40-mg-caja-con-14-unidades/p
Atorvastatina,medicity,Lipomega Cápsula Blanda 20 mg Caja 30 Unidades,LIPOMEGA,1.64,2.05,/Medicina/Sistema Cardiovascular/|/Medicina/,https://www.farmaciasmedicity.com/lipomega-capsula-blanda-20-mg-caja-30-unidades-1/p
Atorvastatina,medicity,Colmibe Comprimido 40/10mg Caja 30 Unidades,COLMIBE,1.96,2.13,/Medicina/Sistema Cardiovascular/|/Medicina/,https://www.farmaciasmedicity.com/purigi-panal-inf-ucare-diapers-xl-4-paquete-100-unidades-1/p
Atorvastatina,cruzazul,Atorvastatina 20mg dyvenpro ecuagen tableta,Atorvastatina,11.2,11.2,/Medicinas/Aparato Cardiovascular/|/Medicinas/,https://www.farmaciascruzazul.ec/atorvastatina-20mg-dyvenpro-ecuagen-tableta/p
Atorvastatina,cruzazul,Atorvastatina 10 MG x 10,Atorvastatina,15.6,15.6,/Medicinas/Aparato Cardiovascular/|/Medicinas/,https://www.farmaciascruzazul.ec/atorvastatina-tab-rx10m-pa2lle3-lst/p
Atorvastatina,cruzazul,Atorvastatina Tabletas 10MG x 10,Atorvastatina,7.8,7.8,/Medicinas/Aparato Cardiovascular/|/Medicinas/,https://www.farmaciascruzazul.ec/atorvastatina-tabx10mgx10-lste/p
Atorvastatina,cruzazul,Atorvastatina 40mg dyvenpro ecuagen tableta,Atorvastatina,35.8,35.8,/Medicinas/Aparato Cardiovascular/|/Medicinas/,https://www.farmaciascruzazul.ec/atorvastatina-40mg-dyvenpro-ecuagen-tableta/p
Atorvastatina,cruzazul,Atorvastatina 20 MG x 10,Atorvastatina,22.4,22.4,/Medicinas/Aparato Cardiovascular/|/Medicinas/,https://www.farmaciascruzazul.ec/atorvastatina-tabx20mg-pag2lle3-lst/p
Atorvastatina,cruzazul,Atorvastatina 40 mg x 10 Tabletas Recubiertas,Atorvastatina,18.5,18.5,/Medicinas/Aparato Cardiovascular/|/Medicinas/,https://www.farmaciascruzazul.ec/atorvastatina-40mg-la-sante-tabletas-recubiertas/p
Atorvastatina,cruzazul,Atorvastatina 20mg garcos - nifa genericos tableta,Atorvastatina,11.2,11.2,/Medicinas/Aparato Cardiovascular/|/Medicinas/,https://www.farmaciascruzazul.ec/atorvastatina-20mg-garcos-nifa-genericos-tableta/p
Atorvastatina,cruzazul,Atorvastatina 20mg caplin point - generico tableta,Atorvastatina,33.6,33.6,/Medicinas/Aparato Cardiovascular/|/Medicinas/,https://www.farmaciascruzazul.ec/atorvastatina-20mg-caplin-point-generico-tableta/p
Atorvastatina,cruzazul,Atorvastatina 40mg garcos - nifa genericos tabletas recubiertas,Atorvastatina,18.5,18.5,/Medicinas/Aparato Cardiovascular/|/Medicinas/,https://www.farmaciascruzazul.ec/atorvastatina-40mg-garcos-nifa-genericos-tabletas-recubiertas/p
Atorvastatina,cruzazul,Atorvastatina 80mg garcos - nifa genericos tabletas recubiertas,Atorvastatina,29.0,29.0,/Medicinas/Aparato Cardiovascular/|/Medicinas/,https://www.farmaciascruzazul.ec/atorvastatina-80mg-garcos-nifa-genericos-tabletas-recubiertas/p
Rosuvastatina,pharmacys,Rosuvastatina 10 mg x30,Rosuvastatina,22.5,22.5,/Medicinas/Aparato Cardiovascular/|/Medicinas/,https://www.pharmacys.com.ec/rosuvastatina-10mg-la-sante-tabletas-recubiertas/p
Rosuvastatina,pharmacys,Rosuvastatina 20mg la sante tabletas recubiertas,Rosuvastatina,27.0,27.0,/Medicinas/Aparato Cardiovascular/|/Medicinas/,https://www.pharmacys.com.ec/rosuvastatina-20mg-la-sante-tabletas-recubiertas/p
Rosuvastatina,pharmacys,Rosuvina 10/40mg leterago - legrand,Rosuvina,60.0,60.0,/Medicinas/Aparato Cardiovascular/|/Medicinas/,https://www.pharmacys.com.ec/rosuvina-10-40mg-leterago-legrand/p
Rosuvastatina,medicity,Rosucol E Tableta Recubierta 10/10mg Caja 30 Unidades,ROSUCOL,1.58,1.9,/Medicina/Sistema Cardiovascular/|/Medicina/,https://www.farmaciasmedicity.com/rosucol-e-tableta-recubierta-10-10mg-caja-30-unidades-1/p
Rosuvastatina,medicity,Liparon Comprimidos Recubiertos 40mg Caja 30 Unidades,LIPARON,2.57,2.79,/Medicina/Sistema Cardiovascular/|/Medicina/,https://www.farmaciasmedicity.com/liparon-comprimidos-recubiertos-40mg-caja-30-unidades-1/p
Rosuvastatina,medicity,Crestor Tabletas Recubiertas 20 mg Caja Con 30 Unidades,CRESTOR,1.89,2.05,/Medicina/Sistema Cardiovascular/|/Medicina/,https://www.farmaciasmedicity.com/crestor-tabletas-recubiertas-caja-con-30-unidades/p
Rosuvastatina,medicity,Recolmax Tabletas Recubiertas 20mg+10mg Caja 30 Unidades,RECOLMAX,1.39,1.74,/Medicina/Sistema Cardiovascular/|/Medicina/,https://www.farmaciasmedicity.com/recolmax-tabletas-recubiertas-20mg-10mg-caja-30-unidades-1/p
Rosuvastatina,medicity,Recolmax Tabletas 10mg+10mg Caja 30 Unidades,RECOLMAX,1.05,1.31,/Medicina/Sistema Cardiovascular/|/Medicina/,https://www.farmaciasmedicity.com/recolmax-tabletas-10mg-10mg-caja-30-unidades-1/p
Rosuvastatina,medicity,Crestor Comprimido Recubierto 10 mg Caja Con 30 Unidades,CRESTOR,0.94,1.17,/Medicina/Sistema Cardiovascular/|/Medicina/,https://www.farmaciasmedicity.com/crestor-comprimido-recubierto-caja-con-30-unidades/p
Rosuvastatina,medicity,Rux Comprimido Recubierto 5 mg Caja 30 Unidades,RUX,0.39,0.49,/Medicina/Sistema Cardiovascular/|/Medicina/,https://www.farmaciasmedicity.com/rux-comprimido-recubierto-5-mg-caja-30-unidades-1/p
Rosuvastatina,medicity,Rosucol Comprimidos Recubiertas 20 mg Caja 30 Unidades,ROSUCOL,1.7,2.05,/Medicina/Sistema Cardiovascular/|/Medicina/,https://www.farmaciasmedicity.com/rosucol-comprimidos-recubiertas-20-mg-caja-30-unidades-1/p
Rosuvastatina,medicity,Rux Comprimido Recubierto 20 mg Caja Con 30 Unidades,RUX,1.58,1.97,/Medicina/Sistema Cardiovascular/|/Medicina/,https://www.farmaciasmedicity.com/rux-comprimido-recubierto-20-mg-caja-con-30-unidades-1/p
Rosuvastatina,medicity,Rux Comprimido Recubierto 10 mg Caja 30 Unidades,RUX,0.88,1.1,/Medicina/Sistema Cardiovascular/|/Medicina/,https://www.farmaciasmedicity.com/rux-comprimido-recubierto-10-mg-caja-30-unidades-1/p
Rosuvastatina,cruzazul,Rosuvastatina 10 mg x30,Rosuvastatina,22.5,22.5,/Medicinas/Aparato Cardiovascular/|/Medicinas/,https://www.farmaciascruzazul.ec/rosuvastatina-10mg-la-sante-tabletas-recubiertas/p
Rosuvastatina,cruzazul,Rosuvastatina 20mg la sante tabletas recubiertas,Rosuvastatina,27.0,27.0,/Medicinas/Aparato Cardiovascular/|/Medicinas/,https://www.farmaciascruzazul.ec/rosuvastatina-20mg-la-sante-tabletas-recubiertas/p
Rosuvastatina,cruzazul,Rosuvina 10/40mg leterago - legrand,Rosuvina,60.0,60.0,/Medicinas/Aparato Cardiovascular/|/Medicinas/,https://www.farmaciascruzazul.ec/rosuvina-10-40mg-leterago-legrand/p
Simvastatina,pharmacys,Simvastatina 20mg labovida tableta recubierta,Simvastatina,9.0,9.0,/Medicinas/Aparato Cardiovascular/|/Medicinas/,https://www.pharmacys.com.ec/simvastatina-20mg-labovida-tableta-recubierta/p
Simvastatina,pharmacys,Simvastatina 40mg labovida tableta recubierta,Simvastatina,10.0,10.0,/Medicinas/Aparato Cardiovascular/|/Medicinas/,https://www.pharmacys.com.ec/simvastatina-40mg-labovida-tableta-recubierta/p
Simvastatina,pharmacys,Simvastatina 20mg kronos genericos tableta,Simvastatina,43.93,43.93,/Medicinas/Aparato Cardiovascular/|/Medicinas/,https://www.pharmacys.com.ec/simvastatina-20mg-kronos-marca-tableta/p
Simvastatina,pharmacys,Simvastatina 20mg la sante tableta,Simvastatina,4.5,4.5,/Medicinas/Aparato Cardiovascular/|/Medicinas/,https://www.pharmacys.com.ec/simvastatina-20mg-la-sante-tableta/p
Simvastatina,pharmacys,Simvastatina 20mg dyvenpro ecuagen tabletas recubiertas,Simvastatina,4.5,4.5,/Medicinas/Aparato Cardiovascular/|/Medicinas/,https://www.pharmacys.com.ec/simvastatina-20mg-dyvenpro-ecuagen-tabletas-recubiertas/p
Simvastatina,pharmacys,Simvastatina 40mg leterago - genfar cápsulas,Simvastatina,5.0,5.0,/Medicinas/Aparato Cardiovascular/|/Medicinas/,https://www.pharmacys.com.ec/simvastatina-40mg-leterago-genfar-capsulas/p
Simvastatina,pharmacys,Simvastatina 20mg leterago - genfar cápsulas,Simvastatina,4.5,4.5,/Medicinas/Aparato Cardiovascular/|/Medicinas/,https://www.pharmacys.com.ec/simvastatina-20mg-leterago-genfar-capsulas/p
Simvastatina,pharmacys,Simvastatina 20mg tecnoquimicas - genericos tableta,Simvastatina,4.5,4.5,/Medicinas/Aparato Cardiovascular/|/Medicinas/,https://www.pharmacys.com.ec/simvastatina-20mg-tecnoquimicas-genericos-tableta/p
Simvastatina,pharmacys,Simvastatina 40 mg Tabletas Recubiertas Caja x10,Simvastatina,5.0,5.0,/Medicinas/Aparato Cardiovascular/|/Medicinas/,https://www.pharmacys.com.ec/simvastatina-40mg-dyvenpro-ecuagen-tableta-recubierta/p
Simvastatina,pharmacys,Simvastatina 40mg garcos - nifa genericos tableta,Simvastatina,5.0,5.0,/Medicinas/Aparato Cardiovascular/|/Medicinas/,https://www.pharmacys.com.ec/simvastatina-40mg-garcos-nifa-genericos-tableta/p
Simvastatina,medicity,Simvastatina Genfar Tabletas Recubierto 20mg Caja 10 Unidades,GENFAR,0.36,0.45,/Medicina/Sistema Cardiovascular/|/Medicina/,https://www.farmaciasmedicity.com/simvastatina-genfar-tabletas-recubierto-20mg-caja-10-unidades-1/p
Simvastatina,medicity,Simvastatina Genfar Tabletas Recubiertas 40 mg Caja 10 Unidades,GENFAR,0.38,0.5,/Medicina/Sistema Cardiovascular/|/Medicina/,https://www.farmaciasmedicity.com/simvastatina-genfar-tabletas-recubiertas-40-mg-caja-10-unidades-1/p
Simvastatina,medicity,Vytorin Comprimidos 10/10mg Caja 28 Unidades,VYTORIN,1.25,1.36,/Medicina/Sistema Cardiovascular/|/Medicina/,https://www.farmaciasmedicity.com/vytorin-comprimidos-10mg-10mg-caja-28-unidades-1/p
Simvastatina,medicity,Vytorin Comprimidos 10/40mg Caja 28 Unidades,VYTORIN,2.61,2.84,/Medicina/Sistema Cardiovascular/|/Medicina/,https://www.farmaciasmedicity.com/vytorin-comprimidos-40mg-10mg-caja-28-unidades-1/p
Simvastatina,medicity,Zetina Tabletas Recubiertas 20 mg Caja 30 Unidades,ZETINA,0.41,0.45,/Medicina/Sistema Cardiovascular/|/Medicina/,https://www.farmaciasmedicity.com/zetina-tabletas-recubiertas-20-mg-caja-con-30-unidades/p
Simvastatina,medicity,Vytorin Comprimido 10/20 mg Caja 28 Unidades,VYTORIN,1.64,1.78,/Medicina/Sistema Cardiovascular/|/Medicina/,https://www.farmaciasmedicity.com/vytorin-comprimido-1020-mg-caja-con-28-unidades/p
Simvastatina,cruzazul,Simvastatina 20mg labovida tableta recubierta,Simvastatina,9.0,9.0,/Medicinas/Aparato Cardiovascular/|/Medicinas/,https://www.farmaciascruzazul.ec/simvastatina-20mg-labovida-tableta-recubierta/p
Simvastatina,cruzazul,Simvastatina 40mg labovida tableta recubierta,Simvastatina,10.0,10.0,/Medicinas/Aparato Cardiovascular/|/Medicinas/,https://www.farmaciascruzazul.ec/simvastatina-40mg-labovida-tableta-recubierta/p
Simvastatina,cruzazul,Simvastatina 20mg kronos genericos tableta,Simvastatina,43.93,43.93,/Medicinas/Aparato Cardiovascular/|/Medicinas/,https://www.farmaciascruzazul.ec/simvastatina-20mg-kronos-marca-tableta/p
Simvastatina,cruzazul,Simvastatina 20mg la sante tableta,Simvastatina,4.5,4.5,/Medicinas/Aparato Cardiovascular/|/Medicinas/,https://www.farmaciascruzazul.ec/simvastatina-20mg-la-sante-tableta/p
Simvastatina,cruzazul,Simvastatina 20mg dyvenpro ecuagen tabletas recubiertas,Simvastatina,4.5,4.5,/Medicinas/Aparato Cardiovascular/|/Medicinas/,https://www.farmaciascruzazul.ec/simvastatina-20mg-dyvenpro-ecuagen-tabletas-recubiertas/p
Simvastatina,cruzazul,Simvastatina 40mg leterago - genfar cápsulas,Simvastatina,5.0,5.0,/Medicinas/Aparato Cardiovascular/|/Medicinas/,https://www.farmaciascruzazul.ec/simvastatina-40mg-leterago-genfar-capsulas/p
Simvastatina,cruzazul,Simvastatina 20mg leterago - genfar cápsulas,Simvastatina,4.5,4.5,/Medicinas/Aparato Cardiovascular/|/Medicinas/,https://www.farmaciascruzazul.ec/simvastatina-20mg-leterago-genfar-capsulas/p
Simvastatina,cruzazul,Simvastatina 20mg tecnoquimicas - genericos tableta,Simvastatina,4.5,4.5,/Medicinas/Aparato Cardiovascular/|/Medicinas/,https://www.farmaciascruzazul.ec/simvastatina-20mg-tecnoquimicas-genericos-tableta/p
Simvastatina,cruzazul,Simvastatina 40 mg Tabletas Recubiertas Caja x10,Simvastatina,5.0,5.0,/Medicinas/Aparato Cardiovascular/|/Medicinas/,https://www.farmaciascruzazul.ec/simvastatina-40mg-dyvenpro-ecuagen-tableta-recubierta/p
Simvastatina,cruzazul,Simvastatina 40mg garcos - nifa genericos tableta,Simvastatina,5.0,5.0,/Medicinas/Aparato Cardiovascular/|/Medicinas/,https://www.farmaciascruzazul.ec/simvastatina-40mg-garcos-nifa-genericos-tableta/p
Ezetimiba,pharmacys,Amilipol 10/20mg biogenet cápsulas,Amilipol,13.4,13.4,/Medicinas/Aparato Cardiovascular/|/Medicinas/,https://www.pharmacys.com.ec/amilipol-10-20mg-biogenet-capsulas/p
Ezetimiba,medicity,Vytorin Comprimidos 10/40mg Caja 28 Unidades,VYTORIN,2.61,2.84,/Medicina/Sistema Cardiovascular/|/Medicina/,https://www.farmaciasmedicity.com/vytorin-comprimidos-40mg-10mg-caja-28-unidades-1/p
Ezetimiba,medicity,Recolmax Tabletas Recubiertas 20mg+10mg Caja 30 Unidades,RECOLMAX,1.39,1.74,/Medicina/Sistema Cardiovascular/|/Medicina/,https://www.farmaciasmedicity.com/recolmax-tabletas-recubiertas-20mg-10mg-caja-30-unidades-1/p
Ezetimiba,medicity,Recolmax Tabletas 10mg+10mg Caja 30 Unidades,RECOLMAX,1.05,1.31,/Medicina/Sistema Cardiovascular/|/Medicina/,https://www.farmaciasmedicity.com/recolmax-tabletas-10mg-10mg-caja-30-unidades-1/p
Ezetimiba,medicity,Tiazomet-A Tabletas Recubiertas 20mg+10mg Caja 30 Unidades,TIAZOMET,1.54,2.06,/Medicina/Sistema Cardiovascular/|/Medicina/,https://www.farmaciasmedicity.com/tiazomet-a-tabletas-recubiertas-20mg-10mg-caja-30-unidades-1/p
Ezetimiba,medicity,Vytorin Comprimidos 10/10mg Caja 28 Unidades,VYTORIN,1.25,1.36,/Medicina/Sistema Cardiovascular/|/Medicina/,https://www.farmaciasmedicity.com/vytorin-comprimidos-10mg-10mg-caja-28-unidades-1/p
Ezetimiba,medicity,Atormibe Tableta Recubierta 10/10mg Caja 30 Unidades,ATORMIBE,1.15,1.44,/Medicina/Sistema Cardiovascular/|/Medicina/,https://www.farmaciasmedicity.com/atormibe-tableta-recubierta-10-10mg-caja-30-unidades-1/p
Ezetimiba,medicity,Rosucol E Tableta Recubierta 10/10mg Caja 30 Unidades,ROSUCOL,1.58,1.9,/Medicina/Sistema Cardiovascular/|/Medicina/,https://www.farmaciasmedicity.com/rosucol-e-tableta-recubierta-10-10mg-caja-30-unidades-1/p
Ezetimiba,medicity,Vytorin Comprimido 10/20 mg Caja 28 Unidades,VYTORIN,1.64,1.78,/Medicina/Sistema Cardiovascular/|/Medicina/,https://www.farmaciasmedicity.com/vytorin-comprimido-1020-mg-caja-con-28-unidades/p
Ezetimiba,medicity,Colmibe Comprimido 40/10mg Caja 30 Unidades,COLMIBE,1.96,2.13,/Medicina/Sistema Cardiovascular/|/Medicina/,https://www.farmaciasmedicity.com/purigi-panal-inf-ucare-diapers-xl-4-paquete-100-unidades-1/p
Ezetimiba,cruzazul,Amilipol 10/20mg biogenet cápsulas,Amilipol,13.4,13.4,/Medicinas/Aparato Cardiovascular/|/Medicinas/,https://www.farmaciascruzazul.ec/amilipol-10-20mg-biogenet-capsulas/p
Ezetimiba/Atorvastatina,medicity,Tiazomet-A Tabletas Recubiertas 20mg+10mg Caja 30 Unidades,TIAZOMET,1.9,2.06,/Medicina/Sistema Cardiovascular/|/Medicina/,https://www.farmaciasmedicity.com/tiazomet-a-tabletas-recubiertas-20mg-10mg-caja-30-unidades-1/p
Ezetimiba/Atorvastatina,medicity,Atormibe Tableta Recubierta 10/10mg Caja 30 Unidades,ATORMIBE,1.15,1.44,/Medicina/Sistema Cardiovascular/|/Medicina/,https://www.farmaciasmedicity.com/atormibe-tableta-recubierta-10-10mg-caja-30-unidades-1/p
Ezetimiba/Atorvastatina,medicity,Colmibe Comprimido 40/10mg Caja 30 Unidades,COLMIBE,1.96,2.13,/Medicina/Sistema Cardiovascular/|/Medicina/,https://www.farmaciasmedicity.com/purigi-panal-inf-ucare-diapers-xl-4-paquete-100-unidades-1/p
Ezetimiba/Simvastatina,pharmacys,Amilipol 10/20mg biogenet cápsulas,Amilipol,13.4,13.4,/Medicinas/Aparato Cardiovascular/|/Medicinas/,https://www.pharmacys.com.ec/amilipol-10-20mg-biogenet-capsulas/p
Ezetimiba/Simvastatina,medicity,Vytorin Comprimidos 10/40mg Caja 28 Unidades,VYTORIN,2.61,2.84,/Medicina/Sistema Cardiovascular/|/Medicina/,https://www.farmaciasmedicity.com/vytorin-comprimidos-40mg-10mg-caja-28-unidades-1/p
Ezetimiba/Simvastatina,medicity,Vytorin Comprimidos 10/10mg Caja 28 Unidades,VYTORIN,1.25,1.36,/Medicina/Sistema Cardiovascular/|/Medicina/,https://www.farmaciasmedicity.com/vytorin-comprimidos-10mg-10mg-caja-28-unidades-1/p
Ezetimiba/Simvastatina,medicity,Vytorin Comprimido 10/20 mg Caja 28 Unidades,VYTORIN,1.64,1.78,/Medicina/Sistema Cardiovascular/|/Medicina/,https://www.farmaciasmedicity.com/vytorin-comprimido-1020-mg-caja-con-28-unidades/p
Ezetimiba/Simvastatina,cruzazul,Amilipol 10/20mg biogenet cápsulas,Amilipol,13.4,13.4,/Medicinas/Aparato Cardiovascular/|/Medicinas/,https://www.farmaciascruzazul.ec/amilipol-10-20mg-biogenet-capsulas/p
Fenofibrato,medicity,Nortricol Fenofibrato Cápsula 200 mg Caja 20 Unidades,NORTRICOL FENOFIBRATO,0.64,0.7,/Medicina/Sistema Cardiovascular/|/Medicina/,https://www.farmaciasmedicity.com/nortricol-fenofibrato-capsula-200-mg-caja-20-unidades-1/p
Fenofibrato,medicity,Controlip Cápsulas 160 mg Caja Con 30 Unidades,CONTROLIP,0.59,0.64,/Medicina/Sistema Cardiovascular/|/Medicina/,https://www.farmaciasmedicity.com/controlip-capsulas-160-mg-caja-con-30-unidades/p
Fenofibrato,medicity,Trilipix Cápsulas 135 mg Liberación Prolongada Caja Con 30 Unidades,TRILIPIX,0.72,0.9,/Medicina/Sistema Cardiovascular/|/Medicina/,https://www.farmaciasmedicity.com/trilipix-capsulas-135-mg-liberacion-prolongada-caja-con-30-unidades/p
Fenofibrato,medicity,Lipidil 200 m Cápsulas 200 mg Caja 20 Unidades,LIPIDIL,0.64,0.7,/Medicina/Sistema Cardiovascular/|/Medicina/,https://www.farmaciasmedicity.com/lipidil-200-m-capsulas-200-mg-caja-con-20-unidades/p
Gemfibrozilo,pharmacys,Gemfibrozilo 600mg la sante tableta,Gemfibrozilo,5.6,5.6,/Medicinas/Aparato Cardiovascular/|/Medicinas/,https://www.pharmacys.com.ec/gemfibrozilo-600mg-la-sante-tableta/p
Gemfibrozilo,pharmacys,Gemfibrozilo 600mg labovida tabletas recubiertas,Gemfibrozilo,5.2,5.2,/Medicinas/Aparato Cardiovascular/|/Medicinas/,https://www.pharmacys.com.ec/gemfibrozilo-600mg-labovida-tabletas-recubiertas/p
Gemfibrozilo,pharmacys,Gemfibrozilo 600mg dyvenpro ecuagen tableta recubierta,Gemfibrozilo,6.2,6.2,/Medicinas/Aparato Cardiovascular/|/Medicinas/,https://www.pharmacys.com.ec/gemfibrozilo-600mg-dyvenpro-ecuagen-tableta-recubierta/p
Gemfibrozilo,pharmacys,Gemfibrozilo 600mg leterago - genfar tableta,Gemfibrozilo,5.78,5.78,/Medicinas/Aparato Cardiovascular/|/Medicinas/,https://www.pharmacys.com.ec/gemfibrozilo-600mg-leterago-genfar-tableta/p
Gemfibrozilo,pharmacys,Gemfibrozilo Tabletas  600 mg x 20,Gemfibrozilo,6.2,6.2,/Medicinas/Aparato Cardiovascular/|/Medicinas/,https://www.pharmacys.com.ec/gemfibrozilo-600mg-garcos-nifa-genericos-tableta-98588-1/p
Gemfibrozilo,pharmacys,Gemfibrozilo 900mg tecnoquimicas - genericos tableta recubierta,Gemfibrozilo,16.07,16.07,/Medicinas/Aparato Cardiovascular/|/Medicinas/,https://www.pharmacys.com.ec/gemfibrozilo-900mg-tecnoquimicas-genericos-tableta-recubierta/p
Gemfibrozilo,pharmacys,Gemfibrozilo 600mg ecuaquimica - mintlab comprimidos recubiertos,Gemfibrozilo,9.3,9.3,/Medicinas/Aparato Cardiovascular/|/Medicinas/,https://www.pharmacys.com.ec/gemfibrozilo-600mg-ecuaquimica-mintlab-comprimidos-recubiertos/p
Gemfibrozilo,pharmacys,Gemfibrozilo 600mg tecnoquimicas - genericos tableta recubierta,Gemfibrozilo,6.2,6.2,/Medicinas/Aparato Cardiovascular/|/Medicinas/,https://www.pharmacys.com.ec/gemfibrozilo-600mg-tecnoquimicas-genericos-tableta-recubierta/p
Gemfibrozilo,medicity,Gemfibrozilo Genfar Tabletas Recubiertas 600 mg Caja con 20 Unidades,GENFAR,0.27,0.29,/Medicina/Sistema Cardiovascular/|/Medicina/,https://www.farmaciasmedicity.com/gemfibrozilo-genfar-tabletas-recubiertas-600-mg-caja-con-20-unidades/p
Gemfibrozilo,cruzazul,Gemfibrozilo 600mg la sante tableta,Gemfibrozilo,5.6,5.6,/Medicinas/Aparato Cardiovascular/|/Medicinas/,https://www.farmaciascruzazul.ec/gemfibrozilo-600mg-la-sante-tableta/p
Gemfibrozilo,cruzazul,Gemfibrozilo 600mg labovida tabletas recubiertas,Gemfibrozilo,5.2,5.2,/Medicinas/Aparato Cardiovascular/|/Medicinas/,https://www.farmaciascruzazul.ec/gemfibrozilo-600mg-labovida-tabletas-recubiertas/p
Gemfibrozilo,cruzazul,Gemfibrozilo 600mg dyvenpro ecuagen tableta recubierta,Gemfibrozilo,6.2,6.2,/Medicinas/Aparato Cardiovascular/|/Medicinas/,https://www.farmaciascruzazul.ec/gemfibrozilo-600mg-dyvenpro-ecuagen-tableta-recubierta/p
Gemfibrozilo,cruzazul,Gemfibrozilo 600mg leterago - genfar tableta,Gemfibrozilo,5.78,5.78,/Medicinas/Aparato Cardiovascular/|/Medicinas/,https://www.farmaciascruzazul.ec/gemfibrozilo-600mg-leterago-genfar-tableta/p
Gemfibrozilo,cruzazul,Gemfibrozilo Tabletas  600 mg x 20,Gemfibrozilo,4.96,6.2,/Medicinas/Aparato Cardiovascular/|/Medicinas/,https://www.farmaciascruzazul.ec/gemfibrozilo-600mg-garcos-nifa-genericos-tableta-98588-1/p
Gemfibrozilo,cruzazul,Gemfibrozilo 900mg tecnoquimicas - genericos tableta recubierta,Gemfibrozilo,16.07,16.07,/Medicinas/Aparato Cardiovascular/|/Medicinas/,https://www.farmaciascruzazul.ec/gemfibrozilo-900mg-tecnoquimicas-genericos-tableta-recubierta/p
Gemfibrozilo,cruzazul,Gemfibrozilo 600mg ecuaquimica - mintlab comprimidos recubiertos,Gemfibrozilo,9.3,9.3,/Medicinas/Aparato Cardiovascular/|/Medicinas/,https://www.farmaciascruzazul.ec/gemfibrozilo-600mg-ecuaquimica-mintlab-comprimidos-recubiertos/p
Gemfibrozilo,cruzazul,Gemfibrozilo 600mg tecnoquimicas - genericos tableta recubierta,Gemfibrozilo,6.2,6.2,/Medicinas/Aparato Cardiovascular/|/Medicinas/,https://www.farmaciascruzazul.ec/gemfibrozilo-600mg-tecnoquimicas-genericos-tableta-recubierta/p
Omega 3 aceite de pescado,pharmacys,Omega 3 cápsulas x 60,Omega 3,13.9,13.9,/Tratamientos y Salud/Alivio del Dolor/Hemorroides/|/Tratamientos y Salud/Alivio del Dolor/|/Tratamientos y Salud/,https://www.pharmacys.com.ec/omega-3-capsulas-x-60/p
Omega 3 aceite de pescado,pharmacys,Herbalmax triple omega 3-6-9 100 softgels,Herbalmax,20.0,25.0,/Nutrición y Fitness/Alimentos Saludables/|/Nutrición y Fitness/,https://www.pharmacys.com.ec/herbalmax-triple-omega-3-6-9-100-softgels/p
Omega 3 aceite de pescado,pharmacys,Xtralife cápsulas x 90,Xtralife,17.97,29.95,/Tratamientos y Salud/Alivio del Dolor/Hemorroides/|/Tratamientos y Salud/Alivio del Dolor/|/Tratamientos y Salud/,https://www.pharmacys.com.ec/xtralife-capsulas-x-90/p
Omega 3 aceite de pescado,pharmacys,Krillomex 44.4 gr,Krillomex,21.6,27.0,/Cuidado Personal/Higiene Intima Femenina/Protectores Diarios/|/Cuidado Personal/Higiene Intima Femenina/|/Cuidado Personal/,https://www.pharmacys.com.ec/krillomex-444-gr/p
Omega 3 aceite de pescado,medicity,Xtralife Omega 3 Cápsula Blanda 1000 mg 100 Unidades,XTRALIFE,16.55,17.99,/Bienestar y Nutrición/Productos Naturales/Vitaminas y Minerales/|/Bienestar y Nutrición/Productos Naturales/|/Bienestar y Nutrición/,https://www.farmaciasmedicity.com/omega-3-xtralife-capsula-blanda-1000-mg-con-100-unidades/p
Omega 3 aceite de pescado,medicity,Mason Omega 3 Cápsulas Blandas 1000 mg Frasco 60 Unidades,MASON,0.21,0.23,/Bienestar y Nutrición/Vitaminas Adultos/Multivitamínicos/|/Bienestar y Nutrición/Vitaminas Adultos/|/Bienestar y Nutrición/,https://www.farmaciasmedicity.com/mason-omega-3-capsulas-blandas-1000-mg-frasco-con-60-unidades/p
Omega 3 aceite de pescado,medicity,Lipomega Cápsula Blanda 20 mg Caja 30 Unidades,LIPOMEGA,1.64,2.05,/Medicina/Sistema Cardiovascular/|/Medicina/,https://www.farmaciasmedicity.com/lipomega-capsula-blanda-20-mg-caja-30-unidades-1/p
Omega 3 aceite de pescado,cruzazul,Omega 3 cápsulas x 60,Omega 3,11.12,13.9,/Tratamientos y Salud/Alivio del Dolor/Hemorroides/|/Tratamientos y Salud/Alivio del Dolor/|/Tratamientos y Salud/,https://www.farmaciascruzazul.ec/omega-3-capsulas-x-60/p
Omega 3 aceite de pescado,cruzazul,Herbalmax triple omega 3-6-9 100 softgels,Herbalmax,20.0,25.0,/Nutrición y Fitness/Alimentos Saludables/|/Nutrición y Fitness/,https://www.farmaciascruzazul.ec/herbalmax-triple-omega-3-6-9-100-softgels/p
Omega 3 aceite de pescado,cruzazul,Xtralife cápsulas x 90,Xtralife,23.96,29.95,/Tratamientos y Salud/Alivio del Dolor/Hemorroides/|/Tratamientos y Salud/Alivio del Dolor/|/Tratamientos y Salud/,https://www.farmaciascruzazul.ec/xtralife-capsulas-x-90/p
Omega 3 aceite de pescado,cruzazul,Krillomex 44.4 gr,Krillomex,21.6,27.0,/Cuidado Personal/Higiene Intima Femenina/Protectores Diarios/|/Cuidado Personal/Higiene Intima Femenina/|/Cuidado Personal/,https://www.farmaciascruzazul.ec/krillomex-444-gr/p
Amoxicilina,pharmacys,Amoxicilina 250mg rocnarf suspensión,Amoxicilina,3.23,3.23,/Medicinas/Antiinfecciosos/|/Medicinas/,https://www.pharmacys.com.ec/amoxicilina-250mg-rocnarf-generico-suspension/p
Amoxicilina,pharmacys,Amoxicilina 500mg labovida cápsulas,Amoxicilina,4.6,4.6,/Medicinas/Antiinfecciosos/|/Medicinas/,https://www.pharmacys.com.ec/amoxicilina-500mg-labovida-capsulas/p
Amoxicilina,pharmacys,Amoxicilina+acido clavulanico 1000/200mg,Amoxicilina+acido Clavulanico,14.28,14.28,/Tratamientos y Salud/Salud Visual/Parches Oculares/|/Tratamientos y Salud/Salud Visual/|/Tratamientos y Salud/,https://www.pharmacys.com.ec/amoxicilina-acido-clavulanico-1000-200mg-caplin-point-generico-solucion-inyectable-acido-clavulanico/p
Amoxicilina,pharmacys,Amoxicilina 1gr labovida tabletas recubiertas,Amoxicilina,8.12,8.12,/Medicinas/Antiinfecciosos/|/Medicinas/,https://www.pharmacys.com.ec/amoxicilina-1gr-labovida-tabletas-recubiertas/p
Amoxicilina,pharmacys,Amoxicilina 1gr la sante tableta,Amoxicilina,10.0,10.0,/Medicinas/Antiinfecciosos/|/Medicinas/,https://www.pharmacys.com.ec/amoxicilina-1gr-la-sante-tableta/p
Amoxicilina,pharmacys,Amoxicilina 1gr dyvenpro ecuagen tableta,Amoxicilina,10.0,10.0,/Medicinas/Antiinfecciosos/|/Medicinas/,https://www.pharmacys.com.ec/amoxicilina-1gr-dyvenpro-ecuagen-tableta/p
Amoxicilina,pharmacys,Amoxicilina 500mg portugal - generico,Amoxicilina,18.4,23.0,/Cuidado Personal/Cuidado del Cabello/Cuidado Capilar Especializado/|/Cuidado Personal/Cuidado del Cabello/|/Cuidado Personal/,https://www.pharmacys.com.ec/amoxicilina-500mg-portugal-generico/p
Amoxicilina,pharmacys,Amoxicilina 500mg dyvenpro ecuagen cápsulas,Amoxicilina,10.5,10.5,/Medicinas/Antiinfecciosos/|/Medicinas/,https://www.pharmacys.com.ec/amoxicilina-500mg-dyvenpro-ecuagen-capsulas/p
Amoxicilina,pharmacys,Amoxicilina 250mg/5ml labovida suspensión,Amoxicilina,2.23,2.23,/Medicinas/Antiinfecciosos/|/Medicinas/,https://www.pharmacys.com.ec/amoxicilina-250mg-5ml-labovida-suspension/p
Amoxicilina,pharmacys,Amoxicilina 500mg la sante cápsulas,Amoxicilina,7.88,7.88,/Medicinas/Antiinfecciosos/|/Medicinas/,https://www.pharmacys.com.ec/amoxicilina-500mg-la-sante-capsulas/p
Amoxicilina,medicity,Amoxicilina Santé Cápsulas 500 mg Caja con 50 Unidades (REC),LA SANTE,0.15,0.16,/Medicina/Antiinfeccioso y Antibacteriano/|/Medicina/,https://www.farmaciasmedicity.com/amoxicilina-sante-capsulas-500-mg-caja-con-50-unidades/p
Amoxicilina,medicity,Amoxicilina Genfar Cápsulas 500 mg Caja Con 50 Unidades (REC),GENFAR,0.18,0.2,/Medicina/Antiinfeccioso y Antibacteriano/|/Medicina/,https://www.farmaciasmedicity.com/amoxicilina-genfar-capsulas-500-mg-caja-con-50-unidades/p
Amoxicilina,medicity,Trifamox Ibl Duo Polvo Para Suspensión 1g/250mg/5ml Frasco 60 ml,TRIFAMOX,21.17,24.33,/Medicina/Antiinfeccioso y Antibacteriano/|/Medicina/,https://www.farmaciasmedicity.com/trifamox-ibl-duo-polvo-para-suspension-1g-250mg-5ml-frasco-60-ml-1/p
Amoxicilina,medicity,Augmentin Bid Polvo Para Suspensión 400mg/57mg/5ml Frasco 70 ml,AUGMENTIN,6.91,8.64,/Medicina/Antiinfeccioso y Antibacteriano/|/Medicina/,https://www.farmaciasmedicity.com/augmentin-bid-polvo-para-suspension-400mg-57mg-5ml-frasco-70-ml-1/p
Amoxicilina,medicity,Trigastro Nc Pack Caja 1 Unidades (Ant) (REC),TRIGASTRO,36.0,45.0,/Medicina/Sistema Digestivo/|/Medicina/,https://www.farmaciasmedicity.com/trigastro-nc-pack-caja-1-unidades-ant-1/p
Amoxicilina,medicity,Clavinex Duo Forte Suspensión 800/57 mg Con 70 mL,CLAVINEX,17.03,21.29,/Medicina/Antiinfeccioso y Antibacteriano/|/Medicina/,https://www.farmaciasmedicity.com/clavinex-duo-forte-suspension-80057-mg-con-70-ml/p
Amoxicilina,medicity,Acemuk Biotic Duo Comprimidos 875/300 mg Caja Con 14 Unidades (REC),ACEMUK,1.29,1.4,/Medicina/Antiinfeccioso y Antibacteriano/|/Medicina/,https://www.farmaciasmedicity.com/acemuk-biotic-duo-comprimidos-875300-mg-caja-con-14-unidades/p
Amoxicilina,medicity,Curam Suspensión 457 mg/5 mL Frasco Con 70 mL (REC),CURAM,7.03,7.64,/Medicina/Antiinfeccioso y Antibacteriano/|/Medicina/,https://www.farmaciasmedicity.com/curam-suspension-457-mg5-ml-frasco-con-70-ml/p
Amoxicilina,medicity,Trifamox Ibl Duo Suspensión 1 g/250 mg/5 mL Con 30 mL,TRIFAMOX,9.53,11.91,/Medicina/Antiinfeccioso y Antibacteriano/|/Medicina/,https://www.farmaciasmedicity.com/trifamox-ibl-duo-suspension-1-g250-mg5-ml-con-30-ml/p
Amoxicilina,medicity,Curam Suspensión 600/42.9 mg/5ml Frasco 125 ml,CURAM,9.72,10.56,/Medicina/Antiinfeccioso y Antibacteriano/|/Medicina/,https://www.farmaciasmedicity.com/curam-suspension-600429-mg5-ml-frasco-con-125-ml/p
Amoxicilina,cruzazul,Amoxicilina 250mg rocnarf suspensión,Amoxicilina,3.23,3.23,/Medicinas/Antiinfecciosos/|/Medicinas/,https://www.farmaciascruzazul.ec/amoxicilina-250mg-rocnarf-generico-suspension/p
Amoxicilina,cruzazul,Amoxicilina 500mg labovida cápsulas,Amoxicilina,4.6,4.6,/Medicinas/Antiinfecciosos/|/Medicinas/,https://www.farmaciascruzazul.ec/amoxicilina-500mg-labovida-capsulas/p
Amoxicilina,cruzazul,Amoxicilina+acido clavulanico 1000/200mg,Amoxicilina+acido Clavulanico,14.28,14.28,/Tratamientos y Salud/Salud Visual/Parches Oculares/|/Tratamientos y Salud/Salud Visual/|/Tratamientos y Salud/,https://www.farmaciascruzazul.ec/amoxicilina-acido-clavulanico-1000-200mg-caplin-point-generico-solucion-inyectable-acido-clavulanico/p
Amoxicilina,cruzazul,Amoxicilina 1gr labovida tabletas recubiertas,Amoxicilina,8.12,8.12,/Medicinas/Antiinfecciosos/|/Medicinas/,https://www.farmaciascruzazul.ec/amoxicilina-1gr-labovida-tabletas-recubiertas/p
Amoxicilina,cruzazul,Amoxicilina 1gr la sante tableta,Amoxicilina,10.0,10.0,/Medicinas/Antiinfecciosos/|/Medicinas/,https://www.farmaciascruzazul.ec/amoxicilina-1gr-la-sante-tableta/p
Amoxicilina,cruzazul,Amoxicilina 1gr dyvenpro ecuagen tableta,Amoxicilina,10.0,10.0,/Medicinas/Antiinfecciosos/|/Medicinas/,https://www.farmaciascruzazul.ec/amoxicilina-1gr-dyvenpro-ecuagen-tableta/p
Amoxicilina,cruzazul,Amoxicilina 500mg portugal - generico,Amoxicilina,18.4,23.0,/Cuidado Personal/Cuidado del Cabello/Cuidado Capilar Especializado/|/Cuidado Personal/Cuidado del Cabello/|/Cuidado Personal/,https://www.farmaciascruzazul.ec/amoxicilina-500mg-portugal-generico/p
Amoxicilina,cruzazul,Amoxicilina 500mg dyvenpro ecuagen cápsulas,Amoxicilina,10.5,10.5,/Medicinas/Antiinfecciosos/|/Medicinas/,https://www.farmaciascruzazul.ec/amoxicilina-500mg-dyvenpro-ecuagen-capsulas/p
Amoxicilina,cruzazul,Amoxicilina 250mg/5ml labovida suspensión,Amoxicilina,2.23,2.23,/Medicinas/Antiinfecciosos/|/Medicinas/,https://www.farmaciascruzazul.ec/amoxicilina-250mg-5ml-labovida-suspension/p
Amoxicilina,cruzazul,Amoxicilina 500mg la sante cápsulas,Amoxicilina,7.88,7.88,/Medicinas/Antiinfecciosos/|/Medicinas/,https://www.farmaciascruzazul.ec/amoxicilina-500mg-la-sante-capsulas/p
Amoxicilina/Acido clavulanico,pharmacys,Amoxicilina+acido clavulanico 1000/200mg,Amoxicilina+acido Clavulanico,14.28,14.28,/Tratamientos y Salud/Salud Visual/Parches Oculares/|/Tratamientos y Salud/Salud Visual/|/Tratamientos y Salud/,https://www.pharmacys.com.ec/amoxicilina-acido-clavulanico-1000-200mg-caplin-point-generico-solucion-inyectable-acido-clavulanico/p
Amoxicilina/Acido clavulanico,pharmacys,Amoxicilina+acido clavulanico 250/62.5mg labovida suspensión,Amoxicilina+acido Clavulanico,10.0,10.0,/Medicinas/Antiinfecciosos/|/Medicinas/,https://www.pharmacys.com.ec/amoxicilina-acido-clavulanico-250-625mg-labovida-suspension/p
Amoxicilina/Acido clavulanico,pharmacys,Amoxicilina+acido clavulanico 400/57mg labovida suspensión,Amoxicilina+acido Clavulanico,8.63,8.63,/Medicinas/Antiinfecciosos/|/Medicinas/,https://www.pharmacys.com.ec/amoxicilina-acido-clavulanico-400-57mg-labovida-suspension/p
Amoxicilina/Acido clavulanico,pharmacys,Amoxicilina+acido clavulanico 125/31.25mg labovida suspensión,Amoxicilina+acido Clavulanico,5.62,5.62,/Medicinas/Antiinfecciosos/|/Medicinas/,https://www.pharmacys.com.ec/amoxicilina-acido-clavulanico-125-3125mg-labovida-suspension/p
Amoxicilina/Acido clavulanico,pharmacys,Amoxicilina+acido clavulanico 500/125mg labovida tabletas recubiertas,Amoxicilina+acido Clavulanico,7.5,7.5,/Medicinas/Antiinfecciosos/|/Medicinas/,https://www.pharmacys.com.ec/amoxicilina-acido-clavulanico-500-125mg-labovida-tabletas-recubiertas/p
Amoxicilina/Acido clavulanico,pharmacys,Amoxicilina+acido clavulanico 875/125mg labovida tabletas recubiertas,Amoxicilina+acido Clavulanico,11.25,11.25,/Medicinas/Antiinfecciosos/|/Medicinas/,https://www.pharmacys.com.ec/amoxicilina-acido-clavulanico-875-125mg-labovida-tabletas-recubiertas/p
Amoxicilina/Acido clavulanico,pharmacys,Amoxicilina+acido clavulanico 500mg dyvenpro ecuagen tabletas recubiertas,Amoxicilina+acido Clavulanico,9.95,9.95,/Cuidado Personal/Protectores Solares/Protector Labial/|/Cuidado Personal/Protectores Solares/|/Cuidado Personal/,https://www.pharmacys.com.ec/amoxicilina-acido-clavulanico-500mg-dyvenpro-ecuagen-tabletas-recubiertas/p
Amoxicilina/Acido clavulanico,pharmacys,Amoxicilina+acido clavulanico 312.5mg garcos - nifa genericos suspensión,Amoxicilina+acido Clavulanico,10.8,10.8,/Medicinas/Antiinfecciosos/|/Medicinas/,https://www.pharmacys.com.ec/amoxicilina-acido-clavulanico-3125mg-garcos-nifa-genericos-suspension/p
Amoxicilina/Acido clavulanico,pharmacys,Amoxicilina+acido clavulanico 156.25mg garcos - nifa genericos suspensión,Amoxicilina+acido Clavulanico,5.4,5.4,/Medicinas/Antiinfecciosos/|/Medicinas/,https://www.pharmacys.com.ec/amoxicilina-acido-clavulanico-15625mg-garcos-nifa-genericos-suspension/p
Amoxicilina/Acido clavulanico,pharmacys,Clavinex 800/57mg ecuaquimica - saval suspensión,Clavinex,21.29,21.29,/Medicinas/Antiinfecciosos/|/Medicinas/,https://www.pharmacys.com.ec/clavinex-800-57mg-ecuaquimica-saval-suspension/p
Amoxicilina/Acido clavulanico,medicity,Clavinex Duo Forte Suspensión 800/57 mg Con 70 mL,CLAVINEX,17.03,21.29,/Medicina/Antiinfeccioso y Antibacteriano/|/Medicina/,https://www.farmaciasmedicity.com/clavinex-duo-forte-suspension-80057-mg-con-70-ml/p
Amoxicilina/Acido clavulanico,medicity,Curam Suspensión 600/42.9 mg/5ml Frasco 125 ml,CURAM,9.72,10.56,/Medicina/Antiinfeccioso y Antibacteriano/|/Medicina/,https://www.farmaciasmedicity.com/curam-suspension-600429-mg5-ml-frasco-con-125-ml/p
Amoxicilina/Acido clavulanico,medicity,Curam Suspensión 457 mg/5 mL Frasco Con 70 mL (REC),CURAM,7.03,7.64,/Medicina/Antiinfeccioso y Antibacteriano/|/Medicina/,https://www.farmaciasmedicity.com/curam-suspension-457-mg5-ml-frasco-con-70-ml/p
Amoxicilina/Acido clavulanico,medicity,Curam Suspensión 156.25 mg/5 mL Pediátrico Frasco Con 120 mL,CURAM,6.74,7.33,/Medicina/Antiinfeccioso y Antibacteriano/|/Medicina/,https://www.farmaciasmedicity.com/curam-suspension-15625-mg5-ml-pediatrico-frasco-con-120-ml/p
Amoxicilina/Acido clavulanico,medicity,Augmentin Bid Tabletas Recubierto 875/125mg 14 Unidades (REC),AUGMENTIN,1.0,1.25,/Medicina/Antiinfeccioso y Antibacteriano/|/Medicina/,https://www.farmaciasmedicity.com/augmentin-bid-tabletas-recubierto-875--125-mg-con-14-unidades/p
Amoxicilina/Acido clavulanico,medicity,Augmentin Bid Polvo Para Suspensión 400mg/57mg/5ml Frasco 70 ml,AUGMENTIN,6.91,8.64,/Medicina/Antiinfeccioso y Antibacteriano/|/Medicina/,https://www.farmaciasmedicity.com/augmentin-bid-polvo-para-suspension-400mg-57mg-5ml-frasco-70-ml-1/p
Amoxicilina/Acido clavulanico,medicity,Augmentin Suspensión Pediátrico Con 100 mL,AUGMENTIN,9.66,12.07,/Medicina/Antiinfeccioso y Antibacteriano/|/Medicina/,https://www.farmaciasmedicity.com/augmentin-suspension-pediatrico-con-100-ml/p
Amoxicilina/Acido clavulanico,medicity,Curam Tabletas Recubiertas Caja Con 14 Unidades (REC),CURAM,0.87,0.95,/Medicina/Antiinfeccioso y Antibacteriano/|/Medicina/,https://www.farmaciasmedicity.com/curam-tabletas-recubiertas-caja-con-14-unidades/p
Amoxicilina/Acido clavulanico,medicity,Curam Suspensión 312.5 mg/5ml Frasco 120 ml,CURAM,13.14,14.28,/Medicina/Antiinfeccioso y Antibacteriano/|/Medicina/,https://www.farmaciasmedicity.com/curam-suspension-3125-mg5-ml-frasco-con-120-ml/p
Amoxicilina/Acido clavulanico,cruzazul,Amoxicilina+acido clavulanico 1000/200mg,Amoxicilina+acido Clavulanico,14.28,14.28,/Tratamientos y Salud/Salud Visual/Parches Oculares/|/Tratamientos y Salud/Salud Visual/|/Tratamientos y Salud/,https://www.farmaciascruzazul.ec/amoxicilina-acido-clavulanico-1000-200mg-caplin-point-generico-solucion-inyectable-acido-clavulanico/p
Amoxicilina/Acido clavulanico,cruzazul,Amoxicilina+acido clavulanico 250/62.5mg labovida suspensión,Amoxicilina+acido Clavulanico,10.0,10.0,/Medicinas/Antiinfecciosos/|/Medicinas/,https://www.farmaciascruzazul.ec/amoxicilina-acido-clavulanico-250-625mg-labovida-suspension/p
Amoxicilina/Acido clavulanico,cruzazul,Amoxicilina+acido clavulanico 400/57mg labovida suspensión,Amoxicilina+acido Clavulanico,8.63,8.63,/Medicinas/Antiinfecciosos/|/Medicinas/,https://www.farmaciascruzazul.ec/amoxicilina-acido-clavulanico-400-57mg-labovida-suspension/p
Amoxicilina/Acido clavulanico,cruzazul,Amoxicilina+acido clavulanico 125/31.25mg labovida suspensión,Amoxicilina+acido Clavulanico,5.62,5.62,/Medicinas/Antiinfecciosos/|/Medicinas/,https://www.farmaciascruzazul.ec/amoxicilina-acido-clavulanico-125-3125mg-labovida-suspension/p
Amoxicilina/Acido clavulanico,cruzazul,Amoxicilina+acido clavulanico 500/125mg labovida tabletas recubiertas,Amoxicilina+acido Clavulanico,7.5,7.5,/Medicinas/Antiinfecciosos/|/Medicinas/,https://www.farmaciascruzazul.ec/amoxicilina-acido-clavulanico-500-125mg-labovida-tabletas-recubiertas/p
Amoxicilina/Acido clavulanico,cruzazul,Amoxicilina+acido clavulanico 875/125mg labovida tabletas recubiertas,Amoxicilina+acido Clavulanico,11.25,11.25,/Medicinas/Antiinfecciosos/|/Medicinas/,https://www.farmaciascruzazul.ec/amoxicilina-acido-clavulanico-875-125mg-labovida-tabletas-recubiertas/p
Amoxicilina/Acido clavulanico,cruzazul,Amoxicilina+acido clavulanico 500mg dyvenpro ecuagen tabletas recubiertas,Amoxicilina+acido Clavulanico,9.95,9.95,/Cuidado Personal/Protectores Solares/Protector Labial/|/Cuidado Personal/Protectores Solares/|/Cuidado Personal/,https://www.farmaciascruzazul.ec/amoxicilina-acido-clavulanico-500mg-dyvenpro-ecuagen-tabletas-recubiertas/p
Amoxicilina/Acido clavulanico,cruzazul,Amoxicilina+acido clavulanico 312.5mg garcos - nifa genericos suspensión,Amoxicilina+acido Clavulanico,10.8,10.8,/Medicinas/Antiinfecciosos/|/Medicinas/,https://www.farmaciascruzazul.ec/amoxicilina-acido-clavulanico-3125mg-garcos-nifa-genericos-suspension/p
Amoxicilina/Acido clavulanico,cruzazul,Amoxicilina+acido clavulanico 156.25mg garcos - nifa genericos suspensión,Amoxicilina+acido Clavulanico,5.4,5.4,/Medicinas/Antiinfecciosos/|/Medicinas/,https://www.farmaciascruzazul.ec/amoxicilina-acido-clavulanico-15625mg-garcos-nifa-genericos-suspension/p
Amoxicilina/Acido clavulanico,cruzazul,Clavinex 800/57mg ecuaquimica - saval suspensión,Clavinex,21.29,21.29,/Medicinas/Antiinfecciosos/|/Medicinas/,https://www.farmaciascruzazul.ec/clavinex-800-57mg-ecuaquimica-saval-suspension/p
Azitromicina,pharmacys,Azitromicina 500mg rocnarf tabletas,Azitromicina,6.4,6.4,/Medicinas/Antiinfecciosos/|/Medicinas/,https://www.pharmacys.com.ec/azitromicina-500mg-rocnarf-generico-tabletas/p
Azitromicina,pharmacys,Azitromicina 500mg dyvenpro ecuagen tableta,Azitromicina,5.85,5.85,/Medicinas/Antiinfecciosos/|/Medicinas/,https://www.pharmacys.com.ec/azitromicina-500mg-dyvenpro-ecuagen-tableta/p
Azitromicina,pharmacys,Azitromicina 500mg labovida tabletas recubiertas,Azitromicina,5.85,5.85,/Medicinas/Antiinfecciosos/|/Medicinas/,https://www.pharmacys.com.ec/azitromicina-500mg-labovida-tabletas-recubiertas/p
Azitromicina,pharmacys,Azitromicina 200mg/5ml rocnarf suspensión,Azitromicina,4.5,4.5,/Medicinas/Antiinfecciosos/|/Medicinas/,https://www.pharmacys.com.ec/azitromicina-200mg-5ml-rocnarf-generico-suspension/p
Azitromicina,pharmacys,Azitromicina 500mg la sante tableta,Azitromicina,8.0,8.0,/Medicinas/Antiinfecciosos/|/Medicinas/,https://www.pharmacys.com.ec/azitromicina-500mg-la-sante-tableta/p
Azitromicina,pharmacys,Azitromicina 200mg/5ml oxialfarm farma suspensión,Azitromicina,9.8,9.8,/Medicinas/Antiinfecciosos/|/Medicinas/,https://www.pharmacys.com.ec/azitromicina-200mg-5ml-oxialfarm-farma-suspension/p
Azitromicina,pharmacys,Azitromicina 500mg oxialfarm farma tabletas recubiertas,Azitromicina,5.82,5.82,/Vitaminas y Suplementos/Multivitamínicos/Para Mujeres/|/Vitaminas y Suplementos/Multivitamínicos/|/Vitaminas y Suplementos/,https://www.pharmacys.com.ec/azitromicina-500mg-oxialfarm-farma-tabletas-recubiertas/p
Azitromicina,pharmacys,Azitromicina 500mg jaspharm generico tableta recubierta,Azitromicina,9.75,9.75,/Medicinas/Antiinfecciosos/|/Medicinas/,https://www.pharmacys.com.ec/azitromicina-500mg-jaspharm-generico-tableta-recubierta/p
Azitromicina,pharmacys,Azitromicina 200mg/5ml dyvenpro ecuagen suspensión,Azitromicina,6.36,6.36,/Medicinas/Antiinfecciosos/|/Medicinas/,https://www.pharmacys.com.ec/azitromicina-200mg-5ml-dyvenpro-ecuagen-suspension/p
Azitromicina,pharmacys,Azitromicina 200mg/5ml la sante suspensión,Azitromicina,6.36,6.36,/Medicinas/Antiinfecciosos/|/Medicinas/,https://www.pharmacys.com.ec/azitromicina-200mg-5ml-la-sante-suspension/p
Azitromicina,medicity,Azitromicina Mk Tabletas Recubiertas 500 mg Caja 3 Unidades (REC),MK,1.06,1.32,/Medicina/Antiinfeccioso y Antibacteriano/|/Medicina/,https://www.farmaciasmedicity.com/azitromicina-mk-500-mg-caja-con-3-tabletas-recubiertas/p
Azitromicina,medicity,Azitromicina Santé Suspensión 200 mg / 5 mL Con 15 mL,LA SANTE,5.85,6.36,/Medicina/Antiinfeccioso y Antibacteriano/|/Medicina/,https://www.farmaciasmedicity.com/azitromicina-sante-suspension-200-mg--5-ml-con-15-ml/p
Azitromicina,medicity,Azitromicina Santé Tabletas Recubierto 500 mg Caja Con 5 Unidades (REC),LA SANTE,1.47,1.6,/Medicina/Antiinfeccioso y Antibacteriano/|/Medicina/,https://www.farmaciasmedicity.com/azitromicina-sante-tabletas-recubierto-500-mg-caja-con-5-unidades/p
Azitromicina,medicity,Azitromicina Genfar Tabletas Recubierto 500 mg Caja con 3 Unidades (REC),GENFAR,1.79,1.95,/Medicina/Antiinfeccioso y Antibacteriano/|/Medicina/,https://www.farmaciasmedicity.com/azitromicina-genfar-tabletas-recubierto-500-mg-caja-con-3-unidades/p
Azitromicina,medicity,Binozyt Suspensión 200 mg/5 mL (REC),BINOZYT,5.85,6.36,/Medicina/Antiinfeccioso y Antibacteriano/|/Medicina/,https://www.farmaciasmedicity.com/binozyt-suspension-200-mg5-ml/p
Azitromicina,medicity,Trex Comprimido Recubierto 500 mg Caja Con 3 Unidades (REC),TREX,1.48,1.95,/Medicina/Antiinfeccioso y Antibacteriano/|/Medicina/,https://www.farmaciasmedicity.com/trex-comprimido-recubierto-500-mg-caja-con-3-unidades/p
Azitromicina,medicity,Trex Comprimidos Recubiertos 500 mg Caja 6 Unidades (REC),TREX,1.56,1.95,/Medicina/Antiinfeccioso y Antibacteriano/|/Medicina/,https://www.farmaciasmedicity.com/trex-comprimidos-recubiertos-500-mg-caja-con-6-unidades/p
Azitromicina,medicity,Trex Suspensión 200 mg/5 mL Frasco Con 30 mL (REC),TREX,10.17,12.71,/Medicina/Antiinfeccioso y Antibacteriano/|/Medicina/,https://www.farmaciasmedicity.com/trex-suspension-200-mg5-ml-frasco-con-30-ml/p
Azitromicina,cruzazul,Azitromicina 500mg rocnarf tabletas,Azitromicina,6.4,6.4,/Medicinas/Antiinfecciosos/|/Medicinas/,https://www.farmaciascruzazul.ec/azitromicina-500mg-rocnarf-generico-tabletas/p
Azitromicina,cruzazul,Azitromicina 500mg dyvenpro ecuagen tableta,Azitromicina,5.85,5.85,/Medicinas/Antiinfecciosos/|/Medicinas/,https://www.farmaciascruzazul.ec/azitromicina-500mg-dyvenpro-ecuagen-tableta/p
Azitromicina,cruzazul,Azitromicina 500mg labovida tabletas recubiertas,Azitromicina,5.85,5.85,/Medicinas/Antiinfecciosos/|/Medicinas/,https://www.farmaciascruzazul.ec/azitromicina-500mg-labovida-tabletas-recubiertas/p
Azitromicina,cruzazul,Azitromicina 200mg/5ml rocnarf suspensión,Azitromicina,4.5,4.5,/Medicinas/Antiinfecciosos/|/Medicinas/,https://www.farmaciascruzazul.ec/azitromicina-200mg-5ml-rocnarf-generico-suspension/p
Azitromicina,cruzazul,Azitromicina 500mg la sante tableta,Azitromicina,8.0,8.0,/Medicinas/Antiinfecciosos/|/Medicinas/,https://www.farmaciascruzazul.ec/azitromicina-500mg-la-sante-tableta/p
Azitromicina,cruzazul,Azitromicina 200mg/5ml oxialfarm farma suspensión,Azitromicina,9.8,9.8,/Medicinas/Antiinfecciosos/|/Medicinas/,https://www.farmaciascruzazul.ec/azitromicina-200mg-5ml-oxialfarm-farma-suspension/p
Azitromicina,cruzazul,Azitromicina 500mg oxialfarm farma tabletas recubiertas,Azitromicina,5.82,5.82,/Vitaminas y Suplementos/Multivitamínicos/Para Mujeres/|/Vitaminas y Suplementos/Multivitamínicos/|/Vitaminas y Suplementos/,https://www.farmaciascruzazul.ec/azitromicina-500mg-oxialfarm-farma-tabletas-recubiertas/p
Azitromicina,cruzazul,Azitromicina 500mg jaspharm generico tableta recubierta,Azitromicina,9.75,9.75,/Medicinas/Antiinfecciosos/|/Medicinas/,https://www.farmaciascruzazul.ec/azitromicina-500mg-jaspharm-generico-tableta-recubierta/p
Azitromicina,cruzazul,Azitromicina 200mg/5ml dyvenpro ecuagen suspensión,Azitromicina,6.36,6.36,/Medicinas/Antiinfecciosos/|/Medicinas/,https://www.farmaciascruzazul.ec/azitromicina-200mg-5ml-dyvenpro-ecuagen-suspension/p
Azitromicina,cruzazul,Azitromicina 200mg/5ml la sante suspensión,Azitromicina,6.36,6.36,/Medicinas/Antiinfecciosos/|/Medicinas/,https://www.farmaciascruzazul.ec/azitromicina-200mg-5ml-la-sante-suspension/p
Claritromicina,pharmacys,Claritromicina 500mg rocnarf tabletas recubiertas,Claritromicina,10.2,10.2,/Medicinas/Antiinfecciosos/|/Medicinas/,https://www.pharmacys.com.ec/claritromicina-500mg-rocnarf-generico-tabletas-recubiertas/p
Claritromicina,pharmacys,Claritromicina 500mg la sante tableta,Claritromicina,9.7,9.7,/Medicinas/Antiinfecciosos/|/Medicinas/,https://www.pharmacys.com.ec/claritromicina-500mg-la-sante-tableta/p
Claritromicina,pharmacys,Claritromicina 250mg dyvenpro ecuagen suspensión,Claritromicina,13.17,13.17,/Medicinas/Antiinfecciosos/|/Medicinas/,https://www.pharmacys.com.ec/claritromicina-250mg-dyvenpro-ecuagen-suspension/p
Claritromicina,pharmacys,Claritromicina 500mg dyvenpro ecuagen tableta,Claritromicina,9.7,9.7,/Medicinas/Antiinfecciosos/|/Medicinas/,https://www.pharmacys.com.ec/claritromicina-500mg-dyvenpro-ecuagen-tableta/p
Claritromicina,pharmacys,Claritromicina 500mg labvitalis solución inyectable,Claritromicina,107.9,107.9,/Medicinas/Antiinfecciosos/|/Medicinas/,https://www.pharmacys.com.ec/claritromicina-500mg-labvitalis-solucion-inyectable/p
Claritromicina,pharmacys,Claritromicina 250mg/5ml polvo La sante,Claritromicina,11.02,11.02,/Medicinas/Antiinfecciosos/|/Medicinas/,https://www.pharmacys.com.ec/claritromicina-250mg-5ml-la-sante-polvo/p
Claritromicina,pharmacys,Claritromicina 500mg tecnoquimicas - genericos tableta recubierta,Claritromicina,8.42,8.42,/Medicinas/Antiinfecciosos/|/Medicinas/,https://www.pharmacys.com.ec/claritromicina-500mg-tecnoquimicas-genericos-tableta-recubierta/p
Claritromicina,pharmacys,Claritromicina 250mg caplin point - generico suspensión,Claritromicina,13.23,13.23,/Medicinas/Antiinfecciosos/|/Medicinas/,https://www.pharmacys.com.ec/claritromicina-250mg-caplin-point-generico-suspension/p
Claritromicina,pharmacys,Claritromicina 500mg leterago - genfar tableta recubierta,Claritromicina,9.7,9.7,/Medicinas/Antiinfecciosos/|/Medicinas/,https://www.pharmacys.com.ec/claritromicina-500mg-leterago-genfar-tableta-recubierta/p
Claritromicina,pharmacys,Claritromicina 500mg garcos - nifa genericos tabletas recubiertas,Claritromicina,9.7,9.7,/Medicinas/Antiinfecciosos/|/Medicinas/,https://www.pharmacys.com.ec/claritromicina-500mg-garcos-nifa-genericos-tabletas-recubiertas/p
Claritromicina,medicity,Claritromicina Genfar Tabletas Recubierto 500 mg Con 10 Unidades,GENFAR,0.89,0.97,/Medicina/Antiinfeccioso y Antibacteriano/|/Medicina/,https://www.farmaciasmedicity.com/claritromicina-genfar-tabletas-recubierto-500-mg-con-10-unidades/p
Claritromicina,medicity,Klaricid Tabletas Recubiertas 500mg Caja 10 Unidades,KLARICID,0.84,0.97,/Medicina/Antiinfeccioso y Antibacteriano/|/Medicina/,https://www.farmaciasmedicity.com/klaricid-tabletas-recubiertas-500mg-caja-10-unidades-1/p
Claritromicina,medicity,Klaricid Gránulos 250 mg/5 mL Frasco Con 60 mL (REC),KLARICID,11.91,13.23,/Medicina/Antiinfeccioso y Antibacteriano/|/Medicina/,https://www.farmaciasmedicity.com/klaricid-granulos-250-mg5-ml-frasco-con-60-ml/p
Claritromicina,cruzazul,Claritromicina 500mg rocnarf tabletas recubiertas,Claritromicina,10.2,10.2,/Medicinas/Antiinfecciosos/|/Medicinas/,https://www.farmaciascruzazul.ec/claritromicina-500mg-rocnarf-generico-tabletas-recubiertas/p
Claritromicina,cruzazul,Claritromicina 500mg la sante tableta,Claritromicina,9.7,9.7,/Medicinas/Antiinfecciosos/|/Medicinas/,https://www.farmaciascruzazul.ec/claritromicina-500mg-la-sante-tableta/p
Claritromicina,cruzazul,Claritromicina 250mg dyvenpro ecuagen suspensión,Claritromicina,13.17,13.17,/Medicinas/Antiinfecciosos/|/Medicinas/,https://www.farmaciascruzazul.ec/claritromicina-250mg-dyvenpro-ecuagen-suspension/p
Claritromicina,cruzazul,Claritromicina 500mg dyvenpro ecuagen tableta,Claritromicina,9.7,9.7,/Medicinas/Antiinfecciosos/|/Medicinas/,https://www.farmaciascruzazul.ec/claritromicina-500mg-dyvenpro-ecuagen-tableta/p
Claritromicina,cruzazul,Claritromicina 500mg labvitalis solución inyectable,Claritromicina,107.9,107.9,/Medicinas/Antiinfecciosos/|/Medicinas/,https://www.farmaciascruzazul.ec/claritromicina-500mg-labvitalis-solucion-inyectable/p
Claritromicina,cruzazul,Claritromicina 250mg/5ml polvo La sante,Claritromicina,11.02,11.02,/Medicinas/Antiinfecciosos/|/Medicinas/,https://www.farmaciascruzazul.ec/claritromicina-250mg-5ml-la-sante-polvo/p
Claritromicina,cruzazul,Claritromicina 500mg tecnoquimicas - genericos tableta recubierta,Claritromicina,8.42,8.42,/Medicinas/Antiinfecciosos/|/Medicinas/,https://www.farmaciascruzazul.ec/claritromicina-500mg-tecnoquimicas-genericos-tableta-recubierta/p
Claritromicina,cruzazul,Claritromicina 250mg caplin point - generico suspensión,Claritromicina,13.23,13.23,/Medicinas/Antiinfecciosos/|/Medicinas/,https://www.farmaciascruzazul.ec/claritromicina-250mg-caplin-point-generico-suspension/p
Claritromicina,cruzazul,Claritromicina 500mg leterago - genfar tableta recubierta,Claritromicina,9.7,9.7,/Medicinas/Antiinfecciosos/|/Medicinas/,https://www.farmaciascruzazul.ec/claritromicina-500mg-leterago-genfar-tableta-recubierta/p
Claritromicina,cruzazul,Claritromicina 500mg garcos - nifa genericos tabletas recubiertas,Claritromicina,9.7,9.7,/Medicinas/Antiinfecciosos/|/Medicinas/,https://www.farmaciascruzazul.ec/claritromicina-500mg-garcos-nifa-genericos-tabletas-recubiertas/p
Ciprofloxacino,pharmacys,Ciprofloxacino 200mg genamerica generico ampollas inyectables,Ciprofloxacino,3.8,3.8,/Medicinas/Antiinfecciosos/|/Medicinas/,https://www.pharmacys.com.ec/ciprofloxacino-200mg-genamerica-generico-ampollas-inyectables/p
Ciprofloxacino,pharmacys,Ciprofloxacino Comp Rec 500 Mg X6,Ciprofloxacino,3.25,3.25,/Medicinas/Antiinfecciosos/|/Medicinas/,https://www.pharmacys.com.ec/ciprofloxacino-500mg-ecuaquimica-mintlab-comprimidos-recubiertos/p
Ciprofloxacino,pharmacys,Ciprofloxacino 500mg caplin point - generico cápsulas,Ciprofloxacino,89.0,89.0,/Medicinas/Antiinfecciosos/|/Medicinas/,https://www.pharmacys.com.ec/ciprofloxacino-500mg-caplin-point-generico-capsulas/p
Ciprofloxacino,pharmacys,Ciprofloxacino 500mg portugal - generico tabletas recubiertas,Ciprofloxacino,75.0,75.0,/Medicinas/Antiinfecciosos/|/Medicinas/,https://www.pharmacys.com.ec/ciprofloxacino-500mg-portugal-generico-tabletas-recubiertas/p
Ciprofloxacino,pharmacys,Ciprofloxacino 500mg leterago - genfar tabletas recubiertas,Ciprofloxacino,7.88,7.88,/Medicinas/Antiinfecciosos/|/Medicinas/,https://www.pharmacys.com.ec/ciprofloxacino-500mg-leterago-genfar-tabletas-recubiertas/p
Ciprofloxacino,pharmacys,Ciprofloxacino 500mg dyvenpro representaciones lab chile linea generica comprimidos recubiertos,Ciprofloxacino,4.44,4.44,/Medicinas/Antiinfecciosos/|/Medicinas/,https://www.pharmacys.com.ec/ciprofloxacino-500mg-dyvenpro-representaciones-lab-chile-linea-generica-comprimidos-recubiertos/p
Ciprofloxacino,pharmacys,Prixol 500mg danivet tableta,Prixol,7.5,7.5,/Medicinas/Antiinfecciosos/|/Medicinas/,https://www.pharmacys.com.ec/prixol-500mg-danivet-tableta/p
Ciprofloxacino,pharmacys,Ciprofloxacina 500mg la sante tableta,Ciprofloxacina,7.5,7.5,/Medicinas/Antiinfecciosos/|/Medicinas/,https://www.pharmacys.com.ec/ciprofloxacina-500mg-la-sante-tableta/p
Ciprofloxacino,medicity,Genfar Ciprofloxacino Tabletas Recubiertas 500 mg 10 Unidades,GENFAR,0.63,0.79,/Medicina/Antiinfeccioso y Antibacteriano/|/Medicina/,https://www.farmaciasmedicity.com/ciprofloxacino-genfar-tabletas-recubiertas-500-mg-con-10-unidades/p
Ciprofloxacino,medicity,Ciprofloxacino Santé Tabletas Recubierto 500 mg Con 10 Unidades (REC),LA SANTE,0.69,0.75,/Medicina/Antiinfeccioso y Antibacteriano/|/Medicina/,https://www.farmaciasmedicity.com/ciprofloxacino-sante-tabletas-recubierto-500-mg-con-10-unidades/p
Ciprofloxacino,cruzazul,Ciprofloxacino 200mg genamerica generico ampollas inyectables,Ciprofloxacino,3.8,3.8,/Medicinas/Antiinfecciosos/|/Medicinas/,https://www.farmaciascruzazul.ec/ciprofloxacino-200mg-genamerica-generico-ampollas-inyectables/p
Ciprofloxacino,cruzazul,Ciprofloxacino Comp Rec 500 Mg X6,Ciprofloxacino,3.25,3.25,/Medicinas/Antiinfecciosos/|/Medicinas/,https://www.farmaciascruzazul.ec/ciprofloxacino-500mg-ecuaquimica-mintlab-comprimidos-recubiertos/p
Ciprofloxacino,cruzazul,Ciprofloxacino 500mg caplin point - generico cápsulas,Ciprofloxacino,89.0,89.0,/Medicinas/Antiinfecciosos/|/Medicinas/,https://www.farmaciascruzazul.ec/ciprofloxacino-500mg-caplin-point-generico-capsulas/p
Ciprofloxacino,cruzazul,Ciprofloxacino 500mg portugal - generico tabletas recubiertas,Ciprofloxacino,75.0,75.0,/Medicinas/Antiinfecciosos/|/Medicinas/,https://www.farmaciascruzazul.ec/ciprofloxacino-500mg-portugal-generico-tabletas-recubiertas/p
Ciprofloxacino,cruzazul,Ciprofloxacino 500mg leterago - genfar tabletas recubiertas,Ciprofloxacino,7.88,7.88,/Medicinas/Antiinfecciosos/|/Medicinas/,https://www.farmaciascruzazul.ec/ciprofloxacino-500mg-leterago-genfar-tabletas-recubiertas/p
Ciprofloxacino,cruzazul,Ciprofloxacino 500mg dyvenpro representaciones lab chile linea generica comprimidos recubiertos,Ciprofloxacino,4.44,4.44,/Medicinas/Antiinfecciosos/|/Medicinas/,https://www.farmaciascruzazul.ec/ciprofloxacino-500mg-dyvenpro-representaciones-lab-chile-linea-generica-comprimidos-recubiertos/p
Ciprofloxacino,cruzazul,Prixol 500mg danivet tableta,Prixol,7.5,7.5,/Medicinas/Antiinfecciosos/|/Medicinas/,https://www.farmaciascruzazul.ec/prixol-500mg-danivet-tableta/p
Ciprofloxacino,cruzazul,Ciprofloxacina 500mg la sante tableta,Ciprofloxacina,7.5,7.5,/Medicinas/Antiinfecciosos/|/Medicinas/,https://www.farmaciascruzazul.ec/ciprofloxacina-500mg-la-sante-tableta/p
Levofloxacino,pharmacys,Levofloxacina 500mg pharmedic infusión,Levofloxacina,12.39,12.39,/Medicinas/Antiinfecciosos/|/Medicinas/,https://www.pharmacys.com.ec/levofloxacina-500mg-pharmedic-infusion/p
Levofloxacino,pharmacys,Floximax 750mg eurofarma marcas tableta,Floximax,13.0,13.0,/Medicinas/Antiinfecciosos/|/Medicinas/,https://www.pharmacys.com.ec/floximax-750mg-eurofarma-marcas-tableta/p
Levofloxacino,pharmacys,Floximax 500mg eurofarma marcas tableta,Floximax,10.57,10.57,/Medicinas/Antiinfecciosos/|/Medicinas/,https://www.pharmacys.com.ec/floximax-500mg-eurofarma-marcas-tableta/p
Levofloxacino,pharmacys,Levofree 500mg biogenet,Levofree,15.05,15.05,/Medicinas/Antiinfecciosos/|/Medicinas/,https://www.pharmacys.com.ec/levofree-500mg-biogenet/p
Levofloxacino,pharmacys,Truxa 750mg quifatex dist medicamenta comprimidos recubiertos,Truxa,18.9,18.9,/Medicinas/Antiinfecciosos/|/Medicinas/,https://www.pharmacys.com.ec/truxa-750mg-quifatex-dist-medicamenta-comprimidos-recubiertos/p
Levofloxacino,pharmacys,Truxa 500mg quifatex dist medicamenta comprimidos recubiertos,Truxa,15.1,15.1,/Medicinas/Antiinfecciosos/|/Medicinas/,https://www.pharmacys.com.ec/truxa-500mg-quifatex-dist-medicamenta-comprimidos-recubiertos/p
Levofloxacino,medicity,Trigastro Nc Pack Caja 1 Unidades (Ant) (REC),TRIGASTRO,36.0,45.0,/Medicina/Sistema Digestivo/|/Medicina/,https://www.farmaciasmedicity.com/trigastro-nc-pack-caja-1-unidades-ant-1/p
Levofloxacino,medicity,Zoltum Pack Tratamiento 10 Días Caja 2 Unidades (REC),ZOLTUM,20.7,22.5,/Medicina/Sistema Digestivo/|/Medicina/,https://www.farmaciasmedicity.com/zoltum-pack-tratamiento-10-dias-caja-con-2-unidades/p
Levofloxacino,medicity,Truxa Comprimido Recubierto 500 mg Caja 10 Unidades (REC),TRUXA,1.39,1.51,/Medicina/Antiinfeccioso y Antibacteriano/|/Medicina/,https://www.farmaciasmedicity.com/truxa-comprimido-recubierto-500-mg-caja-con-10-unidades/p
Levofloxacino,cruzazul,Levofloxacina 500mg pharmedic infusión,Levofloxacina,12.39,12.39,/Medicinas/Antiinfecciosos/|/Medicinas/,https://www.farmaciascruzazul.ec/levofloxacina-500mg-pharmedic-infusion/p
Levofloxacino,cruzazul,Floximax 750mg eurofarma marcas tableta,Floximax,13.0,13.0,/Medicinas/Antiinfecciosos/|/Medicinas/,https://www.farmaciascruzazul.ec/floximax-750mg-eurofarma-marcas-tableta/p
Levofloxacino,cruzazul,Floximax 500mg eurofarma marcas tableta,Floximax,10.57,10.57,/Medicinas/Antiinfecciosos/|/Medicinas/,https://www.farmaciascruzazul.ec/floximax-500mg-eurofarma-marcas-tableta/p
Levofloxacino,cruzazul,Levofree 500mg biogenet,Levofree,15.05,15.05,/Medicinas/Antiinfecciosos/|/Medicinas/,https://www.farmaciascruzazul.ec/levofree-500mg-biogenet/p
Levofloxacino,cruzazul,Truxa 750mg quifatex dist medicamenta comprimidos recubiertos,Truxa,18.9,18.9,/Medicinas/Antiinfecciosos/|/Medicinas/,https://www.farmaciascruzazul.ec/truxa-750mg-quifatex-dist-medicamenta-comprimidos-recubiertos/p
Levofloxacino,cruzazul,Truxa 500mg quifatex dist medicamenta comprimidos recubiertos,Truxa,15.1,15.1,/Medicinas/Antiinfecciosos/|/Medicinas/,https://www.farmaciascruzazul.ec/truxa-500mg-quifatex-dist-medicamenta-comprimidos-recubiertos/p
Moxifloxacino,pharmacys,Moxifloxacino 400mg tecnoquimicas - genericos tableta,Moxifloxacino,20.16,25.2,/Medicinas/Antiinfecciosos/|/Medicinas/,https://www.pharmacys.com.ec/moxifloxacino-400mg-tecnoquimicas-genericos-tableta/p
Moxifloxacino,pharmacys,Moxaval 400mg ecuaquimica - saval comprimidos,Moxaval,46.9,46.9,/Medicinas/Antiinfecciosos/|/Medicinas/,https://www.pharmacys.com.ec/moxaval-400mg-ecuaquimica-saval-comprimidos/p
Moxifloxacino,medicity,Lamoflox Solución Oftálmica 0.5% Frasco 5 ml (REC),LAMOFLOX,12.22,13.28,/Medicina/Sentidos/Visual/|/Medicina/Sentidos/|/Medicina/,https://www.farmaciasmedicity.com/lamoflox-solucion-oftalmica-0-5-frasco-5-ml-1/p
Moxifloxacino,medicity,Moxaval Comprimidos Recubiertos 400mg Caja 7 Unidades,MOXAVAL,5.36,6.7,/Medicina/Antiinfeccioso y Antibacteriano/|/Medicina/,https://www.farmaciasmedicity.com/moxaval-comprimidos-recubiertos-400mg-caja-7-unidades-1/p
Moxifloxacino,medicity,Flukal Tabletas Recubiertas 400mg Caja 10 Unidades,FLUKAL,6.95,7.55,/Medicina/Antiinfeccioso y Antibacteriano/|/Medicina/,https://www.farmaciasmedicity.com/flukal-tabletas-recubiertas-400mg-caja-10-unidades-1/p
Moxifloxacino,medicity,Vigamox Solución Oftálmica 0.5% Frasco 5 ml (REC),VIGAMOX,12.22,13.28,/Medicina/Sentidos/Visual/|/Medicina/Sentidos/|/Medicina/,https://www.farmaciasmedicity.com/vigamox-solucion-oftalmica-05-frasco-con-5-ml/p
Moxifloxacino,cruzazul,Moxifloxacino 400mg tecnoquimicas - genericos tableta,Moxifloxacino,20.16,25.2,/Medicinas/Antiinfecciosos/|/Medicinas/,https://www.farmaciascruzazul.ec/moxifloxacino-400mg-tecnoquimicas-genericos-tableta/p
Moxifloxacino,cruzazul,Moxaval 400mg ecuaquimica - saval comprimidos,Moxaval,46.9,46.9,/Medicinas/Antiinfecciosos/|/Medicinas/,https://www.farmaciascruzazul.ec/moxaval-400mg-ecuaquimica-saval-comprimidos/p
Norfloxacino,pharmacys,Norfloxacino 400mg tecnoquimicas - genericos tableta recubierta,Norfloxacino,5.76,5.76,/Medicinas/Antiinfecciosos/|/Medicinas/,https://www.pharmacys.com.ec/norfloxacino-400mg-tecnoquimicas-genericos-tableta-recubierta/p
Norfloxacino,pharmacys,Orsanac 400mg leterago - megalabs comprimidos,Orsanac,8.98,8.98,/Medicinas/Antiinfecciosos/|/Medicinas/,https://www.pharmacys.com.ec/orsanac-400mg-leterago-megalabs-comprimidos/p
Norfloxacino,cruzazul,Norfloxacino 400mg tecnoquimicas - genericos tableta recubierta,Norfloxacino,5.76,5.76,/Medicinas/Antiinfecciosos/|/Medicinas/,https://www.farmaciascruzazul.ec/norfloxacino-400mg-tecnoquimicas-genericos-tableta-recubierta/p
Norfloxacino,cruzazul,Orsanac 400mg leterago - megalabs comprimidos,Orsanac,8.98,8.98,/Medicinas/Antiinfecciosos/|/Medicinas/,https://www.farmaciascruzazul.ec/orsanac-400mg-leterago-megalabs-comprimidos/p
Cefalexina,pharmacys,Cefalexina 500mg labovida cápsulas,Cefalexina,5.8,5.8,/Medicinas/Antiinfecciosos/|/Medicinas/,https://www.pharmacys.com.ec/cefalexina-500mg-labovida-capsulas/p
Cefalexina,pharmacys,Cefalexina 500mg kronos genericos cápsulas,Cefalexina,4.8,4.8,/Medicinas/Antiinfecciosos/|/Medicinas/,https://www.pharmacys.com.ec/cefalexina-500mg-kronos-genericos-capsulas/p
Cefalexina,pharmacys,Cefalexina 250mg/5ml labovida suspensión,Cefalexina,2.25,2.25,/Medicinas/Antiinfecciosos/|/Medicinas/,https://www.pharmacys.com.ec/cefalexina-250mg-5ml-labovida-suspension/p
Cefalexina,pharmacys,Cefalexina 500mg dyvenpro ecuagen cápsulas,Cefalexina,2.9,2.9,/Medicinas/Antiinfecciosos/|/Medicinas/,https://www.pharmacys.com.ec/cefalexina-500mg-dyvenpro-ecuagen-capsulas/p
Cefalexina,pharmacys,Cefalexina 250mg/5ml rocnarf suspensión,Cefalexina,4.0,4.0,/Medicinas/Antiinfecciosos/|/Medicinas/,https://www.pharmacys.com.ec/cefalexina-250mg-5ml-rocnarf-suspension-antibacterianos/p
Cefalexina,pharmacys,Cefalexina 250mg/5ml kronos genericos suspensión,Cefalexina,2.2,2.2,/Medicinas/Antiinfecciosos/|/Medicinas/,https://www.pharmacys.com.ec/cefalexina-250mg-5ml-kronos-genericos-suspension/p
Cefalexina,pharmacys,Cefalexina 250mg/5ml dyvenpro ecuagen suspensión,Cefalexina,2.25,2.25,/Medicinas/Antiinfecciosos/|/Medicinas/,https://www.pharmacys.com.ec/cefalexina-250mg-5ml-dyvenpro-ecuagen-suspension/p
Cefalexina,pharmacys,Cefalexina 500mg leterago - genfar cápsulas,Cefalexina,2.9,2.9,/Medicinas/Antiinfecciosos/|/Medicinas/,https://www.pharmacys.com.ec/cefalexina-500mg-leterago-genfar-capsulas/p
Cefalexina,pharmacys,Cefalexina 500mg caplin point - generico cápsulas,Cefalexina,14.5,14.5,/Medicinas/Antiinfecciosos/|/Medicinas/,https://www.pharmacys.com.ec/cefalexina-500mg-caplin-point-generico-capsulas/p
Cefalexina,medicity,Cefalexina Genfar Cápsulas 500 mg Caja Con 10 Unidades (REC),GENFAR,0.23,0.29,/Medicina/Antiinfeccioso y Antibacteriano/|/Medicina/,https://www.farmaciasmedicity.com/cefalexina-genfar-capsulas-500-mg-caja-con-10-unidades/p
Cefalexina,cruzazul,Cefalexina 500mg labovida cápsulas,Cefalexina,5.8,5.8,/Medicinas/Antiinfecciosos/|/Medicinas/,https://www.farmaciascruzazul.ec/cefalexina-500mg-labovida-capsulas/p
Cefalexina,cruzazul,Cefalexina 500mg kronos genericos cápsulas,Cefalexina,4.8,4.8,/Medicinas/Antiinfecciosos/|/Medicinas/,https://www.farmaciascruzazul.ec/cefalexina-500mg-kronos-genericos-capsulas/p
Cefalexina,cruzazul,Cefalexina 250mg/5ml labovida suspensión,Cefalexina,2.25,2.25,/Medicinas/Antiinfecciosos/|/Medicinas/,https://www.farmaciascruzazul.ec/cefalexina-250mg-5ml-labovida-suspension/p
Cefalexina,cruzazul,Cefalexina 500mg dyvenpro ecuagen cápsulas,Cefalexina,2.9,2.9,/Medicinas/Antiinfecciosos/|/Medicinas/,https://www.farmaciascruzazul.ec/cefalexina-500mg-dyvenpro-ecuagen-capsulas/p
Cefalexina,cruzazul,Cefalexina 250mg/5ml rocnarf suspensión,Cefalexina,4.0,4.0,/Medicinas/Antiinfecciosos/|/Medicinas/,https://www.farmaciascruzazul.ec/cefalexina-250mg-5ml-rocnarf-suspension-antibacterianos/p
Cefalexina,cruzazul,Cefalexina 250mg/5ml kronos genericos suspensión,Cefalexina,2.2,2.2,/Medicinas/Antiinfecciosos/|/Medicinas/,https://www.farmaciascruzazul.ec/cefalexina-250mg-5ml-kronos-genericos-suspension/p
Cefalexina,cruzazul,Cefalexina 250mg/5ml dyvenpro ecuagen suspensión,Cefalexina,2.25,2.25,/Medicinas/Antiinfecciosos/|/Medicinas/,https://www.farmaciascruzazul.ec/cefalexina-250mg-5ml-dyvenpro-ecuagen-suspension/p
Cefalexina,cruzazul,Cefalexina 500mg leterago - genfar cápsulas,Cefalexina,2.9,2.9,/Medicinas/Antiinfecciosos/|/Medicinas/,https://www.farmaciascruzazul.ec/cefalexina-500mg-leterago-genfar-capsulas/p
Cefalexina,cruzazul,Cefalexina 500mg caplin point - generico cápsulas,Cefalexina,14.5,14.5,/Medicinas/Antiinfecciosos/|/Medicinas/,https://www.farmaciascruzazul.ec/cefalexina-500mg-caplin-point-generico-capsulas/p
Cefadroxilo,pharmacys,Cefadroxilo 500mg dyvenpro ecuagen cápsulas,Cefadroxilo,7.6,7.6,/Medicinas/Antiinfecciosos/|/Medicinas/,https://www.pharmacys.com.ec/cefadroxilo-500mg-dyvenpro-ecuagen-capsulas/p
Cefadroxilo,pharmacys,Cefadroxilo 250mg/5ml dyvenpro ecuagen suspensión,Cefadroxilo,4.75,4.75,/Medicinas/Antiinfecciosos/|/Medicinas/,https://www.pharmacys.com.ec/cefadroxilo-250mg-5ml-dyvenpro-ecuagen-suspension/p
Cefadroxilo,pharmacys,Cefadroxilo 500mg ecuaquimica - mintlab cápsulas,Cefadroxilo,5.76,5.76,/Medicinas/Antiinfecciosos/|/Medicinas/,https://www.pharmacys.com.ec/cefadroxilo-500mg-ecuaquimica-mintlab-capsulas/p
Cefadroxilo,pharmacys,Cefadroxilo 500mg leterago - genfar cápsulas,Cefadroxilo,7.6,7.6,/Medicinas/Antiinfecciosos/|/Medicinas/,https://www.pharmacys.com.ec/cefadroxilo-500mg-leterago-genfar-capsulas/p
Cefadroxilo,pharmacys,Cefadroxilo 500mg garcos - nifa genericos cápsulas,Cefadroxilo,7.2,7.2,/Medicinas/Antiinfecciosos/|/Medicinas/,https://www.pharmacys.com.ec/cefadroxilo-500mg-garcos-nifa-genericos-capsulas/p
Cefadroxilo,pharmacys,Cefadroxilo 250mg/5ml garcos - nifa genericos suspensión,Cefadroxilo,3.6,3.6,/Medicinas/Antiinfecciosos/|/Medicinas/,https://www.pharmacys.com.ec/cefadroxilo-250mg5ml-garcos-nifa-genericos-suspension-98591/p
Cefadroxilo,pharmacys,Biodroxil 500 mg/5 ml suspensión oral frasco x 60 ml,Biodroxil,10.63,10.63,/Tratamientos y Salud/Gripes y resfriados/Gripes y resfriados de Adulto/|/Tratamientos y Salud/Gripes y resfriados/|/Tratamientos y Salud/,https://www.pharmacys.com.ec/biodroxil-500mg-5ml-suspension-oral-frasco-x60ml/p
Cefadroxilo,pharmacys,Biodroxil 1000 mg x 12,Biodroxil,19.44,19.44,/Tratamientos y Salud/Gripes y resfriados/Gripes y resfriados de Adulto/|/Tratamientos y Salud/Gripes y resfriados/|/Tratamientos y Salud/,https://www.pharmacys.com.ec/biodroxil-1000mg-x12/p
Cefadroxilo,pharmacys,Biodroxil 500 mg cápsulas caja x 12,Biodroxil,12.81,12.81,/Tratamientos y Salud/Gripes y resfriados/Gripes y resfriados de Adulto/|/Tratamientos y Salud/Gripes y resfriados/|/Tratamientos y Salud/,https://www.pharmacys.com.ec/biodroxil-500mg-capsulas-caja-x12/p
Cefadroxilo,pharmacys,Biodroxil 250 mg/5 ml suspensión oral frasco x 60 ml,Biodroxil,5.9,5.9,/Tratamientos y Salud/Gripes y resfriados/Gripes y resfriados de Adulto/|/Tratamientos y Salud/Gripes y resfriados/|/Tratamientos y Salud/,https://www.pharmacys.com.ec/biodroxil-250mg-5ml-suspension-oral-frasco-x60ml/p
Cefadroxilo,medicity,Cefadroxilo Santé Cápsulas 500 mg Caja Con 12 Unidades (REC),LA SANTE,0.63,0.68,/Medicina/Antiinfeccioso y Antibacteriano/|/Medicina/,https://www.farmaciasmedicity.com/cefadroxilo-sante-capsulas-500-mg-caja-con-12-unidades/p
Cefadroxilo,medicity,Cefadroxilo Genfar Cápsulas 500 mg Caja Con 10 Unidades (REC),GENFAR,0.7,0.76,/Medicina/Antiinfeccioso y Antibacteriano/|/Medicina/,https://www.farmaciasmedicity.com/cefadroxilo-genfar-capsulas-500-mg-caja-con-10-unidades/p
Cefadroxilo,medicity,Biodroxil Cápsulas 500 mg Caja Con 12 Unidades (REC),BIODROXIL,0.98,1.07,/Medicina/Antiinfeccioso y Antibacteriano/|/Medicina/,https://www.farmaciasmedicity.com/biodroxil-capsulas-500-mg-caja-con-12-unidades/p
Cefadroxilo,cruzazul,Cefadroxilo 500mg dyvenpro ecuagen cápsulas,Cefadroxilo,7.6,7.6,/Medicinas/Antiinfecciosos/|/Medicinas/,https://www.farmaciascruzazul.ec/cefadroxilo-500mg-dyvenpro-ecuagen-capsulas/p
Cefadroxilo,cruzazul,Cefadroxilo 250mg/5ml dyvenpro ecuagen suspensión,Cefadroxilo,4.75,4.75,/Medicinas/Antiinfecciosos/|/Medicinas/,https://www.farmaciascruzazul.ec/cefadroxilo-250mg-5ml-dyvenpro-ecuagen-suspension/p
Cefadroxilo,cruzazul,Cefadroxilo 500mg ecuaquimica - mintlab cápsulas,Cefadroxilo,5.76,5.76,/Medicinas/Antiinfecciosos/|/Medicinas/,https://www.farmaciascruzazul.ec/cefadroxilo-500mg-ecuaquimica-mintlab-capsulas/p
Cefadroxilo,cruzazul,Cefadroxilo 500mg leterago - genfar cápsulas,Cefadroxilo,7.6,7.6,/Medicinas/Antiinfecciosos/|/Medicinas/,https://www.farmaciascruzazul.ec/cefadroxilo-500mg-leterago-genfar-capsulas/p
Cefadroxilo,cruzazul,Cefadroxilo 500mg garcos - nifa genericos cápsulas,Cefadroxilo,7.2,7.2,/Medicinas/Antiinfecciosos/|/Medicinas/,https://www.farmaciascruzazul.ec/cefadroxilo-500mg-garcos-nifa-genericos-capsulas/p
Cefadroxilo,cruzazul,Cefadroxilo 250mg/5ml garcos - nifa genericos suspensión,Cefadroxilo,3.6,3.6,/Medicinas/Antiinfecciosos/|/Medicinas/,https://www.farmaciascruzazul.ec/cefadroxilo-250mg5ml-garcos-nifa-genericos-suspension-98591/p
Cefadroxilo,cruzazul,Biodroxil 500 mg/5 ml suspensión oral frasco x 60 ml,Biodroxil,10.63,10.63,/Tratamientos y Salud/Gripes y resfriados/Gripes y resfriados de Adulto/|/Tratamientos y Salud/Gripes y resfriados/|/Tratamientos y Salud/,https://www.farmaciascruzazul.ec/biodroxil-500mg-5ml-suspension-oral-frasco-x60ml/p
Cefadroxilo,cruzazul,Biodroxil 1000 mg x 12,Biodroxil,19.44,19.44,/Tratamientos y Salud/Gripes y resfriados/Gripes y resfriados de Adulto/|/Tratamientos y Salud/Gripes y resfriados/|/Tratamientos y Salud/,https://www.farmaciascruzazul.ec/biodroxil-1000mg-x12/p
Cefadroxilo,cruzazul,Biodroxil 500 mg cápsulas caja x 12,Biodroxil,12.81,12.81,/Tratamientos y Salud/Gripes y resfriados/Gripes y resfriados de Adulto/|/Tratamientos y Salud/Gripes y resfriados/|/Tratamientos y Salud/,https://www.farmaciascruzazul.ec/biodroxil-500mg-capsulas-caja-x12/p
Cefadroxilo,cruzazul,Biodroxil 250 mg/5 ml suspensión oral frasco x 60 ml,Biodroxil,5.9,5.9,/Tratamientos y Salud/Gripes y resfriados/Gripes y resfriados de Adulto/|/Tratamientos y Salud/Gripes y resfriados/|/Tratamientos y Salud/,https://www.farmaciascruzazul.ec/biodroxil-250mg-5ml-suspension-oral-frasco-x60ml/p
Cefuroxima,pharmacys,Cefuroxima 500mg leterago - genfar,Cefuroxima,13.45,13.45,/Medicinas/Aparato Metabólico y Digestivo/|/Medicinas/,https://www.pharmacys.com.ec/cefuroxima-500mg-leterago-genfar/p
Cefuroxima,pharmacys,Cefuroxima 500mg labovida tabletas recubiertas,Cefuroxima,12.5,12.5,/Medicinas/Antiinfecciosos/|/Medicinas/,https://www.pharmacys.com.ec/cefuroxima-500mg-labovida-tabletas-recubiertas/p
Cefuroxima,pharmacys,Cefuroxima 500mg genamerica generico comprimidos recubiertos,Cefuroxima,13.5,13.5,/Medicinas/Antiinfecciosos/|/Medicinas/,https://www.pharmacys.com.ec/cefuroxima-500mg-genamerica-generico-comprimidos-recubiertos/p
Cefuroxima,pharmacys,Cefuroxima 500mg garcos - nifa genericos tabletas recubiertas,Cefuroxima,13.0,13.0,/Medicinas/Antiinfecciosos/|/Medicinas/,https://www.pharmacys.com.ec/cefuroxima-500mg-garcos-nifa-genericos-tabletas-recubiertas/p
Cefuroxima,pharmacys,Cefuroxima 250mg/5ml garcos - nifa genericos suspensión,Cefuroxima,14.7,14.7,/Medicinas/Antiinfecciosos/|/Medicinas/,https://www.pharmacys.com.ec/cefuroxima-250mg-5ml-garcos-nifa-genericos-suspension/p
Cefuroxima,pharmacys,Zinnat 250 mg/5 ml suspensión x 70 ml,Zinnat,15.37,15.37,/Tratamientos y Salud/Alergia y Sinusitis/Sinusitis/|/Tratamientos y Salud/Alergia y Sinusitis/|/Tratamientos y Salud/,https://www.pharmacys.com.ec/zinnat-250mg-5ml-suspension-x70ml/p
Cefuroxima,pharmacys,Zinnat 750 mg/17 ml inyectable (vial) x 1,Zinnat,13.96,13.96,/Tratamientos y Salud/Alergia y Sinusitis/Sinusitis/|/Tratamientos y Salud/Alergia y Sinusitis/|/Tratamientos y Salud/,https://www.pharmacys.com.ec/zinnat-750mg-17ml-inyectable-vial-x1/p
Cefuroxima,pharmacys,Zinnat 500 mg x 10,Zinnat,21.14,21.14,/Tratamientos y Salud/Alergia y Sinusitis/Sinusitis/|/Tratamientos y Salud/Alergia y Sinusitis/|/Tratamientos y Salud/,https://www.pharmacys.com.ec/zinnat-500mg-x10/p
Cefuroxima,pharmacys,Zinnat 250 mg x 10,Zinnat,8.3,8.3,/Tratamientos y Salud/Alergia y Sinusitis/Sinusitis/|/Tratamientos y Salud/Alergia y Sinusitis/|/Tratamientos y Salud/,https://www.pharmacys.com.ec/zinnat-250mg-x10/p
Cefuroxima,medicity,Furacam Suspensión 250 mg/5 mL Frasco Con 100 mL (REC),FURACAM,18.52,20.13,/Medicina/Antiinfeccioso y Antibacteriano/|/Medicina/,https://www.farmaciasmedicity.com/furacam-suspension-250-mg5-ml-frasco-con-100-ml/p
Cefuroxima,medicity,Furacam Polvo Suspensión 250mg/5 ml x 70 ml (Ant) (REC),FURACAM,14.13,15.36,/Medicina/Antiinfeccioso y Antibacteriano/|/Medicina/,https://www.farmaciasmedicity.com/furacam-polvo-suspension-250mg-5-ml-x-70-ml-ant-1/p
Cefuroxima,medicity,Zamur-500 Tabletas Recubierto 500 mg Caja Con 10 Unidades (REC),ZAMUR,1.79,1.95,/Medicina/Antiinfeccioso y Antibacteriano/|/Medicina/,https://www.farmaciasmedicity.com/zamur-500-tabletas-recubierto-500-mg-caja-con-10-unidades/p
Cefuroxima,medicity,Altacef Tabletas Recubiertas 500 mg Caja Con 16 Unidades (REC),ALTACEF,1.04,1.13,/Medicina/Antiinfeccioso y Antibacteriano/|/Medicina/,https://www.farmaciasmedicity.com/altacef-tabletas-recubiertas-500-mg-caja-con-16-unidades/p
Cefuroxima,cruzazul,Cefuroxima 500mg leterago - genfar,Cefuroxima,13.45,13.45,/Medicinas/Aparato Metabólico y Digestivo/|/Medicinas/,https://www.farmaciascruzazul.ec/cefuroxima-500mg-leterago-genfar/p
Cefuroxima,cruzazul,Cefuroxima 500mg labovida tabletas recubiertas,Cefuroxima,12.5,12.5,/Medicinas/Antiinfecciosos/|/Medicinas/,https://www.farmaciascruzazul.ec/cefuroxima-500mg-labovida-tabletas-recubiertas/p
Cefuroxima,cruzazul,Cefuroxima 500mg genamerica generico comprimidos recubiertos,Cefuroxima,13.5,13.5,/Medicinas/Antiinfecciosos/|/Medicinas/,https://www.farmaciascruzazul.ec/cefuroxima-500mg-genamerica-generico-comprimidos-recubiertos/p
Cefuroxima,cruzazul,Cefuroxima 500mg garcos - nifa genericos tabletas recubiertas,Cefuroxima,13.0,13.0,/Medicinas/Antiinfecciosos/|/Medicinas/,https://www.farmaciascruzazul.ec/cefuroxima-500mg-garcos-nifa-genericos-tabletas-recubiertas/p
Cefuroxima,cruzazul,Cefuroxima 250mg/5ml garcos - nifa genericos suspensión,Cefuroxima,14.7,14.7,/Medicinas/Antiinfecciosos/|/Medicinas/,https://www.farmaciascruzazul.ec/cefuroxima-250mg-5ml-garcos-nifa-genericos-suspension/p
Cefuroxima,cruzazul,Zinnat 250 mg/5 ml suspensión x 70 ml,Zinnat,15.37,15.37,/Tratamientos y Salud/Alergia y Sinusitis/Sinusitis/|/Tratamientos y Salud/Alergia y Sinusitis/|/Tratamientos y Salud/,https://www.farmaciascruzazul.ec/zinnat-250mg-5ml-suspension-x70ml/p
Cefuroxima,cruzazul,Zinnat 750 mg/17 ml inyectable (vial) x 1,Zinnat,13.96,13.96,/Tratamientos y Salud/Alergia y Sinusitis/Sinusitis/|/Tratamientos y Salud/Alergia y Sinusitis/|/Tratamientos y Salud/,https://www.farmaciascruzazul.ec/zinnat-750mg-17ml-inyectable-vial-x1/p
Cefuroxima,cruzazul,Zinnat 500 mg x 10,Zinnat,21.14,21.14,/Tratamientos y Salud/Alergia y Sinusitis/Sinusitis/|/Tratamientos y Salud/Alergia y Sinusitis/|/Tratamientos y Salud/,https://www.farmaciascruzazul.ec/zinnat-500mg-x10/p
Cefuroxima,cruzazul,Zinnat 250 mg x 10,Zinnat,8.3,8.3,/Tratamientos y Salud/Alergia y Sinusitis/Sinusitis/|/Tratamientos y Salud/Alergia y Sinusitis/|/Tratamientos y Salud/,https://www.farmaciascruzazul.ec/zinnat-250mg-x10/p
Cefixima,pharmacys,Longacef 400mg leterago - megat-pharmaceutical,Longacef,20.0,20.0,/Medicinas/Antiinfecciosos/|/Medicinas/,https://www.pharmacys.com.ec/longacef-400mg-leterago-megat-pharmaceutical-107478/p
Cefixima,pharmacys,Longacef 100mg/5ml leterago - megat-pharmaceutical,Longacef,22.0,22.0,/Cuidado Personal/Cuidado del Cabello/Cuidado Capilar Especializado/|/Cuidado Personal/Cuidado del Cabello/|/Cuidado Personal/,https://www.pharmacys.com.ec/longacef-100mg-5ml-leterago-megat-pharmaceutical/p
Cefixima,medicity,Longacef Polvo Suspensión 100mg/5ml 60 ml (Ant) (REC),LONGACEF,17.6,22.0,/Medicina/Antiinfeccioso y Antibacteriano/|/Medicina/,https://www.farmaciasmedicity.com/longacef-polvo-suspension-100mg-5ml-60-ml-ant-1/p
Cefixima,medicity,Longacef Cápsulas 400mg Caja 5 Unidades,LONGACEF,3.2,4.0,/Medicina/Antiinfeccioso y Antibacteriano/|/Medicina/,https://www.farmaciasmedicity.com/longacef-capsulas-400mg-caja-5-unidades-1/p
Cefixima,cruzazul,Longacef 400mg leterago - megat-pharmaceutical,Longacef,20.0,20.0,/Medicinas/Antiinfecciosos/|/Medicinas/,https://www.farmaciascruzazul.ec/longacef-400mg-leterago-megat-pharmaceutical-107478/p
Cefixima,cruzazul,Longacef 100mg/5ml leterago - megat-pharmaceutical,Longacef,22.0,22.0,/Cuidado Personal/Cuidado del Cabello/Cuidado Capilar Especializado/|/Cuidado Personal/Cuidado del Cabello/|/Cuidado Personal/,https://www.farmaciascruzazul.ec/longacef-100mg-5ml-leterago-megat-pharmaceutical/p
Ceftriaxona,pharmacys,Ceftriaxona 1Gr Solución inyectable Vitalis,Ceftriaxona,17.6,17.6,/Medicinas/Antiinfecciosos/|/Medicinas/,https://www.pharmacys.com.ec/ceftriaxona-1gr-labvitalis-solucion-inyectable/p
Ceftriaxona,pharmacys,Ceftriaxona 1gr caplin point - generico en polvo,Ceftriaxona,8.16,8.16,/Medicinas/Antiinfecciosos/|/Medicinas/,https://www.pharmacys.com.ec/ceftriaxona-1gr-caplin-point-generico-en-polvo/p
Ceftriaxona,medicity,Ceftriaxona Vitalis Polvo Inyectable 1g 10 Unidades (Ant) (REC),VITALIS,1.62,1.76,/Medicina/Antiinfeccioso y Antibacteriano/|/Medicina/,https://www.farmaciasmedicity.com/ceftriaxona-vitalis-polvo-inyectable-1g-10-unidades-ant-1/p
Ceftriaxona,medicity,Axtar Solución Inyectable 1 g/10 mg I.M. Caja Con 1 Unidad (REC),AXTAR,7.51,8.16,/Medicina/Antiinfeccioso y Antibacteriano/|/Medicina/,https://www.farmaciasmedicity.com/axtar-solucion-inyectable-1-g10-mg-im-caja-con-1-unidad/p
Ceftriaxona,cruzazul,Ceftriaxona 1Gr Solución inyectable Vitalis,Ceftriaxona,17.6,17.6,/Medicinas/Antiinfecciosos/|/Medicinas/,https://www.farmaciascruzazul.ec/ceftriaxona-1gr-labvitalis-solucion-inyectable/p
Ceftriaxona,cruzazul,Ceftriaxona 1gr caplin point - generico en polvo,Ceftriaxona,8.16,8.16,/Medicinas/Antiinfecciosos/|/Medicinas/,https://www.farmaciascruzazul.ec/ceftriaxona-1gr-caplin-point-generico-en-polvo/p
Doxiciclina,medicity,Supramycina Forte Tabletas 200 mg Caja Con 10 Unidades (REC),SUPRAMYCINA,0.44,0.48,/Medicina/Antiinfeccioso y Antibacteriano/|/Medicina/,https://www.farmaciasmedicity.com/supramycina-forte-tabletas-200-mg-caja-con-10-unidades/p
Clindamicina,medicity,Clindamicina Santé Cápsulas 300 mg 24 Unidades (REC),LA SANTE,0.33,0.36,/Medicina/Antiinfeccioso y Antibacteriano/|/Medicina/,https://www.farmaciasmedicity.com/clindamicina-sante-capsulas-300-mg-24-unidades/p
Clindamicina,medicity,Euroclin Crema Vaginal 2% Tubo 40 g,EUROCLIN,23.54,23.54,/Medicina/Antiinfeccioso y Antibacteriano/|/Medicina/,https://www.farmaciasmedicity.com/euroclin-crema-vaginal-2-tubo-40-g-1/p
Clindamicina,medicity,Divanon Ovulos 100 mg Caja 7 Unidades,DIVANON,2.36,2.56,/Medicina/Especialidad/|/Medicina/,https://www.farmaciasmedicity.com/divanon-ovulos-100-mg-caja-7-unidades-1/p
Clindamicina,medicity,Locator Crema Vaginal 2/4% Tubo 20 g + 3 Aplicadores,LOCATOR,20.88,24.0,/Medicina/Salud Femenina/Antimicótico y Antiséptico Femenino/|/Medicina/Salud Femenina/|/Medicina/,https://www.farmaciasmedicity.com/locator-crema-vaginal-24-tubo-con-20-g--3-aplicadores/p
Clindamicina,medicity,Clear Face Solución Tópica 1% Rolllon 10 ml,CLEAR FACE,9.13,9.92,/Medicina/Dermatológico/|/Medicina/,https://www.farmaciasmedicity.com/clear-face-solucion-topica-1-rolllon-10-ml/p
Clindamicina,medicity,Zudenina Plus Gel 0.1/1% Tubo Con 30 g,ZUDENINA,19.2,24.0,/Medicina/Dermatológico/|/Medicina/,https://www.farmaciasmedicity.com/zudenina-plus-gel-011-tubo-con-30-g/p
Clindamicina,medicity,Vaxiduo Cápsulas Vaginales 100 / 400 mg Caja con 7 Unidades,VAXIDUO,2.75,3.44,/Medicina/Salud Femenina/Antimicótico y Antiséptico Femenino/|/Medicina/Salud Femenina/|/Medicina/,https://www.farmaciasmedicity.com/vaxiduo-capsulas-vaginales-100--400-mg-caja-con-7-unidades/p
Clindamicina,medicity,Couplett Crema Vaginal 1.67/ 8% Tubo Con 30 g,COUPLETT,16.1,17.5,/Medicina/Salud Femenina/Antimicótico y Antiséptico Femenino/|/Medicina/Salud Femenina/|/Medicina/,https://www.farmaciasmedicity.com/couplett-crema-vaginal-167-8-tubo-con-30-g/p
Clindamicina,medicity,Clindana Óvulos 100 mg Caja 7 Unidades,CLINDANA,2.3,2.56,/Medicina/Salud Femenina/Antimicótico y Antiséptico Femenino/|/Medicina/Salud Femenina/|/Medicina/,https://www.farmaciasmedicity.com/clindana-ovulos-100-mg-caja-7-unidades-1/p
Clindamicina,medicity,Vaginsol F Óvulos 200/100 mg Caja Con 7 Unidades,VAGINSOL F,25.2,25.2,/Medicina/Salud Femenina/Antimicótico y Antiséptico Femenino/|/Medicina/Salud Femenina/|/Medicina/,https://www.farmaciasmedicity.com/vaginsol-f-i“vulos-200100-mg-caja-con-7-unidades/p
Clindamicina,cruzazul,Clindamicina 300mg leterago - genfar,Clindamicina,9.9,9.9,/Medicinas/Antiinfecciosos/|/Medicinas/,https://www.farmaciascruzazul.ec/clindamicina-300mg-leterago-genfar/p
Clindamicina,cruzazul,Clindamicina 300mg dyvenpro ecuagen cápsulas,Clindamicina,8.4,8.4,/Medicinas/Genitourinario y Hormonas Sexuales/|/Medicinas/,https://www.farmaciascruzazul.ec/clindamicina-300mg-dyvenpro-ecuagen-capsulas/p
Clindamicina,cruzazul,Clindamicina 300mg la sante tableta,Clindamicina,8.75,8.75,/Medicinas/Antiinfecciosos/|/Medicinas/,https://www.farmaciascruzazul.ec/clindamicina-300mg-la-sante-tableta/p
Clindamicina,cruzazul,Clindamicina 300mg tecnoquimicas - genericos cápsulas,Clindamicina,10.98,10.98,/Medicinas/Antiinfecciosos/|/Medicinas/,https://www.farmaciascruzazul.ec/clindamicina-300mg-tecnoquimicas-genericos-capsulas/p
Clindamicina,cruzazul,Clindamicina 300mg caplin point - generico cápsulas,Clindamicina,5.4,5.4,/Medicinas/Genitourinario y Hormonas Sexuales/|/Medicinas/,https://www.farmaciascruzazul.ec/clindamicina-300mg-caplin-point-generico-capsulas/p
Clindamicina,cruzazul,Clindamicina 600mg caplin point - generico solución inyectable,Clindamicina,156.5,156.5,/Medicinas/Antiinfecciosos/|/Medicinas/,https://www.farmaciascruzazul.ec/clindamicina-600mg-caplin-point-generico-solucion-inyectable/p
Clindamicina,cruzazul,Clear face 1% biogenet roll-on,Clear Face,9.92,9.92,/Medicinas/Dermatológicos/|/Medicinas/,https://www.farmaciascruzazul.ec/clear-face-1-biogenet-roll-on/p
Metronidazol,pharmacys,Metronidazol 500mg pharmatotal,Metronidazol,4.23,4.23,/Cuidado Personal/Desodorantes y Antitranspirantes/Para Mujeres/|/Cuidado Personal/Desodorantes y Antitranspirantes/|/Cuidado Personal/,https://www.pharmacys.com.ec/metronidazol-500mg-pharmatotal/p
Metronidazol,pharmacys,Metronidazol 1gr labovida,Metronidazol,9.4,9.4,/Medicinas/Antiinfecciosos/|/Medicinas/,https://www.pharmacys.com.ec/metronidazol-1gr-labovida/p
Metronidazol,pharmacys,Metronidazol 500mg labovida óvulos,Metronidazol,4.7,4.7,/Medicinas/Genitourinario y Hormonas Sexuales/|/Medicinas/,https://www.pharmacys.com.ec/metronidazol-500mg-labovida-ovulos/p
Metronidazol,pharmacys,Metronidazol 500mg alianza life,Metronidazol,5.09,5.09,/Medicinas/Antiinfecciosos/|/Medicinas/,https://www.pharmacys.com.ec/metronidazol-500mg-alianza-life-solucion-inyectable/p
Metronidazol,pharmacys,Metronidazol 500mg rocnarf antiparasitarios,Metronidazol,3.6,3.6,/Medicinas/Genitourinario y Hormonas Sexuales/|/Medicinas/,https://www.pharmacys.com.ec/metronidazol-500mg-rocnarf-ovulos/p
Metronidazol,pharmacys,Metronidazol 1000mg oxialfarm farma óvulos,Metronidazol,10.0,10.0,/Cuidado Personal/Desodorantes y Antitranspirantes/Para Mujeres/|/Cuidado Personal/Desodorantes y Antitranspirantes/|/Cuidado Personal/,https://www.pharmacys.com.ec/metronidazol-1000mg-oxialfarm-farma-ovulos/p
Metronidazol,pharmacys,Metronidazol 500mg kronos marca comprimidos,Metronidazol,6.0,6.0,/Medicinas/Genitourinario y Hormonas Sexuales/|/Medicinas/,https://www.pharmacys.com.ec/metronidazol-500mg-kronos-marca-comprimidos/p
Metronidazol,pharmacys,Metronidazol 500mg pharmedic ampolla inyectable,Metronidazol,3.85,3.85,/Medicinas/Antiinfecciosos/|/Medicinas/,https://www.pharmacys.com.ec/metronidazol-500mg-pharmedic-ampolla-inyectable/p
Metronidazol,pharmacys,Metronidazol 250mg/5ml labovida suspensión,Metronidazol,2.47,2.47,/Medicinas/Genitourinario y Hormonas Sexuales/|/Medicinas/,https://www.pharmacys.com.ec/metronidazol-250mg-5ml-labovida-suspension/p
Metronidazol,pharmacys,Metronidazol 500mg portugal - generico tableta,Metronidazol,12.0,12.0,/Medicinas/Genitourinario y Hormonas Sexuales/|/Medicinas/,https://www.pharmacys.com.ec/metronidazol-500mg-portugal-generico-tableta/p
Metronidazol,medicity,Metronidazol Life Solución Inyectable 5mg/Ml x 100 ml,LIFE,3.82,5.09,/Medicina/Antiparasitario/|/Medicina/,https://www.farmaciasmedicity.com/metronidazol-life-solucion-inyectable-5mg-ml-x-100-ml-1/p
Metronidazol,medicity,Rozex Gel 0.75% Tubo 30 g,ROZEX,9.41,11.76,/Medicina/Antiparasitario/|/Medicina/,https://www.farmaciasmedicity.com/rozex-gel-075-tubo-con-30-g/p
Metronidazol,medicity,Amevan Tabletas 500mg Caja 30 Unidades,AMEVAN,0.1,0.12,/Medicina/Antiparasitario/|/Medicina/,https://www.farmaciasmedicity.com/amevan-tabletas-500mg-caja-30-unidades-1/p
Metronidazol,medicity,Gynotran Óvulos 750 / 200 mg Caja con 7 Unidades,GYNOTRAN,1.21,1.46,/Medicina/Salud Femenina/Antimicótico y Antiséptico Femenino/|/Medicina/Salud Femenina/|/Medicina/,https://www.farmaciasmedicity.com/gynotran-ovulos-750--200-mg-caja-con-7-unidades/p
Metronidazol,medicity,Colpofilin Max Ovulos 750Mg+200Mg Caja 7 Unidades,COLPOFILIN MAX,1.31,1.46,/Medicina/Salud Femenina/Antimicótico y Antiséptico Femenino/|/Medicina/Salud Femenina/|/Medicina/,https://www.farmaciasmedicity.com/colpofilin-max-ovulos-750mg-200mg-caja-7-unidades/p
Metronidazol,medicity,Etron Suspensión Frasco 120 ml,ETRON,2.73,2.97,/Medicina/Antiparasitario/|/Medicina/,https://www.farmaciasmedicity.com/etron-suspension-frasco-con-120-ml/p
Metronidazol,medicity,Etron Nistatina Óvulos 500 mg/100.000Ui Con 10 Unidades,ETRON,0.84,1.05,/Medicina/Salud Femenina/Antimicótico y Antiséptico Femenino/|/Medicina/Salud Femenina/|/Medicina/,https://www.farmaciasmedicity.com/etron-nistatina-ovulos-500-mg100000ui-con-10-unidades/p
Metronidazol,medicity,Fangan Plus Ovulos Caja 6 Unidades,FANGAN,1.06,1.32,/Medicina/Salud Femenina/Antimicótico y Antiséptico Femenino/|/Medicina/Salud Femenina/|/Medicina/,https://www.farmaciasmedicity.com/fangan-plus-ovulos-caja-6-unidades/p
Metronidazol,medicity,Acromona Óvulos 500 mg /100.000 Ui 60 Unidades,ACROMONA,0.43,0.47,/Medicina/Salud Femenina/Antimicótico y Antiséptico Femenino/|/Medicina/Salud Femenina/|/Medicina/,https://www.farmaciasmedicity.com/acromona-ovulos-500-mg-100000-ui-60-unidades/p
Metronidazol,medicity,Neo Pelvicillin Óvulos Caja 6 Unidades,NEO PELVICILLIN,2.25,2.81,/Medicina/Salud Femenina/Antimicótico y Antiséptico Femenino/|/Medicina/Salud Femenina/|/Medicina/,https://www.farmaciasmedicity.com/neo-pelvicillin-caja-con-6-ovulos-1/p
Metronidazol,cruzazul,Metronidazol 500mg pharmatotal,Metronidazol,4.23,4.23,/Cuidado Personal/Desodorantes y Antitranspirantes/Para Mujeres/|/Cuidado Personal/Desodorantes y Antitranspirantes/|/Cuidado Personal/,https://www.farmaciascruzazul.ec/metronidazol-500mg-pharmatotal/p
Metronidazol,cruzazul,Metronidazol 1gr labovida,Metronidazol,9.4,9.4,/Medicinas/Antiinfecciosos/|/Medicinas/,https://www.farmaciascruzazul.ec/metronidazol-1gr-labovida/p
Metronidazol,cruzazul,Metronidazol 500mg labovida óvulos,Metronidazol,4.7,4.7,/Medicinas/Genitourinario y Hormonas Sexuales/|/Medicinas/,https://www.farmaciascruzazul.ec/metronidazol-500mg-labovida-ovulos/p
Metronidazol,cruzazul,Metronidazol 500mg alianza life,Metronidazol,5.09,5.09,/Medicinas/Antiinfecciosos/|/Medicinas/,https://www.farmaciascruzazul.ec/metronidazol-500mg-alianza-life-solucion-inyectable/p
Metronidazol,cruzazul,Metronidazol 500mg rocnarf antiparasitarios,Metronidazol,3.6,3.6,/Medicinas/Genitourinario y Hormonas Sexuales/|/Medicinas/,https://www.farmaciascruzazul.ec/metronidazol-500mg-rocnarf-ovulos/p
Metronidazol,cruzazul,Metronidazol 1000mg oxialfarm farma óvulos,Metronidazol,10.0,10.0,/Cuidado Personal/Desodorantes y Antitranspirantes/Para Mujeres/|/Cuidado Personal/Desodorantes y Antitranspirantes/|/Cuidado Personal/,https://www.farmaciascruzazul.ec/metronidazol-1000mg-oxialfarm-farma-ovulos/p
Metronidazol,cruzazul,Metronidazol 500mg kronos marca comprimidos,Metronidazol,6.0,6.0,/Medicinas/Genitourinario y Hormonas Sexuales/|/Medicinas/,https://www.farmaciascruzazul.ec/metronidazol-500mg-kronos-marca-comprimidos/p
Metronidazol,cruzazul,Metronidazol 500mg pharmedic ampolla inyectable,Metronidazol,3.85,3.85,/Medicinas/Antiinfecciosos/|/Medicinas/,https://www.farmaciascruzazul.ec/metronidazol-500mg-pharmedic-ampolla-inyectable/p
Metronidazol,cruzazul,Metronidazol 250mg/5ml labovida suspensión,Metronidazol,2.47,2.47,/Medicinas/Genitourinario y Hormonas Sexuales/|/Medicinas/,https://www.farmaciascruzazul.ec/metronidazol-250mg-5ml-labovida-suspension/p
Metronidazol,cruzazul,Metronidazol 500mg portugal - generico tableta,Metronidazol,12.0,12.0,/Medicinas/Genitourinario y Hormonas Sexuales/|/Medicinas/,https://www.farmaciascruzazul.ec/metronidazol-500mg-portugal-generico-tableta/p
Nitrofurantoina,pharmacys,Nitrofurantoina 100mg tecnoquimicas - genericos cápsulas,Nitrofurantoina,7.0,7.0,/Medicinas/Genitourinario y Hormonas Sexuales/|/Medicinas/,https://www.pharmacys.com.ec/nitrofurantoina-100mg-tecnoquimicas-genericos-capsulas/p
Nitrofurantoina,medicity,Uvamin Retardante Cápsulas 100 mg Caja Con 20 Unidades (REC),UVAMIN,0.21,0.28,/Medicina/Antiinfeccioso y Antibacteriano/|/Medicina/,https://www.farmaciasmedicity.com/uvamin-retardante-capsulas-100-mg-caja-con-20-unidades/p
Nitrofurantoina,cruzazul,Nitrofurantoina 100mg tecnoquimicas - genericos cápsulas,Nitrofurantoina,7.0,7.0,/Medicinas/Genitourinario y Hormonas Sexuales/|/Medicinas/,https://www.farmaciascruzazul.ec/nitrofurantoina-100mg-tecnoquimicas-genericos-capsulas/p
Penicilina benzatinica,pharmacys,Penicilina benzatinica 2400000ui genamerica generico en polvo,Penicilina Benzatinica,27.0,27.0,/Medicinas/Antiinfecciosos/|/Medicinas/,https://www.pharmacys.com.ec/penicilina-benzatinica-2400000ui-genamerica-generico-en-polvo/p
Penicilina benzatinica,pharmacys,Penicilina benzatinica 1200000ui genamerica generico ampollas inyectables,Penicilina Benzatinica,20.0,20.0,/Medicinas/Antiinfecciosos/|/Medicinas/,https://www.pharmacys.com.ec/penicilina-benzatinica-1200000ui-genamerica-generico-ampollas-inyectables/p
Penicilina benzatinica,medicity,Biconcilina BZ Polvo Inyectable Caja 2 Unidades (REC),BICONCILINA,1.89,2.05,/Medicina/Antiinfeccioso y Antibacteriano/|/Medicina/,https://www.farmaciasmedicity.com/biconcilina-bz-polvo-inyectable-caja-con-2-unidades/p
Penicilina benzatinica,cruzazul,Penicilina benzatinica 2400000ui genamerica generico en polvo,Penicilina Benzatinica,27.0,27.0,/Medicinas/Antiinfecciosos/|/Medicinas/,https://www.farmaciascruzazul.ec/penicilina-benzatinica-2400000ui-genamerica-generico-en-polvo/p
Penicilina benzatinica,cruzazul,Penicilina benzatinica 1200000ui genamerica generico ampollas inyectables,Penicilina Benzatinica,20.0,20.0,/Medicinas/Antiinfecciosos/|/Medicinas/,https://www.farmaciascruzazul.ec/penicilina-benzatinica-1200000ui-genamerica-generico-ampollas-inyectables/p
Ampicilina,pharmacys,Ampicilina 1.5gr hospimedikka ampolla inyectable,Ampicilina,18.92,18.92,/Medicinas/Antiinfecciosos/|/Medicinas/,https://www.pharmacys.com.ec/ampicilina-15gr-hospimedikka-ampolla-inyectable/p
Ampicilina,pharmacys,Ampicilina 500mg dyvenpro ecuagen cápsulas,Ampicilina,18.75,18.75,/Medicinas/Antiinfecciosos/|/Medicinas/,https://www.pharmacys.com.ec/ampicilina-500mg-dyvenpro-ecuagen-capsulas/p
Ampicilina,pharmacys,Ampicilina 1gr la sante tableta,Ampicilina,27.7,27.7,/Medicinas/Antiinfecciosos/|/Medicinas/,https://www.pharmacys.com.ec/ampicilina-1gr-la-sante-tableta/p
Ampicilina,pharmacys,Ampicilina 1gr labvitalis ampolla inyectable,Ampicilina,8.7,8.7,/Medicinas/Antiinfecciosos/|/Medicinas/,https://www.pharmacys.com.ec/ampicilina-1gr-labvitalis-ampolla-inyectable/p
Ampicilina,pharmacys,Ampicilina 1gr dyvenpro ecuagen tableta,Ampicilina,25.6,32.0,/Medicinas/Antiinfecciosos/|/Medicinas/,https://www.pharmacys.com.ec/ampicilina-1gr-dyvenpro-ecuagen-tableta/p
Ampicilina,pharmacys,Ampicilina 500mg la sante cápsulas,Ampicilina,19.0,19.0,/Medicinas/Antiinfecciosos/|/Medicinas/,https://www.pharmacys.com.ec/ampicilina-500mg-la-sante-capsulas/p
Ampicilina,pharmacys,Ampicilina 1/0.5gr labvitalis ampolla inyectable,Ampicilina,17.5,17.5,/Medicinas/Antiinfecciosos/|/Medicinas/,https://www.pharmacys.com.ec/ampicilina-1-05gr-labvitalis-ampolla-inyectable/p
Ampicilina,pharmacys,Ampicilina 250mg/5ml dyvenpro ecuagen suspensión,Ampicilina,3.75,3.75,/Medicinas/Antiinfecciosos/|/Medicinas/,https://www.pharmacys.com.ec/ampicilina-250mg-5ml-dyvenpro-ecuagen-suspension/p
Ampicilina,pharmacys,Ampicilina 1gr genamerica generico ampollas inyectables,Ampicilina,14.5,14.5,/Medicinas/Antiinfecciosos/|/Medicinas/,https://www.pharmacys.com.ec/ampicilina-1gr-genamerica-generico-ampollas-inyectables/p
Ampicilina,pharmacys,Ampicilina 1gr tecnoquimicas - genericos tableta,Ampicilina,36.0,36.0,/Medicinas/Antiinfecciosos/|/Medicinas/,https://www.pharmacys.com.ec/ampicilina-1gr-tecnoquimicas-genericos-tableta/p
Ampicilina,medicity,Unasyn Tabletas 750 mg Caja Con 10 Unidades (REC),UNASYN,2.17,2.71,/Medicina/Antiinfeccioso y Antibacteriano/|/Medicina/,https://www.farmaciasmedicity.com/unasyn-tabletas-750-mg-caja-con-10-unidades/p
Ampicilina,medicity,Ampliurina Forte Cápsulas 500/100 mg 50 Unidades,AMPLIURINA,0.51,0.55,/Medicina/Antiinfeccioso y Antibacteriano/|/Medicina/,https://www.farmaciasmedicity.com/ampliurina-forte-capsulas-500100-mg-con-50-unidades/p
Ampicilina,cruzazul,Ampicilina 1.5gr hospimedikka ampolla inyectable,Ampicilina,18.92,18.92,/Medicinas/Antiinfecciosos/|/Medicinas/,https://www.farmaciascruzazul.ec/ampicilina-15gr-hospimedikka-ampolla-inyectable/p
Ampicilina,cruzazul,Ampicilina 500mg dyvenpro ecuagen cápsulas,Ampicilina,18.75,18.75,/Medicinas/Antiinfecciosos/|/Medicinas/,https://www.farmaciascruzazul.ec/ampicilina-500mg-dyvenpro-ecuagen-capsulas/p
Ampicilina,cruzazul,Ampicilina 1gr la sante tableta,Ampicilina,27.7,27.7,/Medicinas/Antiinfecciosos/|/Medicinas/,https://www.farmaciascruzazul.ec/ampicilina-1gr-la-sante-tableta/p
Ampicilina,cruzazul,Ampicilina 1gr labvitalis ampolla inyectable,Ampicilina,8.7,8.7,/Medicinas/Antiinfecciosos/|/Medicinas/,https://www.farmaciascruzazul.ec/ampicilina-1gr-labvitalis-ampolla-inyectable/p
Ampicilina,cruzazul,Ampicilina 1gr dyvenpro ecuagen tableta,Ampicilina,25.6,32.0,/Medicinas/Antiinfecciosos/|/Medicinas/,https://www.farmaciascruzazul.ec/ampicilina-1gr-dyvenpro-ecuagen-tableta/p
Ampicilina,cruzazul,Ampicilina 500mg la sante cápsulas,Ampicilina,19.0,19.0,/Medicinas/Antiinfecciosos/|/Medicinas/,https://www.farmaciascruzazul.ec/ampicilina-500mg-la-sante-capsulas/p
Ampicilina,cruzazul,Ampicilina 250mg/5ml dyvenpro ecuagen suspensión,Ampicilina,3.75,3.75,/Medicinas/Antiinfecciosos/|/Medicinas/,https://www.farmaciascruzazul.ec/ampicilina-250mg-5ml-dyvenpro-ecuagen-suspension/p
Ampicilina,cruzazul,Ampicilina 1gr genamerica generico ampollas inyectables,Ampicilina,14.5,14.5,/Medicinas/Antiinfecciosos/|/Medicinas/,https://www.farmaciascruzazul.ec/ampicilina-1gr-genamerica-generico-ampollas-inyectables/p
Ampicilina,cruzazul,Ampicilina 1/0.5gr labvitalis ampolla inyectable,Ampicilina,17.5,17.5,/Medicinas/Antiinfecciosos/|/Medicinas/,https://www.farmaciascruzazul.ec/ampicilina-1-05gr-labvitalis-ampolla-inyectable/p
Ampicilina,cruzazul,Ampicilina 1gr tecnoquimicas - genericos tableta,Ampicilina,36.0,36.0,/Medicinas/Antiinfecciosos/|/Medicinas/,https://www.farmaciascruzazul.ec/ampicilina-1gr-tecnoquimicas-genericos-tableta/p
Dicloxacilina,pharmacys,Dicloxacilina 500mg la sante cápsulas,Dicloxacilina,10.0,10.0,/Medicinas/Antiinfecciosos/|/Medicinas/,https://www.pharmacys.com.ec/dicloxacilina-500mg-la-sante-capsulas/p
Dicloxacilina,pharmacys,Dicloxacilina 500mg dyvenpro ecuagen cápsulas,Dicloxacilina,10.0,10.0,/Medicinas/Antiinfecciosos/|/Medicinas/,https://www.pharmacys.com.ec/dicloxacilina-500mg-dyvenpro-ecuagen-capsulas/p
Dicloxacilina,pharmacys,Dicloxacilina 250mg/5ml dyvenpro ecuagen suspensión,Dicloxacilina,3.61,3.61,/Medicinas/Antiinfecciosos/|/Medicinas/,https://www.pharmacys.com.ec/dicloxacilina-250mg-5ml-dyvenpro-ecuagen-suspension/p
Dicloxacilina,pharmacys,Dicloxacilina 250mg/5ml la sante suspensión,Dicloxacilina,2.65,2.65,/Medicinas/Antiinfecciosos/|/Medicinas/,https://www.pharmacys.com.ec/dicloxacilina-250mg-5ml-la-sante-suspension/p
Dicloxacilina,pharmacys,Dicloxacilina 500mg tecnoquimicas - genericos cápsulas,Dicloxacilina,3.2,3.2,/Medicinas/Antiinfecciosos/|/Medicinas/,https://www.pharmacys.com.ec/dicloxacilina-500mg-tecnoquimicas-genericos-capsulas/p
Dicloxacilina,pharmacys,Dicloxacilina 250mg/5ml tecnoquimicas - genericos suspensión,Dicloxacilina,2.65,2.65,/Medicinas/Antiinfecciosos/|/Medicinas/,https://www.pharmacys.com.ec/dicloxacilina-250mg-5ml-tecnoquimicas-genericos-suspension/p
Dicloxacilina,pharmacys,Dicloxacilina 500mg caplin point - generico cápsulas,Dicloxacilina,20.0,20.0,/Medicinas/Antiinfecciosos/|/Medicinas/,https://www.pharmacys.com.ec/dicloxacilina-500mg-caplin-point-generico-capsulas/p
Dicloxacilina,pharmacys,Dicloxacilina 125mg/5ml tofis - generico suspensión,Dicloxacilina,1.72,1.72,/Medicinas/Antiinfecciosos/|/Medicinas/,https://www.pharmacys.com.ec/dicloxacilina-125mg-5ml-tofis-generico-suspension/p
Dicloxacilina,pharmacys,Dicloxacilina 250mg/5ml tofis - generico jarabe,Dicloxacilina,2.1,2.1,/Medicinas/Antiinfecciosos/|/Medicinas/,https://www.pharmacys.com.ec/dicloxacilina-250mg-5ml-tofis-generico-jarabe/p
Dicloxacilina,medicity,Dicloxacilina Sante Polvo 250/5ml 80 ml (Ant),LA SANTE,2.44,2.65,/Medicina/Antiinfeccioso y Antibacteriano/|/Medicina/,https://www.farmaciasmedicity.com/dicloxacilina-sante-polvo-250-5ml-80-ml-ant-1/p
Dicloxacilina,cruzazul,Dicloxacilina 500mg la sante cápsulas,Dicloxacilina,10.0,10.0,/Medicinas/Antiinfecciosos/|/Medicinas/,https://www.farmaciascruzazul.ec/dicloxacilina-500mg-la-sante-capsulas/p
Dicloxacilina,cruzazul,Dicloxacilina 500mg dyvenpro ecuagen cápsulas,Dicloxacilina,10.0,10.0,/Medicinas/Antiinfecciosos/|/Medicinas/,https://www.farmaciascruzazul.ec/dicloxacilina-500mg-dyvenpro-ecuagen-capsulas/p
Dicloxacilina,cruzazul,Dicloxacilina 250mg/5ml la sante suspensión,Dicloxacilina,2.65,2.65,/Medicinas/Antiinfecciosos/|/Medicinas/,https://www.farmaciascruzazul.ec/dicloxacilina-250mg-5ml-la-sante-suspension/p
Dicloxacilina,cruzazul,Dicloxacilina 250mg/5ml dyvenpro ecuagen suspensión,Dicloxacilina,3.61,3.61,/Medicinas/Antiinfecciosos/|/Medicinas/,https://www.farmaciascruzazul.ec/dicloxacilina-250mg-5ml-dyvenpro-ecuagen-suspension/p
Dicloxacilina,cruzazul,Dicloxacilina 500mg tecnoquimicas - genericos cápsulas,Dicloxacilina,3.2,3.2,/Medicinas/Antiinfecciosos/|/Medicinas/,https://www.farmaciascruzazul.ec/dicloxacilina-500mg-tecnoquimicas-genericos-capsulas/p
Dicloxacilina,cruzazul,Dicloxacilina 125mg/5ml tofis - generico suspensión,Dicloxacilina,1.72,1.72,/Medicinas/Antiinfecciosos/|/Medicinas/,https://www.farmaciascruzazul.ec/dicloxacilina-125mg-5ml-tofis-generico-suspension/p
Dicloxacilina,cruzazul,Dicloxacilina 250mg/5ml tecnoquimicas - genericos suspensión,Dicloxacilina,2.65,2.65,/Medicinas/Antiinfecciosos/|/Medicinas/,https://www.farmaciascruzazul.ec/dicloxacilina-250mg-5ml-tecnoquimicas-genericos-suspension/p
Dicloxacilina,cruzazul,Dicloxacilina 500mg caplin point - generico cápsulas,Dicloxacilina,20.0,20.0,/Medicinas/Antiinfecciosos/|/Medicinas/,https://www.farmaciascruzazul.ec/dicloxacilina-500mg-caplin-point-generico-capsulas/p
Dicloxacilina,cruzazul,Dicloxacilina 250mg/5ml tofis - generico jarabe,Dicloxacilina,2.1,2.1,/Medicinas/Antiinfecciosos/|/Medicinas/,https://www.farmaciascruzazul.ec/dicloxacilina-250mg-5ml-tofis-generico-jarabe/p
Eritromicina,medicity,Iloticipina Solución Tópica 4% 120 ml (REC),ILOTICINA,13.49,14.66,/Medicina/Antiinfeccioso y Antibacteriano/|/Medicina/,https://www.farmaciasmedicity.com/iloticipina-solucion-topica-4-120-ml/p
Gentamicina,pharmacys,Gentamicina 160mg labvitalis ampolla inyectable,Gentamicina,4.45,4.45,/Medicinas/Antiinfecciosos/|/Medicinas/,https://www.pharmacys.com.ec/gentamicina-160mg-labvitalis-ampolla-inyectable/p
Gentamicina,pharmacys,Gentamicina 80mg labvitalis ampolla inyectable,Gentamicina,4.42,4.42,/Medicinas/Antiinfecciosos/|/Medicinas/,https://www.pharmacys.com.ec/gentamicina-80mg-labvitalis-ampolla-inyectable/p
Gentamicina,medicity,Gentamax Solución Inyectable Caja Con 1 Unidad (REC),GENTAMAX,0.86,0.86,/Medicina/Antiinfeccioso y Antibacteriano/|/Medicina/,https://www.farmaciasmedicity.com/gentamax-solucion-inyectable-caja-con-1-unidad/p
Gentamicina,medicity,Nodial Crema Tubo 40 g,NODIAL,5.78,7.6,/Medicina/Dermatológico/|/Medicina/,https://www.farmaciasmedicity.com/nodial-crema-tubo-40-g-1/p
Gentamicina,medicity,Diprogenta Crema Tubo 30 g,DIPROGENTA,5.33,5.79,/Medicina/Dermatológico/|/Medicina/,https://www.farmaciasmedicity.com/diprogenta-crema-tubo-con-30-g/p
Gentamicina,medicity,Triderm Crema Tubo con 30 g,TRIDERM,5.92,7.4,/Medicina/Dermatológico/|/Medicina/,https://www.farmaciasmedicity.com/triderm-crema-tubo-con-30-g/p
Gentamicina,medicity,Oftagen Compuesto Solución Oftálmico 0.3/0.1% Con 5 mL,OFTAGEN,3.2,4.0,/Medicina/Sentidos/Visual/|/Medicina/Sentidos/|/Medicina/,https://www.farmaciasmedicity.com/oftagen-compuesto-solucion-oftalmico-0301-con-5-ml/p
Gentamicina,medicity,Oftagen Solución Oftálmico 0.3% Frasco Con 5 mL (REC),OFTAGEN,1.22,1.53,/Medicina/Sentidos/Visual/|/Medicina/Sentidos/|/Medicina/,https://www.farmaciasmedicity.com/oftagen-solucion-oftalmico-03-frasco-con-5-ml/p
Gentamicina,medicity,Oftagen Ungüento Oftálmico 0.3% Con 3.5 g (REC),OFTAGEN,3.48,4.0,/Medicina/Dermatológico/|/Medicina/,https://www.farmaciasmedicity.com/oftagen-unguento-oftalmico-03-con-35-g/p
Gentamicina,medicity,Bicorpan Crema Tubo 15 g,BICORPAN,2.98,3.24,/Medicina/Dermatológico/|/Medicina/,https://www.farmaciasmedicity.com/bicorpan-crema-tubo-con-15-g/p
Gentamicina,cruzazul,Gentamicina 160mg labvitalis ampolla inyectable,Gentamicina,4.45,4.45,/Medicinas/Antiinfecciosos/|/Medicinas/,https://www.farmaciascruzazul.ec/gentamicina-160mg-labvitalis-ampolla-inyectable/p
Gentamicina,cruzazul,Gentamicina 80mg labvitalis ampolla inyectable,Gentamicina,4.42,4.42,/Medicinas/Antiinfecciosos/|/Medicinas/,https://www.farmaciascruzazul.ec/gentamicina-80mg-labvitalis-ampolla-inyectable/p
Amikacina,pharmacys,Amikacina 100mg labvitalis ampolla inyectable,Amikacina,5.57,5.57,/Medicinas/Antiinfecciosos/|/Medicinas/,https://www.pharmacys.com.ec/amikacina-100mg-labvitalis-ampolla-inyectable/p
Amikacina,pharmacys,Amikacina 500mg labvitalis ampolla inyectable,Amikacina,7.2,7.2,/Medicinas/Antiinfecciosos/|/Medicinas/,https://www.pharmacys.com.ec/amikacina-500mg-labvitalis-ampolla-inyectable/p
Amikacina,pharmacys,Amikacina 500mg magma especialidad ampolla inyectable,Amikacina,16.95,16.95,/Medicinas/Antiinfecciosos/|/Medicinas/,https://www.pharmacys.com.ec/amikacina-500mg-fresenius-kabi-hospitalario-ampolla-inyectable/p
Amikacina,pharmacys,Amikacina 500mg leterago - genfar ampollas,Amikacina,33.6,33.6,/Medicinas/Antiinfecciosos/|/Medicinas/,https://www.pharmacys.com.ec/amikacina-500mg-leterago-genfar-ampollas/p
Amikacina,pharmacys,Amikacina 1gr genamerica generico ampollas inyectables + jeringa,Amikacina,4.5,4.5,/Medicinas/Antiinfecciosos/|/Medicinas/,https://www.pharmacys.com.ec/amikacina-1gr-genamerica-generico-ampollas-inyectables-jeringa/p
Amikacina,pharmacys,Amikacina 500mg genamerica generico ampollas inyectables + jeringa,Amikacina,4.0,4.0,/Medicinas/Antiinfecciosos/|/Medicinas/,https://www.pharmacys.com.ec/amikacina-500mg-genamerica-generico-ampollas-inyectables-jeringa/p
Amikacina,medicity,Akim Solución Inyectable 1g/4mL Caja 1 Unidad,AKIM,6.53,7.1,/Medicina/Antiinfeccioso y Antibacteriano/|/Medicina/,https://www.farmaciasmedicity.com/akim-solucion-inyectable-1-g--4-ml-caja-con-1-unidad/p
Amikacina,cruzazul,Amikacina 100mg labvitalis ampolla inyectable,Amikacina,5.57,5.57,/Medicinas/Antiinfecciosos/|/Medicinas/,https://www.farmaciascruzazul.ec/amikacina-100mg-labvitalis-ampolla-inyectable/p
Amikacina,cruzazul,Amikacina 500mg labvitalis ampolla inyectable,Amikacina,7.2,7.2,/Medicinas/Antiinfecciosos/|/Medicinas/,https://www.farmaciascruzazul.ec/amikacina-500mg-labvitalis-ampolla-inyectable/p
Amikacina,cruzazul,Amikacina 500mg magma especialidad ampolla inyectable,Amikacina,16.95,16.95,/Medicinas/Antiinfecciosos/|/Medicinas/,https://www.farmaciascruzazul.ec/amikacina-500mg-fresenius-kabi-hospitalario-ampolla-inyectable/p
Amikacina,cruzazul,Amikacina 500mg leterago - genfar ampollas,Amikacina,33.6,33.6,/Medicinas/Antiinfecciosos/|/Medicinas/,https://www.farmaciascruzazul.ec/amikacina-500mg-leterago-genfar-ampollas/p
Amikacina,cruzazul,Amikacina 1gr genamerica generico ampollas inyectables + jeringa,Amikacina,4.5,4.5,/Medicinas/Antiinfecciosos/|/Medicinas/,https://www.farmaciascruzazul.ec/amikacina-1gr-genamerica-generico-ampollas-inyectables-jeringa/p
Amikacina,cruzazul,Amikacina 500mg genamerica generico ampollas inyectables + jeringa,Amikacina,4.0,4.0,/Medicinas/Antiinfecciosos/|/Medicinas/,https://www.farmaciascruzazul.ec/amikacina-500mg-genamerica-generico-ampollas-inyectables-jeringa/p
Nistatina,pharmacys,Metronidazol+nistatina 500mg/100000ui caplin point - generico cápsulas,Metronidazol+nistatina,4.2,4.2,/Medicinas/Aparato Cardiovascular/|/Medicinas/,https://www.pharmacys.com.ec/metronidazol-nistatina-500mg-100000ui-caplin-point-generico-capsulas/p
Nistatina,pharmacys,Etron 500mg/100000ui leterago - procaps óvulos,Etron,10.5,10.5,/Medicinas/Genitourinario y Hormonas Sexuales/|/Medicinas/,https://www.pharmacys.com.ec/etron-500mg-100000ui-leterago-roddome-ovulos/p
Nistatina,medicity,Etron Nistatina Óvulos 500 mg/100.000Ui Con 10 Unidades,ETRON,0.84,1.05,/Medicina/Salud Femenina/Antimicótico y Antiséptico Femenino/|/Medicina/Salud Femenina/|/Medicina/,https://www.farmaciasmedicity.com/etron-nistatina-ovulos-500-mg100000ui-con-10-unidades/p
Nistatina,medicity,Neo Nystasolona Crema Tubo 15 g,NEO NYSTASOLONA,2.82,3.4,/Medicina/Dermatológico/|/Medicina/,https://www.farmaciasmedicity.com/neo-nystasolona-crema-tubo-con-15-g/p
Nistatina,medicity,Topsym Polivalente Crema Tubo 15 g,TOPSYM,2.58,2.8,/Medicina/Dermatológico/|/Medicina/,https://www.farmaciasmedicity.com/topsym-polivalente-crema-tubo-con-15-g/p
Nistatina,medicity,Acromona Óvulos 500 mg /100.000 Ui 60 Unidades,ACROMONA,0.43,0.47,/Medicina/Salud Femenina/Antimicótico y Antiséptico Femenino/|/Medicina/Salud Femenina/|/Medicina/,https://www.farmaciasmedicity.com/acromona-ovulos-500-mg-100000-ui-60-unidades/p
Nistatina,cruzazul,Metronidazol+nistatina 500mg/100000ui caplin point - generico cápsulas,Metronidazol+nistatina,4.2,4.2,/Medicinas/Aparato Cardiovascular/|/Medicinas/,https://www.farmaciascruzazul.ec/metronidazol-nistatina-500mg-100000ui-caplin-point-generico-capsulas/p
Nistatina,cruzazul,Etron 500mg/100000ui leterago - procaps óvulos,Etron,10.5,10.5,/Medicinas/Genitourinario y Hormonas Sexuales/|/Medicinas/,https://www.farmaciascruzazul.ec/etron-500mg-100000ui-leterago-roddome-ovulos/p
Paracetamol,pharmacys,Paracetamol 500mg nutrimed,Paracetamol,5.0,5.0,/Tratamientos y Salud/Salud Visual/Parches Oculares/|/Tratamientos y Salud/Salud Visual/|/Tratamientos y Salud/,https://www.pharmacys.com.ec/paracetamol-500mg-nutrimed/p
Paracetamol,pharmacys,Paracetamol 100mg labovida,Paracetamol,1.75,1.75,/Cuidado Personal/Protectores Solares/Protectores Solares Infantiles/|/Cuidado Personal/Protectores Solares/|/Cuidado Personal/,https://www.pharmacys.com.ec/paracetamol-100mg-labovida/p
Paracetamol,pharmacys,Paracetamol 1gr labovida tabletas,Paracetamol,5.0,5.0,/Medicinas/Sistema Nervioso/|/Medicinas/,https://www.pharmacys.com.ec/paracetamol-1gr-labovida-tabletas/p
Paracetamol,pharmacys,Paracetamol 120mg/5ml labovida jarabe,Paracetamol,1.62,1.62,/Medicinas/Sistema Nervioso/|/Medicinas/,https://www.pharmacys.com.ec/paracetamol-120mg-5ml-labovida-jarabe/p
Paracetamol,pharmacys,Paracetamol 500mg dyvenpro ecuagen tableta,Paracetamol,2.5,2.5,/Medicinas/Sistema Nervioso/|/Medicinas/,https://www.pharmacys.com.ec/paracetamol-500mg-dyvenpro-ecuagen-tableta/p
Paracetamol,pharmacys,Paracetamol 160mg/5ml labovida jarabe,Paracetamol,2.63,2.63,/Medicinas/Sistema Nervioso/|/Medicinas/,https://www.pharmacys.com.ec/paracetamol-160mg-5ml-labovida-jarabe/p
Paracetamol,pharmacys,Analgésico paracetamol 120mg/5ml jarabe 120ml,Paracetamol,1.9,1.9,/Tratamientos y Salud/Alivio del Dolor/Dolor y Fiebre de Adultos/|/Tratamientos y Salud/Alivio del Dolor/|/Tratamientos y Salud/,https://www.pharmacys.com.ec/analgesico-paracetamol-120mg-5ml-jarabe-120ml/p
Paracetamol,pharmacys,Paracetamol 500mg alianza quimica ariston comprimidos,Paracetamol,15.0,15.0,/Medicinas/Sistema Nervioso/|/Medicinas/,https://www.pharmacys.com.ec/paracetamol-500mg-alianza-quimica-ariston-comprimidos/p
Paracetamol,pharmacys,Paracetamol 150mg/5ml tecnoquimicas - genericos,Paracetamol,3.23,3.23,/Medicinas/Sistema Nervioso/|/Medicinas/,https://www.pharmacys.com.ec/paracetamol-150mg-5ml-tecnoquimicas-genericos/p
Paracetamol,pharmacys,Paracetamol 100mg tecnoquimicas - genericos en gotas,Paracetamol,1.68,1.68,/Medicinas/Sistema Nervioso/|/Medicinas/,https://www.pharmacys.com.ec/paracetamol-100mg-tecnoquimicas-genericos-en-gotas/p
Paracetamol,medicity,Paracetamol Genfar Tabletas 500 mg Caja con 100 Unidades,GENFAR,0.05,0.05,/Medicina/Dolor y Malestar/Fiebre de Adulto/|/Medicina/Dolor y Malestar/|/Medicina/,https://www.farmaciasmedicity.com/paracetamol-genfar-tabletas-500-mg-caja-con-100-unidades/p
Paracetamol,medicity,Febrax Tabletas 275 / 300 mg Caja con 20 Unidades,FEBRAX,0.26,0.28,/Medicina/Dolor y Malestar/Fiebre de Adulto/|/Medicina/Dolor y Malestar/|/Medicina/,https://www.farmaciasmedicity.com/febrax-tabletas-275--300-mg-caja-con-20-unidades/p
Paracetamol,medicity,Elbrus Granulados 3 g 20 Unidades,ELBRUS,0.63,0.69,/Medicina/Sistema Nervioso/|/Medicina/,https://www.farmaciasmedicity.com/elbrus-granulados-1-g-sobres-3-g-caja-con-20-unidades/p
Paracetamol,medicity,Molar-Ex Forte Cápsulas 400/200 mg Caja con 20 Unidades,MOLAR-EX,0.44,0.55,/Medicina/Dolor y Malestar/|/Medicina/,https://www.farmaciasmedicity.com/molar-ex-forte-capsulas-400200-mg-caja-con-20-unidades/p
Paracetamol,medicity,Trio-Val Gotas Frasco 15 mL(Prc),TRIO-VAL,4.6,5.0,/Medicina/Sistema Respiratorio/Gripe y Tos/|/Medicina/Sistema Respiratorio/|/Medicina/,https://www.farmaciasmedicity.com/trio-val-gotas-frasco-con-15-ml/p
Paracetamol,medicity,Finalin Niños Tabletas Masticables 160 mg 30 Unidades,FINALIN,0.18,0.2,/Medicina/Dolor y Malestar/Fiebre Infantil/|/Medicina/Dolor y Malestar/|/Medicina/,https://www.farmaciasmedicity.com/finalin-tabletas-masticables-160-mg-ninos-caja-con-30-unidades/p
Paracetamol,medicity,Umbral Gotas 100 mg/ mL Ped Frasco Con 30 mL,UMBRAL,1.93,2.1,/Medicina/Dolor y Malestar/Fiebre Infantil/|/Medicina/Dolor y Malestar/|/Medicina/,https://www.farmaciasmedicity.com/umbral-gotas-100-mg-ml-ped-frasco-con-30-ml/p
Paracetamol,medicity,Trio-Val Suspensión Frasco Con 100 ml,TRIO-VAL,6.44,7.0,/Medicina/Sistema Nervioso/|/Medicina/,https://www.farmaciasmedicity.com/trio-val-suspension-frasco-con-100-ml/p
Paracetamol,medicity,Fluzetrin F Gotas Pediátricas Frasco 15 ml,FLUZETRIN F,6.12,6.12,/Medicina/Sistema Respiratorio/Gripe y Tos/|/Medicina/Sistema Respiratorio/|/Medicina/,https://www.farmaciasmedicity.com/fluzetrin-f-gotas-pediatricas-frasco-con-15-ml/p
Paracetamol,medicity,Neogripal F Gotas Pediátricas Frasco con 15 mL,NEOGRIPAL F,4.8,4.8,/Medicina/Sistema Respiratorio/|/Medicina/,https://www.farmaciasmedicity.com/neogripal-f-gotas-pediatricas-frasco-con-15-ml/p
Paracetamol,cruzazul,Paracetamol 500mg nutrimed,Paracetamol,5.0,5.0,/Tratamientos y Salud/Salud Visual/Parches Oculares/|/Tratamientos y Salud/Salud Visual/|/Tratamientos y Salud/,https://www.farmaciascruzazul.ec/paracetamol-500mg-nutrimed/p
Paracetamol,cruzazul,Paracetamol 100mg labovida,Paracetamol,1.4,1.75,/Cuidado Personal/Protectores Solares/Protectores Solares Infantiles/|/Cuidado Personal/Protectores Solares/|/Cuidado Personal/,https://www.farmaciascruzazul.ec/paracetamol-100mg-labovida/p
Paracetamol,cruzazul,Paracetamol 1gr labovida tabletas,Paracetamol,5.0,5.0,/Medicinas/Sistema Nervioso/|/Medicinas/,https://www.farmaciascruzazul.ec/paracetamol-1gr-labovida-tabletas/p
Paracetamol,cruzazul,Paracetamol 120mg/5ml labovida jarabe,Paracetamol,1.62,1.62,/Medicinas/Sistema Nervioso/|/Medicinas/,https://www.farmaciascruzazul.ec/paracetamol-120mg-5ml-labovida-jarabe/p
Paracetamol,cruzazul,Paracetamol 160mg/5ml labovida jarabe,Paracetamol,2.63,2.63,/Medicinas/Sistema Nervioso/|/Medicinas/,https://www.farmaciascruzazul.ec/paracetamol-160mg-5ml-labovida-jarabe/p
Paracetamol,cruzazul,Paracetamol 500mg dyvenpro ecuagen tableta,Paracetamol,2.5,2.5,/Medicinas/Sistema Nervioso/|/Medicinas/,https://www.farmaciascruzazul.ec/paracetamol-500mg-dyvenpro-ecuagen-tableta/p
Paracetamol,cruzazul,Analgésico paracetamol 120mg/5ml jarabe 120ml,Paracetamol,1.52,1.9,/Tratamientos y Salud/Alivio del Dolor/Dolor y Fiebre de Adultos/|/Tratamientos y Salud/Alivio del Dolor/|/Tratamientos y Salud/,https://www.farmaciascruzazul.ec/analgesico-paracetamol-120mg-5ml-jarabe-120ml/p
Paracetamol,cruzazul,Paracetamol 500mg alianza quimica ariston comprimidos,Paracetamol,15.0,15.0,/Medicinas/Sistema Nervioso/|/Medicinas/,https://www.farmaciascruzazul.ec/paracetamol-500mg-alianza-quimica-ariston-comprimidos/p
Paracetamol,cruzazul,Paracetamol 150mg/5ml tecnoquimicas - genericos,Paracetamol,2.58,3.23,/Medicinas/Sistema Nervioso/|/Medicinas/,https://www.farmaciascruzazul.ec/paracetamol-150mg-5ml-tecnoquimicas-genericos/p
Paracetamol,cruzazul,Paracetamol 100mg tecnoquimicas - genericos en gotas,Paracetamol,1.68,1.68,/Medicinas/Sistema Nervioso/|/Medicinas/,https://www.farmaciascruzazul.ec/paracetamol-100mg-tecnoquimicas-genericos-en-gotas/p
Paracetamol/Cafeina,pharmacys,Bonadol Migraña Cap-Bla x500/65Mg x24,Bonadol,9.6,9.6,/Tratamientos y Salud/Alivio del Dolor/Migraña/|/Tratamientos y Salud/Alivio del Dolor/|/Tratamientos y Salud/,https://www.pharmacys.com.ec/bonadol-migrana-cap-bla-x500-65mg-x24/p
Paracetamol/Cafeina,medicity,Migrax Comprimidos Recubiertos Caja 10 Unidades,MIGRAX,0.6,0.65,/Medicina/Sistema Nervioso/|/Medicina/,https://www.farmaciasmedicity.com/migrax-comprimidos-recubiertos-caja-con-10-unidades/p
Paracetamol/Cafeina,medicity,X Ray Dol Tabletas Caja con 12 Unidades,X RAY,0.47,0.59,/Medicina/Dolor y Malestar/Dolor Muscular/|/Medicina/Dolor y Malestar/|/Medicina/,https://www.farmaciasmedicity.com/x-ray-dol-tabletas-caja-con-12-unidades/p
Paracetamol/Cafeina,cruzazul,Bonadol Migraña Cap-Bla x500/65Mg x24,Bonadol,7.2,9.6,/Tratamientos y Salud/Alivio del Dolor/Migraña/|/Tratamientos y Salud/Alivio del Dolor/|/Tratamientos y Salud/,https://www.farmaciascruzazul.ec/bonadol-migrana-cap-bla-x500-65mg-x24/p
Ibuprofeno,pharmacys,Ibuprofeno 200mg raserpharm,Ibuprofeno,12.0,12.0,/Medicinas/Sueros/|/Medicinas/,https://www.pharmacys.com.ec/raserdol-cap-blax400mgx30/p
Ibuprofeno,pharmacys,Ibuprofeno 600mg braun medical,Ibuprofeno,7.26,7.26,/Cuidado Personal/Cuidado del Oído/Cotonetes y Algodones/|/Cuidado Personal/Cuidado del Oído/|/Cuidado Personal/,https://www.pharmacys.com.ec/ibuprofeno-600mg-braun-medical/p
Ibuprofeno,pharmacys,Ibuprofeno 400mg labovida tableta,Ibuprofeno,7.0,7.0,/Medicinas/Musculoesqueléticos/|/Medicinas/,https://www.pharmacys.com.ec/ibuprofeno-400mg-labovida-tableta/p
Ibuprofeno,pharmacys,Ibuprofeno 200mg genamerica generico comprimidos,Ibuprofeno,2.6,2.6,/Medicinas/Musculoesqueléticos/|/Medicinas/,https://www.pharmacys.com.ec/ibuprofeno-200mg-genamerica-generico-comprimidos/p
Ibuprofeno,pharmacys,Ibuprofeno 4mg fresenius kabi hospitalario,Ibuprofeno,5.95,5.95,/Tratamientos y Salud/Alivio del Dolor/Dolor y Fiebre de Adultos/|/Tratamientos y Salud/Alivio del Dolor/|/Tratamientos y Salud/,https://www.pharmacys.com.ec/ibuprofeno-4mg-fresenius-kabi-hospitalario/p
Ibuprofeno,pharmacys,Ibuprofeno 400mg fresenius kabi hospitalario,Ibuprofeno,69.0,69.0,/Cuidado Personal/Desodorantes y Antitranspirantes/Para Mujeres/|/Cuidado Personal/Desodorantes y Antitranspirantes/|/Cuidado Personal/,https://www.pharmacys.com.ec/ibuprofeno-400mg-fresenius-kabi-hospitalario/p
Ibuprofeno,pharmacys,Ibuprofeno 600mg la sante cápsulas,Ibuprofeno,6.0,6.0,/Medicinas/Musculoesqueléticos/|/Medicinas/,https://www.pharmacys.com.ec/ibuprofeno-600mg-la-sante-capsulas/p
Ibuprofeno,pharmacys,Ibuprofeno 200mg/5ml labovida suspensión,Ibuprofeno,3.06,3.06,/Vitaminas y Suplementos/Vitaminas/Vitamina C/|/Vitaminas y Suplementos/Vitaminas/|/Vitaminas y Suplementos/,https://www.pharmacys.com.ec/ibuprofeno-200mg-5ml-labovida-suspension/p
Ibuprofeno,pharmacys,Ibuprofeno 600mg genamerica generico comprimidos,Ibuprofeno,5.4,5.4,/Medicinas/Musculoesqueléticos/|/Medicinas/,https://www.pharmacys.com.ec/ibuprofeno-600mg-genamerica-generico-comprimidos/p
Ibuprofeno,pharmacys,Ibuprofeno 400mg leterago - genfar,Ibuprofeno,7.0,7.0,/Medicinas/Musculoesqueléticos/|/Medicinas/,https://www.pharmacys.com.ec/ibuprofeno-400mg-leterago-genfar/p
Ibuprofeno,medicity,Ibuprofeno Genfar Tabletas Recubiertas Con 100 Unidades,GENFAR,0.05,0.07,/Medicina/Dolor y Malestar/Dolor Muscular/|/Medicina/Dolor y Malestar/|/Medicina/,https://www.farmaciasmedicity.com/ibuprofeno-genfar-tabletas-recubiertas-con-100-unidades/p
Ibuprofeno,medicity,Ibuprofeno Genfar Tabletas Recubiertas 800 mg Con 50 Unidades,GENFAR,0.12,0.16,/Medicina/Dolor y Malestar/Dolor Muscular/|/Medicina/Dolor y Malestar/|/Medicina/,https://www.farmaciasmedicity.com/ibuprofeno-genfar-tabletas-recubiertas-800-mg-con-50-unidades/p
Ibuprofeno,medicity,Ibuprofeno Santé Tabletas Recubiertas 600 mg Caja Con 50 Unidades,LA SANTE,0.11,0.12,/Medicina/Dolor y Malestar/Dolor Muscular/|/Medicina/Dolor y Malestar/|/Medicina/,https://www.farmaciasmedicity.com/ibuprofeno-sante-tabletas-recubiertas-600-mg-caja-con-50-unidades/p
Ibuprofeno,medicity,Tenvalin Flu Forte Frasco 100 ml,TENVALIN,11.25,12.5,/Medicina/Sistema Respiratorio/Gripe y Tos/|/Medicina/Sistema Respiratorio/|/Medicina/,https://www.farmaciasmedicity.com/tenvalin-flu-forte-suspension-frasco-100-ml-1/p
Ibuprofeno,medicity,Femen Cápsulas Blandas 200 mg Caja 10 Unidades,FEMEN,0.35,0.38,/Medicina/Dolor y Malestar/Antiinflamatorios/|/Medicina/Dolor y Malestar/|/Medicina/,https://www.farmaciasmedicity.com/femen-capsulas-blandas-200-mg-caja-con-10-unidades/p
Ibuprofeno,medicity,Tenvalin 100mg/5ml Frasco 100 ml,TENVALIN,4.6,5.0,/Medicina/Dolor y Malestar/Fiebre de Adulto/|/Medicina/Dolor y Malestar/|/Medicina/,https://www.farmaciasmedicity.com/tenvalin-100mg-5ml-frasco-100-ml/p
Ibuprofeno,medicity,Dolorgesic Relax Cápsulas Blandas 600mg+4mg Caja 15 Unidades,DOLORGESIC,1.53,1.66,/Medicina/Dolor y Malestar/Dolor Muscular/|/Medicina/Dolor y Malestar/|/Medicina/,https://www.farmaciasmedicity.com/dolorgesic-relax-capsulas-blandas-600mg-4mg-caja-15-unidades-1/p
Ibuprofeno,medicity,Buprex Flex Comprimido Recubierto 4/600mg Caja 10 Unidades,BUPREX,1.55,1.69,/Medicina/,https://www.farmaciasmedicity.com/buprex-flex-comprimido-recubierto-4-600mg-caja-con-10-unidades-1/p
Ibuprofeno,medicity,Ibufen 4% Suspensión 200mg/5ml Frasco Con 200 ml,IBUFEN,9.05,9.84,/Medicina/Dolor y Malestar/Fiebre Infantil/|/Medicina/Dolor y Malestar/|/Medicina/,https://www.farmaciasmedicity.com/ibufen-4-suspension-200mg-5ml-frasco-con-200-ml/p
Ibuprofeno,medicity,Molar-Ex Forte Cápsulas 400/200 mg Caja con 20 Unidades,MOLAR-EX,0.44,0.55,/Medicina/Dolor y Malestar/|/Medicina/,https://www.farmaciasmedicity.com/molar-ex-forte-capsulas-400200-mg-caja-con-20-unidades/p
Ibuprofeno,cruzazul,Ibuprofeno 200mg raserpharm,Ibuprofeno,12.0,12.0,/Medicinas/Sueros/|/Medicinas/,https://www.farmaciascruzazul.ec/raserdol-cap-blax400mgx30/p
Ibuprofeno,cruzazul,Ibuprofeno 600mg braun medical,Ibuprofeno,5.81,7.26,/Cuidado Personal/Cuidado del Oído/Cotonetes y Algodones/|/Cuidado Personal/Cuidado del Oído/|/Cuidado Personal/,https://www.farmaciascruzazul.ec/ibuprofeno-600mg-braun-medical/p
Ibuprofeno,cruzazul,Ibuprofeno 400mg labovida tableta,Ibuprofeno,7.0,7.0,/Medicinas/Musculoesqueléticos/|/Medicinas/,https://www.farmaciascruzazul.ec/ibuprofeno-400mg-labovida-tableta/p
Ibuprofeno,cruzazul,Ibuprofeno 200mg genamerica generico comprimidos,Ibuprofeno,2.08,2.6,/Medicinas/Musculoesqueléticos/|/Medicinas/,https://www.farmaciascruzazul.ec/ibuprofeno-200mg-genamerica-generico-comprimidos/p
Ibuprofeno,cruzazul,Ibuprofeno 4mg fresenius kabi hospitalario,Ibuprofeno,5.95,5.95,/Tratamientos y Salud/Alivio del Dolor/Dolor y Fiebre de Adultos/|/Tratamientos y Salud/Alivio del Dolor/|/Tratamientos y Salud/,https://www.farmaciascruzazul.ec/ibuprofeno-4mg-fresenius-kabi-hospitalario/p
Ibuprofeno,cruzazul,Ibuprofeno 400mg fresenius kabi hospitalario,Ibuprofeno,69.0,69.0,/Cuidado Personal/Desodorantes y Antitranspirantes/Para Mujeres/|/Cuidado Personal/Desodorantes y Antitranspirantes/|/Cuidado Personal/,https://www.farmaciascruzazul.ec/ibuprofeno-400mg-fresenius-kabi-hospitalario/p
Ibuprofeno,cruzazul,Ibuprofeno 600mg la sante cápsulas,Ibuprofeno,6.0,6.0,/Medicinas/Musculoesqueléticos/|/Medicinas/,https://www.farmaciascruzazul.ec/ibuprofeno-600mg-la-sante-capsulas/p
Ibuprofeno,cruzazul,Ibuprofeno 200mg/5ml labovida suspensión,Ibuprofeno,3.06,3.06,/Vitaminas y Suplementos/Vitaminas/Vitamina C/|/Vitaminas y Suplementos/Vitaminas/|/Vitaminas y Suplementos/,https://www.farmaciascruzazul.ec/ibuprofeno-200mg-5ml-labovida-suspension/p
Ibuprofeno,cruzazul,Ibuprofeno 600mg genamerica generico comprimidos,Ibuprofeno,5.4,5.4,/Medicinas/Musculoesqueléticos/|/Medicinas/,https://www.farmaciascruzazul.ec/ibuprofeno-600mg-genamerica-generico-comprimidos/p
Ibuprofeno,cruzazul,Ibuprofeno 400mg leterago - genfar,Ibuprofeno,7.0,7.0,/Medicinas/Musculoesqueléticos/|/Medicinas/,https://www.farmaciascruzazul.ec/ibuprofeno-400mg-leterago-genfar/p
Ibuprofeno/Paracetamol,pharmacys,Rufen 400/325mg globalmax s.a. tableta forte,Rufen,4.8,4.8,/Medicinas/Musculoesqueléticos/|/Medicinas/,https://www.pharmacys.com.ec/rufen-400-325mg-globalmax-sa-tableta-forte/p
Ibuprofeno/Paracetamol,pharmacys,Paralgen plus tab-rec x 325/200 mg x20,Paralgen,4.48,5.6,/Tratamientos y Salud/Alivio del Dolor/Dolor y Fiebre de Adultos/|/Tratamientos y Salud/Alivio del Dolor/|/Tratamientos y Salud/,https://www.pharmacys.com.ec/analgesico-paralgen-200-mg-x-325-mg-tableta-x-20/p
Ibuprofeno/Paracetamol,pharmacys,Dolocheck Forte Cap-bl x500/200mg x24,Dolocheck,14.4,14.4,/Tratamientos y Salud/Gripes y resfriados/|/Tratamientos y Salud/,https://www.pharmacys.com.ec/dolocheck-forte-cap-bl-x500-200mg-x24/p
Ibuprofeno/Paracetamol,medicity,Molar-Ex Forte Cápsulas 400/200 mg Caja con 20 Unidades,MOLAR-EX,0.44,0.55,/Medicina/Dolor y Malestar/|/Medicina/,https://www.farmaciasmedicity.com/molar-ex-forte-capsulas-400200-mg-caja-con-20-unidades/p
Ibuprofeno/Paracetamol,cruzazul,Rufen 400/325mg globalmax s.a. tableta forte,Rufen,4.8,4.8,/Medicinas/Musculoesqueléticos/|/Medicinas/,https://www.farmaciascruzazul.ec/rufen-400-325mg-globalmax-sa-tableta-forte/p
Ibuprofeno/Paracetamol,cruzazul,Paralgen plus tab-rec x 325/200 mg x20,Paralgen,4.48,5.6,/Tratamientos y Salud/Alivio del Dolor/Dolor y Fiebre de Adultos/|/Tratamientos y Salud/Alivio del Dolor/|/Tratamientos y Salud/,https://www.farmaciascruzazul.ec/analgesico-paralgen-200-mg-x-325-mg-tableta-x-20/p
Ibuprofeno/Paracetamol,cruzazul,Dolocheck Forte Cap-bl x500/200mg x24,Dolocheck,10.8,14.4,/Tratamientos y Salud/Gripes y resfriados/|/Tratamientos y Salud/,https://www.farmaciascruzazul.ec/dolocheck-forte-cap-bl-x500-200mg-x24/p
Diclofenaco sodico,pharmacys,Diclofenaco sodico 75mg labvitalis ampolla inyectable,Diclofenaco Sodico,22.0,22.0,/Medicinas/Aparato Respiratorio/|/Medicinas/,https://www.pharmacys.com.ec/diclofenaco-sodico-75mg-labvitalis-ampolla-inyectable-107587/p
Diclofenaco sodico,pharmacys,Diclofenaco sodico 1% kronos genericos gel,Diclofenaco Sodico,3.0,3.0,/Medicinas/Musculoesqueléticos/|/Medicinas/,https://www.pharmacys.com.ec/diclofenaco-sodico-1-kronos-genericos-gel/p
Diclofenaco sodico,pharmacys,Diclofenaco sodico 100mg dyvenpro ecuagen cápsulas,Diclofenaco Sodico,5.2,5.2,/Medicinas/Musculoesqueléticos/|/Medicinas/,https://www.pharmacys.com.ec/diclofenaco-sodico-100mg-dyvenpro-ecuagen-capsulas/p
Diclofenaco sodico,pharmacys,Diclofenaco sodico 50mg labovida tabletas recubiertas,Diclofenaco Sodico,4.5,4.5,/Medicinas/Musculoesqueléticos/|/Medicinas/,https://www.pharmacys.com.ec/diclofenaco-sodico-50mg-labovida-tabletas-recubiertas/p
Diclofenaco sodico,pharmacys,Diclofenaco sodico 100mg ecuaquimica - mintlab cápsulas,Diclofenaco Sodico,1.63,1.63,/Medicinas/Musculoesqueléticos/|/Medicinas/,https://www.pharmacys.com.ec/diclofenaco-sodico-100mg-ecuaquimica-mintlab-capsulas/p
Diclofenaco sodico,pharmacys,Diclofenaco sodico 75mg kronos genericos ampolla inyectable,Diclofenaco Sodico,5.8,5.8,/Medicinas/Hormonas/|/Medicinas/,https://www.pharmacys.com.ec/diclofenaco-sodico-75mg-kronos-genericos-ampolla-inyectable/p
Diclofenaco sodico,pharmacys,Diclofenaco sodico 50mg dyvenpro ecuagen tableta recubierta,Diclofenaco Sodico,2.75,2.75,/Medicinas/Musculoesqueléticos/|/Medicinas/,https://www.pharmacys.com.ec/diclofenaco-sodico-50mg-dyvenpro-ecuagen-tableta-recubierta/p
Diclofenaco sodico,pharmacys,Diclofenaco sodico 75mg genamerica generico ampollas inyectables,Diclofenaco Sodico,5.32,5.32,/Medicinas/Musculoesqueléticos/|/Medicinas/,https://www.pharmacys.com.ec/diclofenaco-sodico-75mg-genamerica-generico-ampollas-inyectables/p
Diclofenaco sodico,pharmacys,Diclofenaco sodico 100mg tecnoquimicas - genericos cápsulas,Diclofenaco Sodico,9.6,9.6,/Medicinas/Musculoesqueléticos/|/Medicinas/,https://www.pharmacys.com.ec/diclofenaco-sodico-100mg-tecnoquimicas-genericos-capsulas/p
Diclofenaco sodico,pharmacys,Diclofenaco sodico 75mg dyvenpro ecuagen solución inyectable,Diclofenaco Sodico,3.3,3.3,/Medicinas/Musculoesqueléticos/|/Medicinas/,https://www.pharmacys.com.ec/diclofenaco-sodico-75mg-dyvenpro-ecuagen-solucion-inyectable/p
Diclofenaco sodico,medicity,Dolo-Neurobión DC Diclofenaco Sódico Jeringa 3 Unidades,DOLO-NEUROBION,6.41,8.44,/Medicina/Dolor y Malestar/|/Medicina/,https://www.farmaciasmedicity.com/dolo-neurobion-dc-solucion-inyectable-prellena-3-ml-con-3-unidades/p
Diclofenaco sodico,medicity,Diclofenaco Santé Cápsulas 100 mg Liberación Prolongada Con 20 Unidades,LA SANTE,0.24,0.26,/Medicina/Dolor y Malestar/|/Medicina/,https://www.farmaciasmedicity.com/diclofenaco-sante-capsulas-100-mg-liberacion-prolongada-con-20-unidades/p
Diclofenaco sodico,medicity,Voltaren Sr Tabletas Recubiertas 75 mg Caja Con 10 Unidades,VOLTAREN,0.65,0.78,/Medicina/Dolor y Malestar/Dolor Muscular/|/Medicina/Dolor y Malestar/|/Medicina/,https://www.farmaciasmedicity.com/voltaren-sr-tabletas-recubiertas-75-mg-caja-con-10-unidades/p
Diclofenaco sodico,medicity,Dolo-Medox Solución Inyectable (Sol I+ Sol Ii) Caja Con 1 Unidad,DOLO-MEDOX,4.14,4.5,/Medicina/Dolor y Malestar/|/Medicina/,https://www.farmaciasmedicity.com/dolo-medox-solucion-inyectable-sol-i-sol-ii-caja-con-1-unidad/p
Diclofenaco sodico,cruzazul,Diclofenaco sodico 75mg labvitalis ampolla inyectable,Diclofenaco Sodico,22.0,22.0,/Medicinas/Aparato Respiratorio/|/Medicinas/,https://www.farmaciascruzazul.ec/diclofenaco-sodico-75mg-labvitalis-ampolla-inyectable-107587/p
Diclofenaco sodico,cruzazul,Diclofenaco sodico 1% kronos genericos gel,Diclofenaco Sodico,3.0,3.0,/Medicinas/Musculoesqueléticos/|/Medicinas/,https://www.farmaciascruzazul.ec/diclofenaco-sodico-1-kronos-genericos-gel/p
Diclofenaco sodico,cruzazul,Diclofenaco sodico 100mg dyvenpro ecuagen cápsulas,Diclofenaco Sodico,5.2,5.2,/Medicinas/Musculoesqueléticos/|/Medicinas/,https://www.farmaciascruzazul.ec/diclofenaco-sodico-100mg-dyvenpro-ecuagen-capsulas/p
Diclofenaco sodico,cruzazul,Diclofenaco sodico 50mg labovida tabletas recubiertas,Diclofenaco Sodico,4.5,4.5,/Medicinas/Musculoesqueléticos/|/Medicinas/,https://www.farmaciascruzazul.ec/diclofenaco-sodico-50mg-labovida-tabletas-recubiertas/p
Diclofenaco sodico,cruzazul,Diclofenaco sodico 100mg ecuaquimica - mintlab cápsulas,Diclofenaco Sodico,1.63,1.63,/Medicinas/Musculoesqueléticos/|/Medicinas/,https://www.farmaciascruzazul.ec/diclofenaco-sodico-100mg-ecuaquimica-mintlab-capsulas/p
Diclofenaco sodico,cruzazul,Diclofenaco sodico 75mg kronos genericos ampolla inyectable,Diclofenaco Sodico,5.8,5.8,/Medicinas/Hormonas/|/Medicinas/,https://www.farmaciascruzazul.ec/diclofenaco-sodico-75mg-kronos-genericos-ampolla-inyectable/p
Diclofenaco sodico,cruzazul,Diclofenaco sodico 50mg dyvenpro ecuagen tableta recubierta,Diclofenaco Sodico,2.75,2.75,/Medicinas/Musculoesqueléticos/|/Medicinas/,https://www.farmaciascruzazul.ec/diclofenaco-sodico-50mg-dyvenpro-ecuagen-tableta-recubierta/p
Diclofenaco sodico,cruzazul,Diclofenaco sodico 75mg genamerica generico ampollas inyectables,Diclofenaco Sodico,5.32,5.32,/Medicinas/Musculoesqueléticos/|/Medicinas/,https://www.farmaciascruzazul.ec/diclofenaco-sodico-75mg-genamerica-generico-ampollas-inyectables/p
Diclofenaco sodico,cruzazul,Diclofenaco sodico 100mg tecnoquimicas - genericos cápsulas,Diclofenaco Sodico,9.6,9.6,/Medicinas/Musculoesqueléticos/|/Medicinas/,https://www.farmaciascruzazul.ec/diclofenaco-sodico-100mg-tecnoquimicas-genericos-capsulas/p
Diclofenaco sodico,cruzazul,Diclofenaco sodico 75mg dyvenpro ecuagen solución inyectable,Diclofenaco Sodico,3.3,3.3,/Medicinas/Musculoesqueléticos/|/Medicinas/,https://www.farmaciascruzazul.ec/diclofenaco-sodico-75mg-dyvenpro-ecuagen-solucion-inyectable/p
Diclofenaco,pharmacys,Diclofenaco gelx1%x50gr ngen,Diclofenaco Sodico,3.5,3.5,/Medicinas/Musculoesqueléticos/|/Medicinas/,https://www.pharmacys.com.ec/diclofenaco-sodico-1-portugal-generico-gel/p
Diclofenaco,pharmacys,Diclofenaco gelx1%x50gr mk,Diclofenaco Sodico,8.31,8.31,/Tratamientos y Salud/Alivio del Dolor/Dolor Articular y Muscular/|/Tratamientos y Salud/Alivio del Dolor/|/Tratamientos y Salud/,https://www.pharmacys.com.ec/diclofenaco-gelx1-x50gr-mk/p
Diclofenaco,pharmacys,Diclofenaco gelx1%x20gr ngen,Diclofenaco Sodico,2.0,2.0,/Cuidado Personal/Cuidado del Cabello/Shampoos & Acondicionadores/|/Cuidado Personal/Cuidado del Cabello/|/Cuidado Personal/,https://www.pharmacys.com.ec/diclofenaco-sodico-1-portugal-generico-gel-106484/p
Diclofenaco,pharmacys,Diclofenaco sodico 75mg labvitalis ampolla inyectable,Diclofenaco Sodico,22.0,22.0,/Medicinas/Aparato Respiratorio/|/Medicinas/,https://www.pharmacys.com.ec/diclofenaco-sodico-75mg-labvitalis-ampolla-inyectable-107587/p
Diclofenaco,pharmacys,Diclofenaco sodico 1% kronos genericos gel,Diclofenaco Sodico,3.0,3.0,/Medicinas/Musculoesqueléticos/|/Medicinas/,https://www.pharmacys.com.ec/diclofenaco-sodico-1-kronos-genericos-gel/p
Diclofenaco,pharmacys,Diclofenaco sodico 100mg dyvenpro ecuagen cápsulas,Diclofenaco Sodico,5.2,5.2,/Medicinas/Musculoesqueléticos/|/Medicinas/,https://www.pharmacys.com.ec/diclofenaco-sodico-100mg-dyvenpro-ecuagen-capsulas/p
Diclofenaco,pharmacys,Diclofenaco emu-gelx1%x50mg genf,Diclofenaco Sodico,6.0,6.0,/Tratamientos y Salud/Alivio del Dolor/Dolor Articular y Muscular/|/Tratamientos y Salud/Alivio del Dolor/|/Tratamientos y Salud/,https://www.pharmacys.com.ec/diclofenaco-emu-gelx1-x50mg-genf/p
Diclofenaco,pharmacys,Diclofenaco sodico 50mg labovida tabletas recubiertas,Diclofenaco Sodico,4.5,4.5,/Medicinas/Musculoesqueléticos/|/Medicinas/,https://www.pharmacys.com.ec/diclofenaco-sodico-50mg-labovida-tabletas-recubiertas/p
Diclofenaco,pharmacys,Diclofenaco sodico 100mg ecuaquimica - mintlab cápsulas,Diclofenaco Sodico,1.63,1.63,/Medicinas/Musculoesqueléticos/|/Medicinas/,https://www.pharmacys.com.ec/diclofenaco-sodico-100mg-ecuaquimica-mintlab-capsulas/p
Diclofenaco,pharmacys,Diclofenaco sodico 75mg kronos genericos ampolla inyectable,Diclofenaco Sodico,5.8,5.8,/Medicinas/Hormonas/|/Medicinas/,https://www.pharmacys.com.ec/diclofenaco-sodico-75mg-kronos-genericos-ampolla-inyectable/p
Diclofenaco,medicity,Dolo-Neurobión DC Diclofenaco Sódico Jeringa 3 Unidades,DOLO-NEUROBION,6.41,8.44,/Medicina/Dolor y Malestar/|/Medicina/,https://www.farmaciasmedicity.com/dolo-neurobion-dc-solucion-inyectable-prellena-3-ml-con-3-unidades/p
Diclofenaco,medicity,Diclofenaco Genfar Tabletas Recubierto 50 mg 30 Unidades,GENFAR,0.13,0.14,/Medicina/Dolor y Malestar/|/Medicina/,https://www.farmaciasmedicity.com/diclofenaco-genfar-tabletas-recubierto-50-mg-30-unidades-1/p
Diclofenaco,medicity,Diclofenaco Genfar Emulgel 1 Tubo con 50 g,GENFAR,5.52,6.0,/Medicina/Dolor y Malestar/Dolor Muscular/|/Medicina/Dolor y Malestar/|/Medicina/,https://www.farmaciasmedicity.com/diclofenaco-genfar-emulgel-1-tubo-con-50-g/p
Diclofenaco,medicity,Dolo-Neurobión Forte con Diclofenaco Tabletas 30 Unidades,DOLO-NEUROBION,0.7,0.84,/Medicina/Dolor y Malestar/|/Medicina/,https://www.farmaciasmedicity.com/dolo-neurobion-forte-tabletas-con-30-unidades/p
Diclofenaco,medicity,Genfar Diclofenaco Solución Inyectable 75mg/3ml Caja 10 Unidades,GENFAR,0.55,0.6,/Medicina/Dolor y Malestar/Antiinflamatorios/|/Medicina/Dolor y Malestar/|/Medicina/,https://www.farmaciasmedicity.com/genfar-diclofenaco-solucion-inyectable-75mg-3ml-caja-10-unidades-1/p
Diclofenaco,medicity,Diclofenaco Retard Mk Cápsula 100 mg Caja 20 Unidades,DICLOFENACO RETARD,0.44,0.48,/Medicina/Dolor y Malestar/|/Medicina/,https://www.farmaciasmedicity.com/diclofenaco-retard-mk-capsula-100-mg-caja-20-unidades-1/p
Diclofenaco,medicity,Genfar Diclofenaco Tabletas De Liberación Prolongada 100 mg Caja 20 Unidades,GENFAR,0.28,0.3,/Medicina/Especialidad/|/Medicina/,https://www.farmaciasmedicity.com/genfar-diclofenaco-tabletas-de-liberacion-prolongada-100-mg-caja-20-unidades-1/p
Diclofenaco,medicity,Diclofenaco Santé Cápsulas 100 mg Liberación Prolongada Con 20 Unidades,LA SANTE,0.24,0.26,/Medicina/Dolor y Malestar/|/Medicina/,https://www.farmaciasmedicity.com/diclofenaco-sante-capsulas-100-mg-liberacion-prolongada-con-20-unidades/p
Diclofenaco,medicity,Dolo-Neurobión Retard Tabletas Liberación Prolongada 20 Unidades,DOLO-NEUROBION,1.12,1.35,/Medicina/Dolor y Malestar/|/Medicina/,https://www.farmaciasmedicity.com/dolo-neurobion-tabletas-liberacion-prolongada-caja-con-20-unidades/p
Diclofenaco,medicity,Voltaren Emulgel Gel Forte Tubo 100g,VOLTAREN,23.92,26.0,/Medicina/Dolor y Malestar/Dolor Muscular/|/Medicina/Dolor y Malestar/|/Medicina/,https://www.farmaciasmedicity.com/voltaren-emulgel-gel-forte-tubo-100g/p
Diclofenaco,cruzazul,Diclofenaco gelx1%x50gr ngen,Diclofenaco Sodico,3.5,3.5,/Medicinas/Musculoesqueléticos/|/Medicinas/,https://www.farmaciascruzazul.ec/diclofenaco-sodico-1-portugal-generico-gel/p
Diclofenaco,cruzazul,Diclofenaco gelx1%x50gr mk,Diclofenaco Sodico,6.65,8.31,/Tratamientos y Salud/Alivio del Dolor/Dolor Articular y Muscular/|/Tratamientos y Salud/Alivio del Dolor/|/Tratamientos y Salud/,https://www.farmaciascruzazul.ec/diclofenaco-gelx1-x50gr-mk/p
Diclofenaco,cruzazul,Diclofenaco gelx1%x20gr ngen,Diclofenaco Sodico,2.0,2.0,/Cuidado Personal/Cuidado del Cabello/Shampoos & Acondicionadores/|/Cuidado Personal/Cuidado del Cabello/|/Cuidado Personal/,https://www.farmaciascruzazul.ec/diclofenaco-sodico-1-portugal-generico-gel-106484/p
Diclofenaco,cruzazul,Diclofenaco sodico 75mg labvitalis ampolla inyectable,Diclofenaco Sodico,22.0,22.0,/Medicinas/Aparato Respiratorio/|/Medicinas/,https://www.farmaciascruzazul.ec/diclofenaco-sodico-75mg-labvitalis-ampolla-inyectable-107587/p
Diclofenaco,cruzazul,Diclofenaco sodico 1% kronos genericos gel,Diclofenaco Sodico,3.0,3.0,/Medicinas/Musculoesqueléticos/|/Medicinas/,https://www.farmaciascruzazul.ec/diclofenaco-sodico-1-kronos-genericos-gel/p
Diclofenaco,cruzazul,Diclofenaco sodico 100mg dyvenpro ecuagen cápsulas,Diclofenaco Sodico,5.2,5.2,/Medicinas/Musculoesqueléticos/|/Medicinas/,https://www.farmaciascruzazul.ec/diclofenaco-sodico-100mg-dyvenpro-ecuagen-capsulas/p
Diclofenaco,cruzazul,Diclofenaco emu-gelx1%x50mg genf,Diclofenaco Sodico,4.8,6.0,/Tratamientos y Salud/Alivio del Dolor/Dolor Articular y Muscular/|/Tratamientos y Salud/Alivio del Dolor/|/Tratamientos y Salud/,https://www.farmaciascruzazul.ec/diclofenaco-emu-gelx1-x50mg-genf/p
Diclofenaco,cruzazul,Diclofenaco sodico 50mg labovida tabletas recubiertas,Diclofenaco Sodico,4.5,4.5,/Medicinas/Musculoesqueléticos/|/Medicinas/,https://www.farmaciascruzazul.ec/diclofenaco-sodico-50mg-labovida-tabletas-recubiertas/p
Diclofenaco,cruzazul,Diclofenaco sodico 100mg ecuaquimica - mintlab cápsulas,Diclofenaco Sodico,1.63,1.63,/Medicinas/Musculoesqueléticos/|/Medicinas/,https://www.farmaciascruzazul.ec/diclofenaco-sodico-100mg-ecuaquimica-mintlab-capsulas/p
Diclofenaco,cruzazul,Diclofenaco sodico 75mg kronos genericos ampolla inyectable,Diclofenaco Sodico,5.8,5.8,/Medicinas/Hormonas/|/Medicinas/,https://www.farmaciascruzazul.ec/diclofenaco-sodico-75mg-kronos-genericos-ampolla-inyectable/p
Naproxeno,pharmacys,Naproxeno 550mg caplin point - generico tableta recubierta,Naproxeno,6.0,6.0,/Medicinas/Musculoesqueléticos/|/Medicinas/,https://www.pharmacys.com.ec/naproxeno-550mg-caplin-point-generico-tableta-recubierta/p
Naproxeno,pharmacys,Quitadol medicamento acetaminofen 250 mg naproxeno sódico 220 mg cafeína anhidra 65 mg x 10,Quitadol,6.05,6.05,/Cuidado Personal/Higiene Intima Femenina/Protectores Diarios/|/Cuidado Personal/Higiene Intima Femenina/|/Cuidado Personal/,https://www.pharmacys.com.ec/quitadol-medicamento-acetaminofen-250-mg-naproxeno-sodico-22/p
Naproxeno,pharmacys,Riproxen 550/2mg biogenet tableta,Riproxen,9.4,9.4,/Medicinas/Musculoesqueléticos/|/Medicinas/,https://www.pharmacys.com.ec/riproxen-550-2mg-biogenet-tableta/p
Naproxeno,pharmacys,"Analgésico x ray 250 mg, 220 mg, 65 mg tableta x 12",X Ray,6.3,6.3,/Tratamientos y Salud/Alivio del Dolor/Dolor Articular y Muscular/|/Tratamientos y Salud/Alivio del Dolor/|/Tratamientos y Salud/,https://www.pharmacys.com.ec/analgesico-x-ray-250-mg-220-mg-65-mg-tableta-x-12/p
Naproxeno,medicity,Nifa Naproxeno Tabletas Recubiertas 550 mg Caja 20 Unidades,NIFA,0.32,0.35,/Medicina/Especialidad/|/Medicina/,https://www.farmaciasmedicity.com/nifa-naproxeno-tabletas-recubiertas-550-mg-caja-20-unidades-1/p
Naproxeno,medicity,Apronax Pro Tableta De Liberación Modificada 660 mg Caja 16 Unidades,APRONAX,1.03,1.12,/Medicina/Dolor y Malestar/Dolor Muscular/|/Medicina/Dolor y Malestar/|/Medicina/,https://www.farmaciasmedicity.com/apronax-pro-tableta-de-liberacion-modificada-660-mg-caja-16-unidades/p
Naproxeno,medicity,Febrax Tabletas 275 / 300 mg Caja con 20 Unidades,FEBRAX,0.26,0.28,/Medicina/Dolor y Malestar/Fiebre de Adulto/|/Medicina/Dolor y Malestar/|/Medicina/,https://www.farmaciasmedicity.com/febrax-tabletas-275--300-mg-caja-con-20-unidades/p
Naproxeno,medicity,Quitadol Forte Gel 5% Frasco 120 g,QUITADOL,14.44,15.7,/Medicina/Dolor y Malestar/Dolor Muscular/|/Medicina/Dolor y Malestar/|/Medicina/,https://www.farmaciasmedicity.com/quitadol-forte-gel-5-frasco-120-g/p
Naproxeno,medicity,X Ray Dol Tabletas Caja con 12 Unidades,X RAY,0.47,0.59,/Medicina/Dolor y Malestar/Dolor Muscular/|/Medicina/Dolor y Malestar/|/Medicina/,https://www.farmaciasmedicity.com/x-ray-dol-tabletas-caja-con-12-unidades/p
Naproxeno,medicity,Apronax Gel 5.5% Tubo 40 g,APRONAX,9.42,10.24,/Medicina/Dolor y Malestar/Dolor Muscular/|/Medicina/Dolor y Malestar/|/Medicina/,https://www.farmaciasmedicity.com/apronax-gel-5-5-tubo-40-g/p
Naproxeno,cruzazul,Naproxeno 550mg caplin point - generico tableta recubierta,Naproxeno,6.0,6.0,/Medicinas/Musculoesqueléticos/|/Medicinas/,https://www.farmaciascruzazul.ec/naproxeno-550mg-caplin-point-generico-tableta-recubierta/p
Naproxeno,cruzazul,Quitadol medicamento acetaminofen 250 mg naproxeno sódico 220 mg cafeína anhidra 65 mg x 10,Quitadol,6.05,6.05,/Cuidado Personal/Higiene Intima Femenina/Protectores Diarios/|/Cuidado Personal/Higiene Intima Femenina/|/Cuidado Personal/,https://www.farmaciascruzazul.ec/quitadol-medicamento-acetaminofen-250-mg-naproxeno-sodico-22/p
Naproxeno,cruzazul,Riproxen 550/2mg biogenet tableta,Riproxen,9.4,9.4,/Medicinas/Musculoesqueléticos/|/Medicinas/,https://www.farmaciascruzazul.ec/riproxen-550-2mg-biogenet-tableta/p
Naproxeno,cruzazul,"Analgésico x ray 250 mg, 220 mg, 65 mg tableta x 12",X Ray,6.3,6.3,/Tratamientos y Salud/Alivio del Dolor/Dolor Articular y Muscular/|/Tratamientos y Salud/Alivio del Dolor/|/Tratamientos y Salud/,https://www.farmaciascruzazul.ec/analgesico-x-ray-250-mg-220-mg-65-mg-tableta-x-12/p
Naproxeno sodico,pharmacys,Quitadol medicamento acetaminofen 250 mg naproxeno sódico 220 mg cafeína anhidra 65 mg x 10,Quitadol,6.05,6.05,/Cuidado Personal/Higiene Intima Femenina/Protectores Diarios/|/Cuidado Personal/Higiene Intima Femenina/|/Cuidado Personal/,https://www.pharmacys.com.ec/quitadol-medicamento-acetaminofen-250-mg-naproxeno-sodico-22/p
Naproxeno sodico,pharmacys,Riproxen 550/2mg biogenet tableta,Riproxen,9.4,9.4,/Medicinas/Musculoesqueléticos/|/Medicinas/,https://www.pharmacys.com.ec/riproxen-550-2mg-biogenet-tableta/p
Naproxeno sodico,medicity,Quitadol Forte Gel 5% Frasco 120 g,QUITADOL,14.44,15.7,/Medicina/Dolor y Malestar/Dolor Muscular/|/Medicina/Dolor y Malestar/|/Medicina/,https://www.farmaciasmedicity.com/quitadol-forte-gel-5-frasco-120-g/p
Naproxeno sodico,medicity,Apronax Gel 5.5% Tubo 40 g,APRONAX,9.42,10.24,/Medicina/Dolor y Malestar/Dolor Muscular/|/Medicina/Dolor y Malestar/|/Medicina/,https://www.farmaciasmedicity.com/apronax-gel-5-5-tubo-40-g/p
Naproxeno sodico,cruzazul,Quitadol medicamento acetaminofen 250 mg naproxeno sódico 220 mg cafeína anhidra 65 mg x 10,Quitadol,6.05,6.05,/Cuidado Personal/Higiene Intima Femenina/Protectores Diarios/|/Cuidado Personal/Higiene Intima Femenina/|/Cuidado Personal/,https://www.farmaciascruzazul.ec/quitadol-medicamento-acetaminofen-250-mg-naproxeno-sodico-22/p
Naproxeno sodico,cruzazul,Riproxen 550/2mg biogenet tableta,Riproxen,9.4,9.4,/Medicinas/Musculoesqueléticos/|/Medicinas/,https://www.farmaciascruzazul.ec/riproxen-550-2mg-biogenet-tableta/p
Ketorolaco,pharmacys,Ketorolaco 30mg la sante tableta,Ketorolaco,7.04,7.04,/Medicinas/Sistema Nervioso/|/Medicinas/,https://www.pharmacys.com.ec/ketorolaco-30mg-la-sante-tableta/p
Ketorolaco,pharmacys,Ketorolaco 10mg dyvenpro ecuagen tabletas recubiertas,Ketorolaco,2.0,2.0,/Medicinas/Sistema Nervioso/|/Medicinas/,https://www.pharmacys.com.ec/ketorolaco-10mg-dyvenpro-ecuagen-tabletas-recubiertas/p
Ketorolaco,pharmacys,Ketorolaco 60mg jaspharm generico solución inyectable,Ketorolaco,6.36,6.36,/Medicinas/Sistema Nervioso/|/Medicinas/,https://www.pharmacys.com.ec/ketorolaco-60mg-jaspharm-generico-solucion-inyectable/p
Ketorolaco,pharmacys,Ketorolaco 10mg garcos - nifa genericos tableta,Ketorolaco,2.0,2.0,/Medicinas/Sistema Nervioso/|/Medicinas/,https://www.pharmacys.com.ec/ketorolaco-10mg-garcos-nifa-genericos-tableta/p
Ketorolaco,pharmacys,Ketorolaco 20mg garcos - nifa genericos tableta,Ketorolaco,8.0,8.0,/Medicinas/Sistema Nervioso/|/Medicinas/,https://www.pharmacys.com.ec/ketorolaco-20mg-garcos-nifa-genericos-tableta/p
Ketorolaco,pharmacys,Ketorolaco 30mg leterago - genfar solución inyectable,Ketorolaco,3.68,3.68,/Medicinas/Sistema Nervioso/|/Medicinas/,https://www.pharmacys.com.ec/ketorolaco-30mg-leterago-genfar-solucion-inyectable/p
Ketorolaco,pharmacys,Dolgenal duo 10/25mg quifatex dist medicamenta cápsulas rigidas de liberación controlada,Dolgenal Duo,10.0,10.0,/Cuidado Sexual/Anticonceptivos y Lubricantes/Preservativos/|/Cuidado Sexual/Anticonceptivos y Lubricantes/|/Cuidado Sexual/,https://www.pharmacys.com.ec/dolgenal-duo-10-25mg-quifatex-dist-medicamenta-capsulas-rigidas-de-liberacion-controlada/p
Ketorolaco,pharmacys,Proalgan 60mg dyvenpro farma eticos 2 solución inyectable,Proalgan,13.8,13.8,/Cuidado Personal/Sólo para Mamá/Lactancia Materna/|/Cuidado Personal/Sólo para Mamá/|/Cuidado Personal/,https://www.pharmacys.com.ec/proalgan-60mg-dyvenpro-farma-eticos-2-solucion-inyectable/p
Ketorolaco,pharmacys,Proalgan sol-inyx30mg/1mlx3,Proalgan,6.9,6.9,/Tratamientos y Salud/Alivio del Dolor/Dolor y Fiebre de Adultos/|/Tratamientos y Salud/Alivio del Dolor/|/Tratamientos y Salud/,https://www.pharmacys.com.ec/proalgan-30mg-dyvenpro-farma-eticos-2-solucion-inyectable/p
Ketorolaco,pharmacys,Proalgan 20mg dyvenpro farma eticos 2 dolor,Proalgan,9.49,9.49,/Medicinas/Sistema Nervioso/|/Medicinas/,https://www.pharmacys.com.ec/proalgan-20mg-dyvenpro-farma-eticos-2-tabletas-recubiertas/p
Ketorolaco,medicity,Ketorolaco Nifa Tabletas 20mg Caja 10 Unidades,NIFA,0.64,0.8,/Medicina/Dolor y Malestar/|/Medicina/,https://www.farmaciasmedicity.com/ketorolaco-nifa-tabletas-20mg-caja-10-unidades-1/p
Ketorolaco,medicity,Ketorolaco Nifa Tabletas 10mg Caja 10 Unidades,NIFA,0.16,0.2,/Medicina/Dolor y Malestar/|/Medicina/,https://www.farmaciasmedicity.com/ketorolaco-nifa-tabletas-10mg-caja-10-unidades-1/p
Ketorolaco,medicity,Ketorolaco La Santé Tabletas Sublingual 30 mg Con 4 Unidades,LA SANTE,1.62,1.76,/Medicina/Dolor y Malestar/|/Medicina/,https://www.farmaciasmedicity.com/ketorolaco-la-sante-tabletas-sublingual-30-mg-con-4-unidades/p
Ketorolaco,medicity,Nomadol Rapid Comprimidos Sublinguales 30mg Caja 10 Unidades,NOMADOL,2.43,2.64,/Medicina/Dolor y Malestar/|/Medicina/,https://www.farmaciasmedicity.com/nomadol-rapid-comprimidos-sublinguales-30mg-caja-10-unidades-1/p
Ketorolaco,medicity,Nomadol Rapid Comprimidos Sublinguales 20 mg Caja Con 10 Unidades,NOMADOL,0.92,1.0,/Medicina/Dolor y Malestar/|/Medicina/,https://www.farmaciasmedicity.com/nomadol-rapid-comprimidos-sublinguales-20-mg-caja-con-10-unidades/p
Ketorolaco,medicity,Dolgenal Duo Cápsula Rígida 10/25mg Caja 10 Unidades,DOLGENAL,0.8,1.0,/Medicina/Dolor y Malestar/Dolor Muscular/|/Medicina/Dolor y Malestar/|/Medicina/,https://www.farmaciasmedicity.com/dolgenal-duo-capasula-rigida-1025-mg-caja-con-10-unidades/p
Ketorolaco,medicity,Dolgenal Rapid Comprimidos Sublinguales 10 mg Caja Con 10 Unidades,DOLGENAL,0.46,0.56,/Medicina/Dolor y Malestar/|/Medicina/,https://www.farmaciasmedicity.com/dolgenal-rapid-comprimidos-sublinguales-10-mg-caja-con-10-unidades/p
Ketorolaco,medicity,Altrom Advance Cápsulas 10/25 mg Caja 10 Unidades,ALTROM,0.66,0.8,/Medicina/Sistema Nervioso/|/Medicina/,https://www.farmaciasmedicity.com/altrom-advance-capsulas-1025-mg-caja-con-10-unidades/p
Ketorolaco,medicity,Dolgenal Comprimidos Recubiertos Caja 10 Unidades,DOLGENAL,0.46,0.5,/Medicina/Dolor y Malestar/Antiinflamatorios/|/Medicina/Dolor y Malestar/|/Medicina/,https://www.farmaciasmedicity.com/dolgenal-comprimidos-recubiertos-caja-con-10-unidades/p
Ketorolaco,cruzazul,Ketorolaco 30mg la sante tableta,Ketorolaco,7.04,7.04,/Medicinas/Sistema Nervioso/|/Medicinas/,https://www.farmaciascruzazul.ec/ketorolaco-30mg-la-sante-tableta/p
Ketorolaco,cruzazul,Ketorolaco 10mg dyvenpro ecuagen tabletas recubiertas,Ketorolaco,2.0,2.0,/Medicinas/Sistema Nervioso/|/Medicinas/,https://www.farmaciascruzazul.ec/ketorolaco-10mg-dyvenpro-ecuagen-tabletas-recubiertas/p
Ketorolaco,cruzazul,Ketorolaco 60mg jaspharm generico solución inyectable,Ketorolaco,6.36,6.36,/Medicinas/Sistema Nervioso/|/Medicinas/,https://www.farmaciascruzazul.ec/ketorolaco-60mg-jaspharm-generico-solucion-inyectable/p
Ketorolaco,cruzazul,Ketorolaco 10mg garcos - nifa genericos tableta,Ketorolaco,2.0,2.0,/Medicinas/Sistema Nervioso/|/Medicinas/,https://www.farmaciascruzazul.ec/ketorolaco-10mg-garcos-nifa-genericos-tableta/p
Ketorolaco,cruzazul,Ketorolaco 20mg garcos - nifa genericos tableta,Ketorolaco,6.4,8.0,/Medicinas/Sistema Nervioso/|/Medicinas/,https://www.farmaciascruzazul.ec/ketorolaco-20mg-garcos-nifa-genericos-tableta/p
Ketorolaco,cruzazul,Ketorolaco 30mg leterago - genfar solución inyectable,Ketorolaco,3.68,3.68,/Medicinas/Sistema Nervioso/|/Medicinas/,https://www.farmaciascruzazul.ec/ketorolaco-30mg-leterago-genfar-solucion-inyectable/p
Ketorolaco,cruzazul,Dolgenal duo 10/25mg quifatex dist medicamenta cápsulas rigidas de liberación controlada,Dolgenal Duo,10.0,10.0,/Cuidado Sexual/Anticonceptivos y Lubricantes/Preservativos/|/Cuidado Sexual/Anticonceptivos y Lubricantes/|/Cuidado Sexual/,https://www.farmaciascruzazul.ec/dolgenal-duo-10-25mg-quifatex-dist-medicamenta-capsulas-rigidas-de-liberacion-controlada/p
Ketorolaco,cruzazul,Proalgan 60mg dyvenpro farma eticos 2 solución inyectable,Proalgan,13.8,13.8,/Cuidado Personal/Sólo para Mamá/Lactancia Materna/|/Cuidado Personal/Sólo para Mamá/|/Cuidado Personal/,https://www.farmaciascruzazul.ec/proalgan-60mg-dyvenpro-farma-eticos-2-solucion-inyectable/p
Ketorolaco,cruzazul,Proalgan sol-inyx30mg/1mlx3,Proalgan,6.9,6.9,/Tratamientos y Salud/Alivio del Dolor/Dolor y Fiebre de Adultos/|/Tratamientos y Salud/Alivio del Dolor/|/Tratamientos y Salud/,https://www.farmaciascruzazul.ec/proalgan-30mg-dyvenpro-farma-eticos-2-solucion-inyectable/p
Ketorolaco,cruzazul,Proalgan 20mg dyvenpro farma eticos 2 dolor,Proalgan,9.49,9.49,/Medicinas/Sistema Nervioso/|/Medicinas/,https://www.farmaciascruzazul.ec/proalgan-20mg-dyvenpro-farma-eticos-2-tabletas-recubiertas/p
Acido acetilsalicilico,pharmacys,Analgésico y antiinflamatorio acido acetilsalicilico 100mg tableta x 100,Acido Acetilsalicilico,16.0,20.0,/Tratamientos y Salud/Alivio del Dolor/Dolor y Fiebre de Adultos/|/Tratamientos y Salud/Alivio del Dolor/|/Tratamientos y Salud/,https://www.pharmacys.com.ec/analgesico-y-antiinflamatorio-acido-acetilsalicilico-100mg-tableta-x-100/p
Acido acetilsalicilico,pharmacys,Cardionil 81mg alianza quimica ariston comprimido recubierto,Cardionil,8.28,8.28,/Medicinas/Sangre Y Órganos Hematopoyéticos/|/Medicinas/,https://www.pharmacys.com.ec/cardionil-81mg-alianza-quimica-ariston-comprimido-recubierto/p
Acido acetilsalicilico,medicity,Eclamp Tableta Recubierta 150 mg Caja 30 Unidades,ECLAMP,0.37,0.43,/Medicina/Sistema Cardiovascular/|/Medicina/,https://www.farmaciasmedicity.com/eclamp-tableta-recubierta-150-mg-caja-30-unidades-1/p
Acido acetilsalicilico,medicity,Cardio-Aspirina Tabletas Recubiertas 100 mg Caja Con 30 Unidades,CARDIO-ASPIRINA,0.23,0.25,/Medicina/Sistema Cardiovascular/|/Medicina/,https://www.farmaciasmedicity.com/cardio-aspirina-tabletas-recubiertas-100-mg-caja-con-30-unidades/p
Acido acetilsalicilico,medicity,Aspirina 100 mg Caja con 100 Tabletas,ASPIRINA,0.17,0.18,/Medicina/Dolor y Malestar/|/Medicina/,https://www.farmaciasmedicity.com/aspirina-100-mg-caja-con-100-tabletas/p
Acido acetilsalicilico,cruzazul,Analgésico y antiinflamatorio acido acetilsalicilico 100mg tableta x 100,Acido Acetilsalicilico,16.0,20.0,/Tratamientos y Salud/Alivio del Dolor/Dolor y Fiebre de Adultos/|/Tratamientos y Salud/Alivio del Dolor/|/Tratamientos y Salud/,https://www.farmaciascruzazul.ec/analgesico-y-antiinflamatorio-acido-acetilsalicilico-100mg-tableta-x-100/p
Acido acetilsalicilico,cruzazul,Cardionil 81mg alianza quimica ariston comprimido recubierto,Cardionil,8.28,8.28,/Medicinas/Sangre Y Órganos Hematopoyéticos/|/Medicinas/,https://www.farmaciascruzazul.ec/cardionil-81mg-alianza-quimica-ariston-comprimido-recubierto/p
Meloxicam,pharmacys,Meloxicam 15mg labovida tableta,Meloxicam,7.75,7.75,/Medicinas/Musculoesqueléticos/|/Medicinas/,https://www.pharmacys.com.ec/meloxicam-15mg-labovida-tableta/p
Meloxicam,pharmacys,Meloxicam 15mg genamerica generico comprimidos,Meloxicam,5.2,5.2,/Medicinas/Musculoesqueléticos/|/Medicinas/,https://www.pharmacys.com.ec/meloxicam-15mg-genamerica-generico-comprimidos/p
Meloxicam,pharmacys,Meloxicam 15mg la sante tableta,Meloxicam,5.67,5.67,/Medicinas/Musculoesqueléticos/|/Medicinas/,https://www.pharmacys.com.ec/meloxicam-15mg-la-sante-tableta/p
Meloxicam,pharmacys,Meloxicam 15mg dyvenpro ecuagen tableta,Meloxicam,7.0,7.0,/Medicinas/Musculoesqueléticos/|/Medicinas/,https://www.pharmacys.com.ec/meloxicam-15mg-dyvenpro-ecuagen-tableta/p
Meloxicam,pharmacys,Meloxicam 7.5mg la sante tableta,Meloxicam,3.0,3.0,/Medicinas/Musculoesqueléticos/|/Medicinas/,https://www.pharmacys.com.ec/meloxicam-75mg-la-sante-tableta/p
Meloxicam,pharmacys,Meloxicam 15mg tecnoquimicas - genericos tableta,Meloxicam,4.04,4.04,/Medicinas/Musculoesqueléticos/|/Medicinas/,https://www.pharmacys.com.ec/meloxicam-15mg-tecnoquimicas-genericos-tableta/p
Meloxicam,pharmacys,Meloxicam 15mg leterago - genfar comprimidos,Meloxicam,4.54,4.54,/Medicinas/Musculoesqueléticos/|/Medicinas/,https://www.pharmacys.com.ec/meloxicam-15mg-leterago-genfar-comprimidos/p
Meloxicam,pharmacys,Meloxicam 15mg portugal - generico tabletas,Meloxicam,40.0,40.0,/Medicinas/Musculoesqueléticos/|/Medicinas/,https://www.pharmacys.com.ec/meloxicam-15mg-portugal-generico-tabletas/p
Meloxicam,pharmacys,Meloxicam 7.5mg tecnoquimicas - genericos tableta,Meloxicam,3.31,3.31,/Medicinas/Musculoesqueléticos/|/Medicinas/,https://www.pharmacys.com.ec/meloxicam-75mg-tecnoquimicas-genericos-tableta/p
Meloxicam,pharmacys,Meloxicam 15mg garcos - nifa genericos tableta,Meloxicam,6.0,6.0,/Medicinas/Musculoesqueléticos/|/Medicinas/,https://www.pharmacys.com.ec/meloxicam-15mg-garcos-nifa-genericos-tableta/p
Meloxicam,medicity,Miolox Granulado 15mg Sobre 2 g Caja 30 Unidades,MIOLOX,0.63,0.83,/Medicina/Dolor y Malestar/|/Medicina/,https://www.farmaciasmedicity.com/miolox-granulado-15mg-sobre-2-g-caja-30-unidades-1/p
Meloxicam,medicity,Oxa Solución Inyectable 15mg/1.5ml Caja 3 Unidades,OXA,2.93,3.19,/Medicina/Dolor y Malestar/Dolor Muscular/|/Medicina/Dolor y Malestar/|/Medicina/,https://www.farmaciasmedicity.com/oxa-solucion-inyectable-15mg-1-5ml-caja-3-unidades-1/p
Meloxicam,medicity,Mobic Comprimidos Caja Con 10 Unidades,MOBIC,0.7,0.78,/Medicina/Dolor y Malestar/|/Medicina/,https://www.farmaciasmedicity.com/mobic-comprimidos-caja-con-10-unidades/p
Meloxicam,medicity,Bienex Cápsula Líquida 15 mg Caja 20 Unidades,BIENEX,0.71,0.77,/Medicina/Dolor y Malestar/|/Medicina/,https://www.farmaciasmedicity.com/bienex-capsula-liquida-15-mg-caja-con-20-unidades/p
Meloxicam,medicity,Bienex Ibp Tabletas Recubiertas 20mg/15mg Caja 10 Unidades,BIENEX,1.34,1.49,/Medicina/Dolor y Malestar/|/Medicina/,https://www.farmaciasmedicity.com/bienex-ibp-tabletas-recubiertas-20mg-15mg-caja-10-unidades-1/p
Meloxicam,medicity,Dolo-Artrosamin Sobres 1500/15mg Caja 15 Unidades,DOLO-ARTROSAMIN,1.76,2.2,/Medicina/Dolor y Malestar/|/Medicina/,https://www.farmaciasmedicity.com/dolo-artrosamin-sobres-150015mg-caja-con-15-unidades/p
Meloxicam,cruzazul,Meloxicam 15mg labovida tableta,Meloxicam,6.2,7.75,/Medicinas/Musculoesqueléticos/|/Medicinas/,https://www.farmaciascruzazul.ec/meloxicam-15mg-labovida-tableta/p
Meloxicam,cruzazul,Meloxicam 15mg genamerica generico comprimidos,Meloxicam,5.2,5.2,/Medicinas/Musculoesqueléticos/|/Medicinas/,https://www.farmaciascruzazul.ec/meloxicam-15mg-genamerica-generico-comprimidos/p
Meloxicam,cruzazul,Meloxicam 15mg la sante tableta,Meloxicam,5.67,5.67,/Medicinas/Musculoesqueléticos/|/Medicinas/,https://www.farmaciascruzazul.ec/meloxicam-15mg-la-sante-tableta/p
Meloxicam,cruzazul,Meloxicam 15mg dyvenpro ecuagen tableta,Meloxicam,7.0,7.0,/Medicinas/Musculoesqueléticos/|/Medicinas/,https://www.farmaciascruzazul.ec/meloxicam-15mg-dyvenpro-ecuagen-tableta/p
Meloxicam,cruzazul,Meloxicam 7.5mg la sante tableta,Meloxicam,3.0,3.0,/Medicinas/Musculoesqueléticos/|/Medicinas/,https://www.farmaciascruzazul.ec/meloxicam-75mg-la-sante-tableta/p
Meloxicam,cruzazul,Meloxicam 15mg tecnoquimicas - genericos tableta,Meloxicam,4.04,4.04,/Medicinas/Musculoesqueléticos/|/Medicinas/,https://www.farmaciascruzazul.ec/meloxicam-15mg-tecnoquimicas-genericos-tableta/p
Meloxicam,cruzazul,Meloxicam 15mg leterago - genfar comprimidos,Meloxicam,4.54,4.54,/Medicinas/Musculoesqueléticos/|/Medicinas/,https://www.farmaciascruzazul.ec/meloxicam-15mg-leterago-genfar-comprimidos/p
Meloxicam,cruzazul,Meloxicam 15mg portugal - generico tabletas,Meloxicam,40.0,40.0,/Medicinas/Musculoesqueléticos/|/Medicinas/,https://www.farmaciascruzazul.ec/meloxicam-15mg-portugal-generico-tabletas/p
Meloxicam,cruzazul,Meloxicam 7.5mg tecnoquimicas - genericos tableta,Meloxicam,3.31,3.31,/Medicinas/Musculoesqueléticos/|/Medicinas/,https://www.farmaciascruzazul.ec/meloxicam-75mg-tecnoquimicas-genericos-tableta/p
Meloxicam,cruzazul,Meloxicam 15mg garcos - nifa genericos tableta,Meloxicam,6.0,6.0,/Medicinas/Musculoesqueléticos/|/Medicinas/,https://www.farmaciascruzazul.ec/meloxicam-15mg-garcos-nifa-genericos-tableta/p
Celecoxib,pharmacys,Celecoxib 200mg dyvenpro ecuagen cápsulas,Celecoxib,9.0,9.0,/Medicinas/Musculoesqueléticos/|/Medicinas/,https://www.pharmacys.com.ec/celecoxib-200mg-dyvenpro-ecuagen-capsulas/p
Celecoxib,pharmacys,Celecoxib 200mg portugal - generico cápsulas,Celecoxib,50.0,50.0,/Tratamientos y Salud/Salud de la Piel/Tratamientos para Acné/|/Tratamientos y Salud/Salud de la Piel/|/Tratamientos y Salud/,https://www.pharmacys.com.ec/celecoxib-200mg-portugal-generico-capsulas/p
Celecoxib,pharmacys,Celecoxib 200mg tecnoquimicas - genericos cápsulas,Celecoxib,7.4,7.4,/Medicinas/Musculoesqueléticos/|/Medicinas/,https://www.pharmacys.com.ec/bloqueador-hawaiian-tropic-sheer-touch-en-crema-fps-50-120-ml/p
Celecoxib,pharmacys,Celecoxib 200mg garcos - nifa genericos cápsulas,Celecoxib,8.4,8.4,/Medicinas/Musculoesqueléticos/|/Medicinas/,https://www.pharmacys.com.ec/celecoxib-200mg-garcos-nifa-genericos-capsulas/p
Celecoxib,pharmacys,Colcibra 200mg dyvenpro farma comercial 2 cápsulas,Colcibra,15.0,15.0,/Medicinas/Musculoesqueléticos/|/Medicinas/,https://www.pharmacys.com.ec/colcibra-200mg-dyvenpro-farma-comercial-2-capsulas/p
Celecoxib,pharmacys,Gesix 200mg ecuaquimica - saval cápsulas,Gesix,11.5,11.5,/Cuidado Personal/Protectores Solares/Protector Labial/|/Cuidado Personal/Protectores Solares/|/Cuidado Personal/,https://www.pharmacys.com.ec/gesix-200mg-ecuaquimica-saval-capsulas/p
Celecoxib,medicity,Celecoxib Nifa Cápsulas 200 mg Caja Con 10 Unidades,NIFA,0.77,0.84,/Medicina/Dolor y Malestar/|/Medicina/,https://www.farmaciasmedicity.com/celecoxib-nifa-capsulas-200-mg-caja-con-10-unidades/p
Celecoxib,medicity,Celebrex Cápsulas 200 mg Caja 30 Unidades,CELEBREX,1.63,1.77,/Medicina/Dolor y Malestar/|/Medicina/,https://www.farmaciasmedicity.com/celebrex-capsulas-200-mg-caja-con-30-unidades/p
Celecoxib,medicity,Celebrex Cápsulas 200 mg Caja Con 10 Unidades,CELEBREX,1.63,1.77,/Medicina/Dolor y Malestar/|/Medicina/,https://www.farmaciasmedicity.com/celebrex-capsulas-200-mg-caja-con-10-unidades/p
Celecoxib,cruzazul,Celecoxib 200mg dyvenpro ecuagen cápsulas,Celecoxib,9.0,9.0,/Medicinas/Musculoesqueléticos/|/Medicinas/,https://www.farmaciascruzazul.ec/celecoxib-200mg-dyvenpro-ecuagen-capsulas/p
Celecoxib,cruzazul,Celecoxib 200mg portugal - generico cápsulas,Celecoxib,50.0,50.0,/Tratamientos y Salud/Salud de la Piel/Tratamientos para Acné/|/Tratamientos y Salud/Salud de la Piel/|/Tratamientos y Salud/,https://www.farmaciascruzazul.ec/celecoxib-200mg-portugal-generico-capsulas/p
Celecoxib,cruzazul,Celecoxib 200mg tecnoquimicas - genericos cápsulas,Celecoxib,7.4,7.4,/Medicinas/Musculoesqueléticos/|/Medicinas/,https://www.farmaciascruzazul.ec/bloqueador-hawaiian-tropic-sheer-touch-en-crema-fps-50-120-ml/p
Celecoxib,cruzazul,Celecoxib 200mg garcos - nifa genericos cápsulas,Celecoxib,8.4,8.4,/Medicinas/Musculoesqueléticos/|/Medicinas/,https://www.farmaciascruzazul.ec/celecoxib-200mg-garcos-nifa-genericos-capsulas/p
Celecoxib,cruzazul,Colcibra 200mg dyvenpro farma comercial 2 cápsulas,Colcibra,15.0,15.0,/Medicinas/Musculoesqueléticos/|/Medicinas/,https://www.farmaciascruzazul.ec/colcibra-200mg-dyvenpro-farma-comercial-2-capsulas/p
Celecoxib,cruzazul,Gesix 200mg ecuaquimica - saval cápsulas,Gesix,11.5,11.5,/Cuidado Personal/Protectores Solares/Protector Labial/|/Cuidado Personal/Protectores Solares/|/Cuidado Personal/,https://www.farmaciascruzazul.ec/gesix-200mg-ecuaquimica-saval-capsulas/p
Etoricoxib,pharmacys,Etoricoxib 120mg tecnoquimicas - genericos tabletas cubiertas,Etoricoxib,11.4,11.4,/Medicinas/Musculoesqueléticos/|/Medicinas/,https://www.pharmacys.com.ec/etoricoxib-120mg-tecnoquimicas-genericos-tabletas-cubiertas/p
Etoricoxib,pharmacys,Etoricoxib 90mg tecnoquimicas - genericos tabletas cubiertas,Etoricoxib,15.2,15.2,/Medicinas/Musculoesqueléticos/|/Medicinas/,https://www.pharmacys.com.ec/etoricoxib-90mg-tecnoquimicas-genericos-tabletas-cubiertas/p
Etoricoxib,pharmacys,Etoricoxib 60mg tecnoquimicas - genericos tabletas cubiertas,Etoricoxib,14.4,14.4,/Medicinas/Musculoesqueléticos/|/Medicinas/,https://www.pharmacys.com.ec/etoricoxib-60mg-tecnoquimicas-genericos-tabletas-cubiertas/p
Etoricoxib,pharmacys,Doltrex 60mg dyvenpro farma comercial 1 comprimidos,Doltrex,16.6,16.6,/Medicinas/Musculoesqueléticos/|/Medicinas/,https://www.pharmacys.com.ec/doltrex-60mg-dyvenpro-farma-comercial-1-comprimidos/p
Etoricoxib,pharmacys,Doltrex 90mg dyvenpro farma comercial 1 comprimidos,Doltrex,17.76,17.76,/Medicinas/Aparato Cardiovascular/|/Medicinas/,https://www.pharmacys.com.ec/doltrex-90mg-dyvenpro-farma-comercial-1-comprimidos/p
Etoricoxib,pharmacys,Xumer 120mg quifatex dist medicamenta comprimidos recubiertos,Xumer,19.04,19.04,/Cuidado Personal/Protectores Solares/Protectores Solares Infantiles/|/Cuidado Personal/Protectores Solares/|/Cuidado Personal/,https://www.pharmacys.com.ec/xumer-120mg-quifatex-dist-medicamenta-comprimidos-recubiertos/p
Etoricoxib,pharmacys,Xumer 60mg quifatex dist medicamenta comprimidos recubiertos,Xumer,23.94,23.94,/Cuidado Personal/Protectores Solares/Protector Labial/|/Cuidado Personal/Protectores Solares/|/Cuidado Personal/,https://www.pharmacys.com.ec/xumer-60mg-quifatex-dist-medicamenta-comprimidos-recubiertos/p
Etoricoxib,pharmacys,Xumer 90mg quifatex dist medicamenta comprimidos recubiertos,Xumer,25.34,25.34,/Cuidado Personal/Baño y Cuidado Corporal/Cremas Corporales/|/Cuidado Personal/Baño y Cuidado Corporal/|/Cuidado Personal/,https://www.pharmacys.com.ec/xumer-90mg-quifatex-dist-medicamenta-comprimidos-recubiertos/p
Etoricoxib,pharmacys,Etoricox 90mg eurofarma marcas tableta,Etoricox,25.34,25.34,/Medicinas/Musculoesqueléticos/|/Medicinas/,https://www.pharmacys.com.ec/etoricox-90mg-eurofarma-marcas-tableta/p
Etoricoxib,pharmacys,Etoricox 120mg eurofarma marcas tableta,Etoricox,38.08,38.08,/Medicinas/Musculoesqueléticos/|/Medicinas/,https://www.pharmacys.com.ec/etoricox-120mg-eurofarma-marcas-tableta/p
Etoricoxib,medicity,Etoricoxib Mk Tabletas Recubiertas 120 mg Caja Con 7 Unidades,MK,1.5,1.63,/Medicina/Dolor y Malestar/|/Medicina/,https://www.farmaciasmedicity.com/etoricoxib-mk-tabletas-recubiertas-120-mg-caja-con-7-unidades/p
Etoricoxib,medicity,Xumer Comprimidos Recubiertos 120 mg Caja 7 Unidades,XUMER,2.07,2.72,/Medicina/Dolor y Malestar/|/Medicina/,https://www.farmaciasmedicity.com/xumer-comprimidos-recubiertos-120-mg-caja-con-7-unidades/p
Etoricoxib,medicity,Flogocox Comprimidos Recubiertos Caja 14 Unidades,FLOGOCOX,1.37,1.71,/Medicina/Dolor y Malestar/Antiinflamatorios/|/Medicina/Dolor y Malestar/|/Medicina/,https://www.farmaciasmedicity.com/flogocox-comprimidos-recubiertos-caja-con-14-unidades/p
Etoricoxib,medicity,Arcoxia Comprimidos Recubiertos Caja Con 28 Unidades,ARCOXIA,1.57,1.71,/Medicina/Dolor y Malestar/|/Medicina/,https://www.farmaciasmedicity.com/arcoxia-comprimidos-recubiertos-caja-con-28-unidades/p
Etoricoxib,medicity,Dolux Comprimidos Recubiertos Caja Con 10 Unidades,DOLUX,2.48,2.7,/Medicina/Dolor y Malestar/Antiinflamatorios/|/Medicina/Dolor y Malestar/|/Medicina/,https://www.farmaciasmedicity.com/dolux-comprimidos-recubiertos-caja-con-10-unidades/p
Etoricoxib,medicity,Flogocox Comprimidos Recubiertos 120 mg Caja 7 Unidades,FLOGOCOX,2.18,2.72,/Medicina/Dolor y Malestar/|/Medicina/,https://www.farmaciasmedicity.com/flogocox-comprimidos-recubiertos-120-mg-caja-con-7-unidades/p
Etoricoxib,medicity,Davintex Comprimidos 120 mg 10 Unidades,DAVINTEX,2.48,2.7,/Medicina/Dolor y Malestar/|/Medicina/,https://www.farmaciasmedicity.com/davintex-comprimidos-recubiertos-120-mg-caja-con-10-unidades/p
Etoricoxib,medicity,Davintex Comprimidos 10 Unidades,DAVINTEX,1.56,1.7,/Medicina/Dolor y Malestar/|/Medicina/,https://www.farmaciasmedicity.com/davintex-comprimidos-recubiertos-caja-con-10-unidades/p
Etoricoxib,medicity,Arcoxia Comprimido Recubierto 90 mg Caja 28 Unidades,ARCOXIA,1.45,1.81,/Medicina/Dolor y Malestar/|/Medicina/,https://www.farmaciasmedicity.com/arcoxia-comprimido-recubierto-caja-con-28-unidades/p
Etoricoxib,cruzazul,Etoricoxib 120mg tecnoquimicas - genericos tabletas cubiertas,Etoricoxib,11.4,11.4,/Medicinas/Musculoesqueléticos/|/Medicinas/,https://www.farmaciascruzazul.ec/etoricoxib-120mg-tecnoquimicas-genericos-tabletas-cubiertas/p
Etoricoxib,cruzazul,Etoricoxib 90mg tecnoquimicas - genericos tabletas cubiertas,Etoricoxib,15.2,15.2,/Medicinas/Musculoesqueléticos/|/Medicinas/,https://www.farmaciascruzazul.ec/etoricoxib-90mg-tecnoquimicas-genericos-tabletas-cubiertas/p
Etoricoxib,cruzazul,Etoricoxib 60mg tecnoquimicas - genericos tabletas cubiertas,Etoricoxib,14.4,14.4,/Medicinas/Musculoesqueléticos/|/Medicinas/,https://www.farmaciascruzazul.ec/etoricoxib-60mg-tecnoquimicas-genericos-tabletas-cubiertas/p
Etoricoxib,cruzazul,Doltrex 60mg dyvenpro farma comercial 1 comprimidos,Doltrex,16.6,16.6,/Medicinas/Musculoesqueléticos/|/Medicinas/,https://www.farmaciascruzazul.ec/doltrex-60mg-dyvenpro-farma-comercial-1-comprimidos/p
Etoricoxib,cruzazul,Doltrex 90mg dyvenpro farma comercial 1 comprimidos,Doltrex,17.76,17.76,/Medicinas/Aparato Cardiovascular/|/Medicinas/,https://www.farmaciascruzazul.ec/doltrex-90mg-dyvenpro-farma-comercial-1-comprimidos/p
Etoricoxib,cruzazul,Xumer 120mg quifatex dist medicamenta comprimidos recubiertos,Xumer,19.04,19.04,/Cuidado Personal/Protectores Solares/Protectores Solares Infantiles/|/Cuidado Personal/Protectores Solares/|/Cuidado Personal/,https://www.farmaciascruzazul.ec/xumer-120mg-quifatex-dist-medicamenta-comprimidos-recubiertos/p
Etoricoxib,cruzazul,Xumer 60mg quifatex dist medicamenta comprimidos recubiertos,Xumer,23.94,23.94,/Cuidado Personal/Protectores Solares/Protector Labial/|/Cuidado Personal/Protectores Solares/|/Cuidado Personal/,https://www.farmaciascruzazul.ec/xumer-60mg-quifatex-dist-medicamenta-comprimidos-recubiertos/p
Etoricoxib,cruzazul,Xumer 90mg quifatex dist medicamenta comprimidos recubiertos,Xumer,25.34,25.34,/Cuidado Personal/Baño y Cuidado Corporal/Cremas Corporales/|/Cuidado Personal/Baño y Cuidado Corporal/|/Cuidado Personal/,https://www.farmaciascruzazul.ec/xumer-90mg-quifatex-dist-medicamenta-comprimidos-recubiertos/p
Etoricoxib,cruzazul,Etoricox 90mg eurofarma marcas tableta,Etoricox,25.34,25.34,/Medicinas/Musculoesqueléticos/|/Medicinas/,https://www.farmaciascruzazul.ec/etoricox-90mg-eurofarma-marcas-tableta/p
Etoricoxib,cruzazul,Etoricox 120mg eurofarma marcas tableta,Etoricox,38.08,38.08,/Medicinas/Musculoesqueléticos/|/Medicinas/,https://www.farmaciascruzazul.ec/etoricox-120mg-eurofarma-marcas-tableta/p
Tramadol,pharmacys,Tramadol 50mg labvitalis,Tramadol,28.8,36.0,/Cuidado Personal/Protectores Solares/Protectores Solares Faciales/|/Cuidado Personal/Protectores Solares/|/Cuidado Personal/,https://www.pharmacys.com.ec/tramadol-50mg-labvitalis/p
Tramadol,pharmacys,Tramadol 100mg magma especialidad ampolla inyectable,Tramadol,14.97,14.97,/Medicinas/Sistema Nervioso/|/Medicinas/,https://www.pharmacys.com.ec/tramadol-100mg-fresenius-kabi-hospitalario-ampolla-inyectable/p
Tramadol,pharmacys,Tramadol 50mg leterago - genfar cápsulas,Tramadol,2.6,2.6,/Medicinas/Sistema Nervioso/|/Medicinas/,https://www.pharmacys.com.ec/tramadol-50mg-leterago-genfar-capsulas/p
Tramadol,pharmacys,Tramadol 100mg leterago - genfar solución oral,Tramadol,3.98,3.98,/Medicinas/Sistema Nervioso/|/Medicinas/,https://www.pharmacys.com.ec/tramadol-100mg-leterago-genfar-solucion-oral/p
Tramadol,pharmacys,Dolgenal duo 10/25mg quifatex dist medicamenta cápsulas rigidas de liberación controlada,Dolgenal Duo,10.0,10.0,/Cuidado Sexual/Anticonceptivos y Lubricantes/Preservativos/|/Cuidado Sexual/Anticonceptivos y Lubricantes/|/Cuidado Sexual/,https://www.pharmacys.com.ec/dolgenal-duo-10-25mg-quifatex-dist-medicamenta-capsulas-rigidas-de-liberacion-controlada/p
Tramadol,medicity,Tramadol Genfar Cápsulas 50 mg Caja Con 10 Unidades,GENFAR,0.21,0.26,/Medicina/Sistema Nervioso/|/Medicina/,https://www.farmaciasmedicity.com/tramadol-genfar-capsulas-50-mg-caja-con-10-unidades/p
Tramadol,medicity,Dolgenal Duo Cápsula Rígida 10/25mg Caja 10 Unidades,DOLGENAL,0.8,1.0,/Medicina/Dolor y Malestar/Dolor Muscular/|/Medicina/Dolor y Malestar/|/Medicina/,https://www.farmaciasmedicity.com/dolgenal-duo-capasula-rigida-1025-mg-caja-con-10-unidades/p
Tramadol,medicity,Tramal Long Tabletas Recubiertas 150 mg Liberación Prolongada 10 Unidades,TRAMAL,1.04,1.13,/Medicina/Sistema Nervioso/|/Medicina/,https://www.farmaciasmedicity.com/tramal-long-tabletas-recubiertas-150-mg-liberacion-prolongada-10-unidades/p
Tramadol,medicity,Tramal Gotas 100 mg / mL Con 10 mL,TRAMAL,5.52,6.0,/Medicina/Sistema Nervioso/|/Medicina/,https://www.farmaciasmedicity.com/tramal-gotas-100-mg--ml-con-10-ml/p
Tramadol,medicity,Adorlan Comprimidos 25 / 25 mg Caja con 30 Unidades,ADORLAN,0.33,0.36,/Medicina/Sistema Nervioso/|/Medicina/,https://www.farmaciasmedicity.com/adorlan-comprimidos-25--25-mg-caja-con-30-unidades/p
Tramadol,medicity,Altrom Advance Cápsulas 10/25 mg Caja 10 Unidades,ALTROM,0.66,0.8,/Medicina/Sistema Nervioso/|/Medicina/,https://www.farmaciasmedicity.com/altrom-advance-capsulas-1025-mg-caja-con-10-unidades/p
Tramadol,medicity,Tramal Long Tabletas Recubiertas 50 mg Liberación Prolongada 10 Unidades,TRAMAL,0.36,0.39,/Medicina/Sistema Nervioso/|/Medicina/,https://www.farmaciasmedicity.com/tramal-long-tabletas-recubiertas-50-mg-liberacion-prolongada-10-unidades/p
Tramadol,medicity,Analgan Tram Comprimidos 325/37.5 mg Caja con 20 Unidades,ANALGAN,0.39,0.42,/Medicina/Sistema Nervioso/|/Medicina/,https://www.farmaciasmedicity.com/analgan-tram-comprimidos-325375-mg-caja-con-20-unidades/p
Metamizol sodico,medicity,Novalgina Jarabe 250mg/5ml - 100ml,NOVALGINA,4.6,5.0,/Medicina/Sistema Nervioso/|/Medicina/,https://www.farmaciasmedicity.com/novalgina-jarabe-250mg-5ml-100ml-1/p
Piroxicam,pharmacys,Piroxicam 20mg leterago - genfar cápsulas,Piroxicam,1.25,1.25,/Medicinas/Musculoesqueléticos/|/Medicinas/,https://www.pharmacys.com.ec/piroxicam-20mg-leterago-genfar-capsulas/p
Piroxicam,pharmacys,Piroxicam 20mg tecnoquimicas - genericos cápsulas,Piroxicam,1.25,1.25,/Medicinas/Musculoesqueléticos/|/Medicinas/,https://www.pharmacys.com.ec/piroxicam-20mg-tecnoquimicas-genericos-capsulas/p
Piroxicam,pharmacys,"Analgésico piroxicam 0,5 % gel 40 g",Piroxicam,3.46,3.46,/Tratamientos y Salud/Alivio del Dolor/Dolor Articular y Muscular/|/Tratamientos y Salud/Alivio del Dolor/|/Tratamientos y Salud/,https://www.pharmacys.com.ec/analgesico-piroxicam-05-gel-40-g/p
Piroxicam,pharmacys,Piroxim 20mg ecu tableta,Piroxim,2.88,2.88,/Medicinas/Musculoesqueléticos/|/Medicinas/,https://www.pharmacys.com.ec/piroxim-20mg-ecu-tableta/p
Piroxicam,cruzazul,Piroxicam 20mg leterago - genfar cápsulas,Piroxicam,1.25,1.25,/Medicinas/Musculoesqueléticos/|/Medicinas/,https://www.farmaciascruzazul.ec/piroxicam-20mg-leterago-genfar-capsulas/p
Piroxicam,cruzazul,Piroxicam 20mg tecnoquimicas - genericos cápsulas,Piroxicam,1.25,1.25,/Medicinas/Musculoesqueléticos/|/Medicinas/,https://www.farmaciascruzazul.ec/piroxicam-20mg-tecnoquimicas-genericos-capsulas/p
Piroxicam,cruzazul,"Analgésico piroxicam 0,5 % gel 40 g",Piroxicam,2.77,3.46,/Tratamientos y Salud/Alivio del Dolor/Dolor Articular y Muscular/|/Tratamientos y Salud/Alivio del Dolor/|/Tratamientos y Salud/,https://www.farmaciascruzazul.ec/analgesico-piroxicam-05-gel-40-g/p
Piroxicam,cruzazul,Piroxim 20mg ecu tableta,Piroxim,2.88,2.88,/Medicinas/Musculoesqueléticos/|/Medicinas/,https://www.farmaciascruzazul.ec/piroxim-20mg-ecu-tableta/p
Dexketoprofeno,pharmacys,Merlix 25mg leterago - unipharm tableta,Merlix,8.8,8.8,/Medicinas/Sistema Nervioso/|/Medicinas/,https://www.pharmacys.com.ec/merlix-25mg-leterago-unipharm-tableta/p
Dexketoprofeno,cruzazul,Merlix 25mg leterago - unipharm tableta,Merlix,7.04,8.8,/Medicinas/Sistema Nervioso/|/Medicinas/,https://www.farmaciascruzazul.ec/merlix-25mg-leterago-unipharm-tableta/p
Indometacina,medicity,Elmetacin Solución Tópica 1% Frasco Con 50 mL,ELMETACIN,11.1,13.87,/Medicina/Dolor y Malestar/|/Medicina/,https://www.farmaciasmedicity.com/elmetacin-solucion-topica-1-frasco-con-50-ml/p
Etinilestradiol/Levonorgestrel,medicity,Microgynon Grageas 0.15/0.03mg Caja 21 Unidades,MICROGYNON,2.98,3.24,/Salud Sexual/Anticonceptivos/|/Salud Sexual/,https://www.farmaciasmedicity.com/microgynon-grageas-015003-mg-caja-con-21-unidades/p
Etinilestradiol/Levonorgestrel,medicity,Anulette Comprimidos Recubiertos 0.15/0.03mg Caja 21 Unidades,ANULETTE,2.18,2.37,/Salud Sexual/Anticonceptivos/|/Salud Sexual/,https://www.farmaciasmedicity.com/anulette-comprimidos-recubiertos-015--003-mg-caja-con-21-unidades/p
Etinilestradiol/Levonorgestrel,medicity,Microgynon CD Grageas 0.15/0.03 mg Caja 28 Unidades,MICROGYNON,3.03,3.29,/Salud Sexual/Anticonceptivos/|/Salud Sexual/,https://www.farmaciasmedicity.com/microgynon-cd-grageas-015003-mg-caja-con-28-unidades/p
Etinilestradiol/Levonorgestrel trifasico,medicity,Microgynon Grageas 0.15/0.03mg Caja 21 Unidades,MICROGYNON,2.98,3.24,/Salud Sexual/Anticonceptivos/|/Salud Sexual/,https://www.farmaciasmedicity.com/microgynon-grageas-015003-mg-caja-con-21-unidades/p
Etinilestradiol/Levonorgestrel trifasico,medicity,Anulette Comprimidos Recubiertos 0.15/0.03mg Caja 21 Unidades,ANULETTE,2.18,2.37,/Salud Sexual/Anticonceptivos/|/Salud Sexual/,https://www.farmaciasmedicity.com/anulette-comprimidos-recubiertos-015--003-mg-caja-con-21-unidades/p
Etinilestradiol/Levonorgestrel trifasico,medicity,Microgynon CD Grageas 0.15/0.03 mg Caja 28 Unidades,MICROGYNON,3.03,3.29,/Salud Sexual/Anticonceptivos/|/Salud Sexual/,https://www.farmaciasmedicity.com/microgynon-cd-grageas-015003-mg-caja-con-28-unidades/p
Etinilestradiol/Drospirenona,pharmacys,Nadine Com-Rec x3/0.03mg x21,Prudence,3.09,3.09,/Cuidado Sexual/Anticonceptivos y Lubricantes/|/Cuidado Sexual/,https://www.pharmacys.com.ec/nadine-com-rec-x3-0-03mg-x21/p
Etinilestradiol/Drospirenona,medicity,Mesames Comprimidos Recubiertos 3/0.03 mg Caja con 28 Unidades,MESAMES,9.24,10.04,/Salud Sexual/Anticonceptivos/|/Salud Sexual/,https://www.farmaciasmedicity.com/mesames-comprimidos-recubiertos-3003-mg-caja-con-28-unidades/p
Etinilestradiol/Drospirenona,medicity,Jolian Comprimidos Recubierto 3/0.02mg Caja 24+4 Unidades,JOLIAN,15.47,16.82,/Salud Sexual/Anticonceptivos/|/Salud Sexual/,https://www.farmaciasmedicity.com/jolian-comprimidos-recubierto-3-0-02mg-caja-24-4-unidades-1/p
Etinilestradiol/Drospirenona,cruzazul,Nadine Com-Rec x3/0.03mg x21,Prudence,3.09,3.09,/Cuidado Sexual/Anticonceptivos y Lubricantes/|/Cuidado Sexual/,https://www.farmaciascruzazul.ec/nadine-com-rec-x3-0-03mg-x21/p
Etinilestradiol/Ciproterona,medicity,Dixi Suave 30 Tableta Recubierta 2mg/30mcg Caja 28 Unidades,DIXI,8.15,8.86,/Salud Sexual/Anticonceptivos/|/Salud Sexual/,https://www.farmaciasmedicity.com/dixi-suave-30-tableta-recubierta-2-mg--30-mcg-caja-con-28-unidades/p
Etinilestradiol/Ciproterona,medicity,Mileva 35 Comprimidos Recubiertos 2/0.035 mg Caja con 21 Unidades,MILEVA,5.95,7.44,/Salud Sexual/Anticonceptivos/|/Salud Sexual/,https://www.farmaciasmedicity.com/mileva-35-comprimidos-recubiertos-20035-mg-caja-con-21-unidades/p
Etinilestradiol/Ciproterona,medicity,Dixi 35 Tabletas Recubiertas 2/0.035 mg Caja con 21 Unidades,DIXI,7.84,8.52,/Salud Sexual/Anticonceptivos/|/Salud Sexual/,https://www.farmaciasmedicity.com/dixi-35-tabletas-recubiertas-20035-mg-caja-con-21-unidades/p
Etinilestradiol/Clormadinona,pharmacys,Brunelle 2/0.03mg quifatex dist medicamenta comprimido recubierto,Brunelle,9.84,9.84,/Cuidado Sexual/Anticonceptivos y Lubricantes/Anticonceptivos Femeninos/|/Cuidado Sexual/Anticonceptivos y Lubricantes/|/Cuidado Sexual/,https://www.pharmacys.com.ec/brunelle-2-003mg-quifatex-dist-medicamenta-comprimido-recubierto/p
Etinilestradiol/Clormadinona,medicity,Viora 20 Comprimidos Recubiertos 2/0.02 mg Caja 28 Unidades,VIORA,6.79,7.38,/Salud Sexual/Anticonceptivos/|/Salud Sexual/,https://www.farmaciasmedicity.com/viora-20-comprimidos-recubiertos-2002-mg-caja-con-28-unidades/p
Etinilestradiol/Clormadinona,medicity,Brunelle Comprimidos Recubiertos 2/0.03 mg Caja 21 Unidades,BRUNELLE,7.87,9.84,/Salud Sexual/Anticonceptivos/|/Salud Sexual/,https://www.farmaciasmedicity.com/brunelle-comprimidos-recubiertos-2--003-mg-cajas-con-21-unidades/p
Etinilestradiol/Clormadinona,cruzazul,Brunelle 2/0.03mg quifatex dist medicamenta comprimido recubierto,Brunelle,9.84,9.84,/Cuidado Sexual/Anticonceptivos y Lubricantes/Anticonceptivos Femeninos/|/Cuidado Sexual/Anticonceptivos y Lubricantes/|/Cuidado Sexual/,https://www.farmaciascruzazul.ec/brunelle-2-003mg-quifatex-dist-medicamenta-comprimido-recubierto/p
Desogestrel,pharmacys,Tejania 0.075mg gedeonrichter tableta,Tejania,4.95,4.95,/Medicinas/Genitourinario y Hormonas Sexuales/|/Medicinas/,https://www.pharmacys.com.ec/tejania-0075mg-gedeonrichter-tableta/p
Desogestrel,medicity,Tejania Comprimidos Recubiertos 0.075 mg Caja 28 Unidades,TEJANIA,4.55,4.95,/Salud Sexual/Anticonceptivos/|/Salud Sexual/,https://www.farmaciasmedicity.com/tejania-comprimidos-recubiertos-0075-mg-caja-con-28-unidades/p
Desogestrel,cruzazul,Tejania 0.075mg gedeonrichter tableta,Tejania,4.95,4.95,/Medicinas/Genitourinario y Hormonas Sexuales/|/Medicinas/,https://www.farmaciascruzazul.ec/tejania-0075mg-gedeonrichter-tableta/p
Levonorgestrel emergencia,pharmacys,Damicocyn Tab x1.5mg x1,Damicocyn,6.89,6.89,/Tratamientos y Salud/,https://www.pharmacys.com.ec/damicocyn-15mg-alianza-bonapharm/p
Levonorgestrel emergencia,pharmacys,Escapel comprimidos,Escapel,7.5,7.5,/Cuidado Sexual/Anticonceptivos y Lubricantes/Preservativos/|/Cuidado Sexual/Anticonceptivos y Lubricantes/|/Cuidado Sexual/,https://www.pharmacys.com.ec/escapel-comprimidos/p
Levonorgestrel emergencia,medicity,Tace 1 Tableta 1.5 mg  1 Unidad,TACE,6.03,7.94,/Salud Sexual/Anticonceptivos/|/Salud Sexual/,https://www.farmaciasmedicity.com/tace-1-15mg-caja-con-1-tabletas/p
Levonorgestrel emergencia,cruzazul,Damicocyn Tab x1.5mg x1,Damicocyn,6.89,6.89,/Tratamientos y Salud/,https://www.farmaciascruzazul.ec/damicocyn-15mg-alianza-bonapharm/p
Levonorgestrel emergencia,cruzazul,Escapel comprimidos,Escapel,7.5,7.5,/Cuidado Sexual/Anticonceptivos y Lubricantes/Preservativos/|/Cuidado Sexual/Anticonceptivos y Lubricantes/|/Cuidado Sexual/,https://www.farmaciascruzazul.ec/escapel-comprimidos/p
Medroxiprogesterona,medicity,Provera Tabletas 10 mg Caja 10 Unidades,PROVERA,0.31,0.37,/Medicina/Salud Femenina/|/Medicina/,https://www.farmaciasmedicity.com/provera-tabletas-10-mg-caja-con-10-unidades/p
Medroxiprogesterona,medicity,Cyclofemina Suspensión Inyectable 25/5mg Prellenado 0.5 ml,CYCLOFEMINA,7.73,8.4,/Salud Sexual/Anticonceptivos/|/Salud Sexual/,https://www.farmaciasmedicity.com/cyclofemina-suspension-inyectable-25--5-mg-prellenado-05-ml/p
Estradiol/Medroxiprogesterona,medicity,Cyclofemina Suspensión Inyectable 25/5mg Prellenado 0.5 ml,CYCLOFEMINA,7.73,8.4,/Salud Sexual/Anticonceptivos/|/Salud Sexual/,https://www.farmaciasmedicity.com/cyclofemina-suspension-inyectable-25--5-mg-prellenado-05-ml/p
Etonogestrel,pharmacys,Implanon 68mg organon,Implanon,60.55,60.55,/Medicinas/Genitourinario y Hormonas Sexuales/|/Medicinas/,https://www.pharmacys.com.ec/implanon-68mg-organon/p
Etonogestrel,medicity,Implanon Nxt Implante 68 mg 1 Unidad,IMPLANON NXT,60.55,60.55,/Salud Sexual/Anticonceptivos/|/Salud Sexual/,https://www.farmaciasmedicity.com/implanon-nxt-implante-68-mg-1-unidad/p
Etonogestrel,cruzazul,Implanon 68mg organon,Implanon,60.55,60.55,/Medicinas/Genitourinario y Hormonas Sexuales/|/Medicinas/,https://www.farmaciascruzazul.ec/implanon-68mg-organon/p
Etinilestradiol/Norelgestromina,medicity,Evra Parch Tran Caja con 3 Unidades,EVRA,17.39,18.9,/Salud Sexual/Anticonceptivos/|/Salud Sexual/,https://www.farmaciasmedicity.com/evra-parch-tran-caja-con-3-unidades/p
Omeprazol,pharmacys,Omeprazol 20mg labovida cápsulas,Omeprazol,10.35,10.35,/Medicinas/Aparato Metabólico y Digestivo/|/Medicinas/,https://www.pharmacys.com.ec/omeprazol-20mg-labovida-capsulas/p
Omeprazol,pharmacys,Omeprazol 20mg rocnarf cápsulas,Omeprazol,8.16,8.16,/Medicinas/Sistema Nervioso/|/Medicinas/,https://www.pharmacys.com.ec/omeprazol-20mg-rocnarf-generico-capsulas/p
Omeprazol,pharmacys,Omeprazol 40mg farmanacion cápsulas,Omeprazol,10.25,10.25,/Medicinas/Aparato Metabólico y Digestivo/|/Medicinas/,https://www.pharmacys.com.ec/omeprazol-40mg-farmanacion-capsulas/p
Omeprazol,pharmacys,Omeprazol 40mg rocnarf cápsulas,Omeprazol,11.52,11.52,/Cuidado Personal/Sólo para Mamá/Lactancia Materna/|/Cuidado Personal/Sólo para Mamá/|/Cuidado Personal/,https://www.pharmacys.com.ec/omeprazol-40mg-rocnarf-generico-capsulas/p
Omeprazol,pharmacys,Omeprazol 40mg labovida cápsulas,Omeprazol,10.25,10.25,/Medicinas/Aparato Metabólico y Digestivo/|/Medicinas/,https://www.pharmacys.com.ec/omeprazol-40mg-labovida-capsulas/p
Omeprazol,pharmacys,Omeprazol 40mg dyvenpro ecuagen cápsulas,Omeprazol,6.4,6.4,/Medicinas/Aparato Metabólico y Digestivo/|/Medicinas/,https://www.pharmacys.com.ec/omeprazol-40mg-dyvenpro-ecuagen-capsulas/p
Omeprazol,pharmacys,Omeprazol 40mg genamerica generico cápsulas,Omeprazol,8.96,8.96,/Medicinas/Aparato Metabólico y Digestivo/|/Medicinas/,https://www.pharmacys.com.ec/omeprazol-40mg-genamerica-generico-capsulas/p
Omeprazol,pharmacys,Omeprazol 20mg la sante cápsulas,Omeprazol,4.38,4.38,/Medicinas/Aparato Metabólico y Digestivo/|/Medicinas/,https://www.pharmacys.com.ec/omeprazol-20mg-la-sante-capsulas/p
Omeprazol,pharmacys,Omeprazol 40mg la sante cápsulas,Omeprazol,19.2,19.2,/Medicinas/Aparato Metabólico y Digestivo/|/Medicinas/,https://www.pharmacys.com.ec/omeprazol-40mg-la-sante-capsulas/p
Omeprazol,pharmacys,Omeprazol 20mg genamerica generico cápsulas,Omeprazol,6.16,6.16,/Medicinas/Aparato Metabólico y Digestivo/|/Medicinas/,https://www.pharmacys.com.ec/omeprazol-20mg-genamerica-generico-capsulas/p
Omeprazol,medicity,Genamerica Omeprazol Cápsulas Caja 14 Unidades,GENAMERICA,0.4,0.44,/Medicina/Sistema Digestivo/|/Medicina/,https://www.farmaciasmedicity.com/omeprazol-genamerica-capsulas-caja-con-14-unidades/p
Omeprazol,medicity,Omeprazol Vitalis Polvo Inyectable 40mg Caja 10 Unidades,VITALIS,2.37,3.12,/Medicina/Sistema Digestivo/|/Medicina/,https://www.farmaciasmedicity.com/omeprazol-vitalis-polvo-inyectable-40mg-caja-10-unidades-1/p
Omeprazol,medicity,Nifa Omeprazol Cápsulas 40 mg Caja 30 Unidades,NIFA,0.59,0.64,/Medicina/Sistema Digestivo/|/Medicina/,https://www.farmaciasmedicity.com/nifa-omeprazol-capsulas-40-mg-caja-30-unidades-1/p
Omeprazol,medicity,Omeprazol Genfar Cápsulas 20 mg Caja 10 Unidades,GENFAR,0.37,0.4,/Medicina/Sistema Digestivo/|/Medicina/,https://www.farmaciasmedicity.com/omeprazol-genfar-capsulas-20-mg-caja-con-10-unidades/p
Omeprazol,medicity,Omeprazol Santé Cápsulas 20 mg Caja Con 16 Unidades,LA SANTE,0.25,0.27,/Medicina/Sistema Digestivo/|/Medicina/,https://www.farmaciasmedicity.com/omeprazol-sante-capsulas-20-mg-caja-con-16-unidades/p
Omeprazol,medicity,Omeprazol Santé Cápsulas 40 mg Liberación Retardante Caja con 30 Unidades,LA SANTE,0.59,0.64,/Medicina/Sistema Digestivo/|/Medicina/,https://www.farmaciasmedicity.com/omeprazol-sante-capsulas-40-mg-liberacion-retardante-caja-con-30-unidades/p
Omeprazol,medicity,Ulcozol Rapid Cápsulas 20 mg/1.1 g Caja Con 28 Unidades,ULCOZOL RAPID,0.74,0.85,/Medicina/Sistema Digestivo/|/Medicina/,https://www.farmaciasmedicity.com/ulcozol-rapid-capsulas-20-mg11-g-caja-con-28-unidades/p
Omeprazol,medicity,Ulcozol Rapid Polvo Suspensión Sobre 5 g Caja Con 30 Unidades,ULCOZOL RAPID,1.74,2.0,/Medicina/Sistema Digestivo/|/Medicina/,https://www.farmaciasmedicity.com/ulcozol-rapid-polvo-suspension-sobre-5-g-caja-con-30-unidades/p
Omeprazol,medicity,Esomeprazol Santé Tabletas Recubiertas Caja Con 14 Unidades,LA SANTE,0.52,0.56,/Medicina/Sistema Digestivo/|/Medicina/,https://www.farmaciasmedicity.com/esomeprazol-sante-tabletas-recubiertas-caja-con-14-unidades/p
Omeprazol,medicity,Inprogast Cápsulas 40 mg Caja con 14 Unidades,INPROGAST,0.74,1.03,/Medicina/Sistema Digestivo/|/Medicina/,https://www.farmaciasmedicity.com/inprogast-capsulas-40-mg-caja-con-14-unidades/p
Omeprazol,cruzazul,Omeprazol 20mg labovida cápsulas,Omeprazol,10.35,10.35,/Medicinas/Aparato Metabólico y Digestivo/|/Medicinas/,https://www.farmaciascruzazul.ec/omeprazol-20mg-labovida-capsulas/p
Omeprazol,cruzazul,Omeprazol 20mg rocnarf cápsulas,Omeprazol,8.16,8.16,/Medicinas/Sistema Nervioso/|/Medicinas/,https://www.farmaciascruzazul.ec/omeprazol-20mg-rocnarf-generico-capsulas/p
Omeprazol,cruzazul,Omeprazol 40mg farmanacion cápsulas,Omeprazol,10.25,10.25,/Medicinas/Aparato Metabólico y Digestivo/|/Medicinas/,https://www.farmaciascruzazul.ec/omeprazol-40mg-farmanacion-capsulas/p
Omeprazol,cruzazul,Omeprazol 40mg rocnarf cápsulas,Omeprazol,11.52,11.52,/Cuidado Personal/Sólo para Mamá/Lactancia Materna/|/Cuidado Personal/Sólo para Mamá/|/Cuidado Personal/,https://www.farmaciascruzazul.ec/omeprazol-40mg-rocnarf-generico-capsulas/p
Omeprazol,cruzazul,Omeprazol 40mg labovida cápsulas,Omeprazol,10.25,10.25,/Medicinas/Aparato Metabólico y Digestivo/|/Medicinas/,https://www.farmaciascruzazul.ec/omeprazol-40mg-labovida-capsulas/p
Omeprazol,cruzazul,Omeprazol 40mg la sante cápsulas,Omeprazol,19.2,19.2,/Medicinas/Aparato Metabólico y Digestivo/|/Medicinas/,https://www.farmaciascruzazul.ec/omeprazol-40mg-la-sante-capsulas/p
Omeprazol,cruzazul,Omeprazol 20mg genamerica generico cápsulas,Omeprazol,6.16,6.16,/Medicinas/Aparato Metabólico y Digestivo/|/Medicinas/,https://www.farmaciascruzazul.ec/omeprazol-20mg-genamerica-generico-capsulas/p
Omeprazol,cruzazul,Omeprazol 40mg dyvenpro ecuagen cápsulas,Omeprazol,6.4,6.4,/Medicinas/Aparato Metabólico y Digestivo/|/Medicinas/,https://www.farmaciascruzazul.ec/omeprazol-40mg-dyvenpro-ecuagen-capsulas/p
Omeprazol,cruzazul,Omeprazol 40mg genamerica generico cápsulas,Omeprazol,8.96,8.96,/Medicinas/Aparato Metabólico y Digestivo/|/Medicinas/,https://www.farmaciascruzazul.ec/omeprazol-40mg-genamerica-generico-capsulas/p
Omeprazol,cruzazul,Omeprazol 20mg la sante cápsulas,Omeprazol,4.38,4.38,/Medicinas/Aparato Metabólico y Digestivo/|/Medicinas/,https://www.farmaciascruzazul.ec/omeprazol-20mg-la-sante-capsulas/p
Esomeprazol,pharmacys,Esomeprazol 40mg labovida cápsulas,Esomeprazol,11.25,11.25,/Medicinas/Aparato Metabólico y Digestivo/|/Medicinas/,https://www.pharmacys.com.ec/esomeprazol-40mg-labovida-capsulas/p
Esomeprazol,pharmacys,Esomeprazol 20mg labovida cápsulas,Esomeprazol,7.0,7.0,/Medicinas/Aparato Metabólico y Digestivo/|/Medicinas/,https://www.pharmacys.com.ec/esomeprazol-capx20mgx14-vida/p
Esomeprazol,pharmacys,Esomeprazol 20mg labovida cápsulas,Esomeprazol,13.75,13.75,/Medicinas/Aparato Metabólico y Digestivo/|/Medicinas/,https://www.pharmacys.com.ec/esomeprazol-capx20mgx30-vida/p
Esomeprazol,pharmacys,Esomeprazol 20mg la sante tableta,Esomeprazol,7.84,7.84,/Medicinas/Aparato Metabólico y Digestivo/|/Medicinas/,https://www.pharmacys.com.ec/esomeprazol-20mg-la-sante-tableta/p
Esomeprazol,pharmacys,Esomeprazol 40mg la sante tableta,Esomeprazol,13.5,13.5,/Medicinas/Aparato Metabólico y Digestivo/|/Medicinas/,https://www.pharmacys.com.ec/esomeprazol-40mg-la-sante-tableta/p
Esomeprazol,pharmacys,Esomeprazol 20mg tecnoquimicas - genericos tableta,Esomeprazol,6.32,6.32,/Medicinas/Aparato Metabólico y Digestivo/|/Medicinas/,https://www.pharmacys.com.ec/esomeprazol-20mg-tecnoquimicas-genericos-tableta/p
Esomeprazol,pharmacys,Ocam 7.5/20mg leterago - sanfer tableta,Ocam,10.92,10.92,/Medicinas/Musculoesqueléticos/|/Medicinas/,https://www.pharmacys.com.ec/ocam-75-20mg-leterago-sanfer-tableta/p
Esomeprazol,pharmacys,Esoz 40mg leterago - sanfer tabletas recubiertas,Esoz,49.75,49.75,/Medicinas/Aparato Metabólico y Digestivo/|/Medicinas/,https://www.pharmacys.com.ec/esoz-40mg-leterago-sanfer-tabletas-recubiertas/p
Esomeprazol,pharmacys,Ezolium 40mg leterago - procaps cápsulas,Ezolium,40.0,40.0,/Medicinas/Aparato Metabólico y Digestivo/|/Medicinas/,https://www.pharmacys.com.ec/crema-para-peinar-savital-multioleo-y-sabila-275ml/p
Esomeprazol,pharmacys,Ezolium 20mg leterago - procaps cápsulas,Ezolium,26.0,26.0,/Medicinas/Aparato Metabólico y Digestivo/|/Medicinas/,https://www.pharmacys.com.ec/acondicionador-pantene-bambu-400ml/p
Esomeprazol,medicity,Esomeprazol Santé Tabletas Recubiertas Caja Con 14 Unidades,LA SANTE,0.52,0.56,/Medicina/Sistema Digestivo/|/Medicina/,https://www.farmaciasmedicity.com/esomeprazol-sante-tabletas-recubiertas-caja-con-14-unidades/p
Esomeprazol,medicity,Biped Rapid Cápsulas 40mg Caja 20 Unidades,BIPET,1.74,2.0,/Medicina/Sistema Digestivo/|/Medicina/,https://www.farmaciasmedicity.com/biped-rapid-capsulas-40mg-caja-20-unidades-1/p
Esomeprazol,medicity,Nexium Tabletas Recubiertas Caja Con 14 Unidades,NEXIUM,1.07,1.34,/Medicina/Sistema Digestivo/Antiácidos/|/Medicina/Sistema Digestivo/|/Medicina/,https://www.farmaciasmedicity.com/nexium-tabletas-recubiertas-caja-con-14-unidades/p
Esomeprazol,medicity,Trigastro Nc Pack Caja 1 Unidades (Ant) (REC),TRIGASTRO,36.0,45.0,/Medicina/Sistema Digestivo/|/Medicina/,https://www.farmaciasmedicity.com/trigastro-nc-pack-caja-1-unidades-ant-1/p
Esomeprazol,medicity,Ezolium Cápsula 40 mg Caja 20 Unidades,EZOLIUM,1.6,2.0,/Medicina/Sistema Digestivo/|/Medicina/,https://www.farmaciasmedicity.com/ezolium-capsula-40-mg-caja-20-unidades-1/p
Esomeprazol,medicity,Bienex Ibp Tabletas Recubiertas 20mg/15mg Caja 10 Unidades,BIENEX,1.34,1.49,/Medicina/Dolor y Malestar/|/Medicina/,https://www.farmaciasmedicity.com/bienex-ibp-tabletas-recubiertas-20mg-15mg-caja-10-unidades-1/p
Esomeprazol,medicity,Ezolium Cápsula 20 mg Caja 20 Unidades,EZOLIUM,1.04,1.3,/Medicina/Sistema Digestivo/|/Medicina/,https://www.farmaciasmedicity.com/ezolium-capsula-20-mg-caja-20-unidades-1/p
Esomeprazol,medicity,Bipetol Cápsulas Caja Con 14 Unidades,BIPETOL,1.15,1.25,/Medicina/Sistema Digestivo/Antiácidos/|/Medicina/Sistema Digestivo/|/Medicina/,https://www.farmaciasmedicity.com/bipetol-capsulas-caja-con-14-unidades/p
Esomeprazol,medicity,Enterogermina Suspensión 2 Millardos/5ml Frascos 10 Unidades,ENTEROGERMINA,1.61,1.75,/Medicina/Sistema Digestivo/Probióticos/|/Medicina/Sistema Digestivo/|/Medicina/,https://www.farmaciasmedicity.com/enterogermina-suspension-2-millardos-5ml-frascos-10-unidades/p
Esomeprazol,medicity,Enterogermina Infantil Probióticos Suspensión Oral en Gotas 8 ml,ENTEROGERMINA,23.88,25.96,/Cuidado Infantil y Mamá/Cuidado Infantil/Probióticos Infantiles/|/Cuidado Infantil y Mamá/Cuidado Infantil/|/Cuidado Infantil y Mamá/,https://www.farmaciasmedicity.com/enterogermina-infantil-probioticos-suspension-oral-en-gotas-8-ml/p
Esomeprazol,cruzazul,Esomeprazol 40mg labovida cápsulas,Esomeprazol,11.25,11.25,/Medicinas/Aparato Metabólico y Digestivo/|/Medicinas/,https://www.farmaciascruzazul.ec/esomeprazol-40mg-labovida-capsulas/p
Esomeprazol,cruzazul,Esomeprazol 20mg labovida cápsulas,Esomeprazol,7.0,7.0,/Medicinas/Aparato Metabólico y Digestivo/|/Medicinas/,https://www.farmaciascruzazul.ec/esomeprazol-capx20mgx14-vida/p
Esomeprazol,cruzazul,Esomeprazol 20mg labovida cápsulas,Esomeprazol,13.75,13.75,/Medicinas/Aparato Metabólico y Digestivo/|/Medicinas/,https://www.farmaciascruzazul.ec/esomeprazol-capx20mgx30-vida/p
Esomeprazol,cruzazul,Esomeprazol 40mg la sante tableta,Esomeprazol,13.5,13.5,/Medicinas/Aparato Metabólico y Digestivo/|/Medicinas/,https://www.farmaciascruzazul.ec/esomeprazol-40mg-la-sante-tableta/p
Esomeprazol,cruzazul,Esomeprazol 20mg la sante tableta,Esomeprazol,7.84,7.84,/Medicinas/Aparato Metabólico y Digestivo/|/Medicinas/,https://www.farmaciascruzazul.ec/esomeprazol-20mg-la-sante-tableta/p
Esomeprazol,cruzazul,Esomeprazol 20mg tecnoquimicas - genericos tableta,Esomeprazol,6.32,6.32,/Medicinas/Aparato Metabólico y Digestivo/|/Medicinas/,https://www.farmaciascruzazul.ec/esomeprazol-20mg-tecnoquimicas-genericos-tableta/p
Esomeprazol,cruzazul,Ocam 7.5/20mg leterago - sanfer tableta,Ocam,10.92,10.92,/Medicinas/Musculoesqueléticos/|/Medicinas/,https://www.farmaciascruzazul.ec/ocam-75-20mg-leterago-sanfer-tableta/p
Esomeprazol,cruzazul,Esoz 40mg leterago - sanfer tabletas recubiertas,Esoz,49.75,49.75,/Medicinas/Aparato Metabólico y Digestivo/|/Medicinas/,https://www.farmaciascruzazul.ec/esoz-40mg-leterago-sanfer-tabletas-recubiertas/p
Esomeprazol,cruzazul,Ezolium 40mg leterago - procaps cápsulas,Ezolium,40.0,40.0,/Medicinas/Aparato Metabólico y Digestivo/|/Medicinas/,https://www.farmaciascruzazul.ec/crema-para-peinar-savital-multioleo-y-sabila-275ml/p
Esomeprazol,cruzazul,Ezolium 20mg leterago - procaps cápsulas,Ezolium,26.0,26.0,/Medicinas/Aparato Metabólico y Digestivo/|/Medicinas/,https://www.farmaciascruzazul.ec/acondicionador-pantene-bambu-400ml/p
Pantoprazol,pharmacys,Pantoprazol 40mg la sante tableta,Pantoprazol,26.99,26.99,/Medicinas/Aparato Metabólico y Digestivo/|/Medicinas/,https://www.pharmacys.com.ec/pantoprazol-40mg-la-sante-tableta/p
Pantoprazol,pharmacys,Pantoprazol 20mg farmayala - farmayala tabletas recubiertas,Pantoprazol,12.6,12.6,/Tratamientos y Salud/Salud Digestiva/Antiácidos/|/Tratamientos y Salud/Salud Digestiva/|/Tratamientos y Salud/,https://www.pharmacys.com.ec/pantoprazol-20mg-farmayala-farmayala-tabletas-recubiertas/p
Pantoprazol,pharmacys,Zoltum 20mg quifatex dist medicamenta comprimidos recubiertos,Zoltum,12.98,12.98,/Medicinas/Aparato Metabólico y Digestivo/|/Medicinas/,https://www.pharmacys.com.ec/zoltum-20mg-quifatex-dist-medicamenta-comprimidos-recubiertos/p
Pantoprazol,pharmacys,Enfagrow Promental 3 Regular 1100gr,Enfagrow,39.08,48.85,/Cuidado Infantil/Fórmulas y Alimentación del Bebé/Fórmulas Infantiles/|/Cuidado Infantil/Fórmulas y Alimentación del Bebé/|/Cuidado Infantil/,https://www.pharmacys.com.ec/formula-de-crecimiento-enfagrow-premium-etapa-3-sabor-natural-caja-de-1100g/p
Pantoprazol,pharmacys,Zoltum 40mg quifatex dist medicamenta comprimidos recubiertos pack,Zoltum,45.0,45.0,/Medicinas/Aparato Metabólico y Digestivo/|/Medicinas/,https://www.pharmacys.com.ec/zoltum-40mg-quifatex-dist-medicamenta-comprimidos-recubiertos-pack-98809-1/p
Pantoprazol,pharmacys,Zoltum 40mg quifatex dist medicamenta ampollas inyectables,Zoltum,17.85,17.85,/Medicinas/Aparato Metabólico y Digestivo/|/Medicinas/,https://www.pharmacys.com.ec/zoltum-40mg-quifatex-dist-medicamenta-ampollas-inyectables/p
Pantoprazol,pharmacys,Zoltum 40mg quifatex dist medicamenta comprimidos recubiertos,Zoltum,21.05,21.05,/Medicinas/Aparato Metabólico y Digestivo/|/Medicinas/,https://www.pharmacys.com.ec/zoltum-com-recx40mgx14/p
Pantoprazol,medicity,Zoltum Polvo Inyectable 40 mg Caja 1 Unidad,ZOLTUM,16.42,17.85,/Medicina/Sistema Digestivo/|/Medicina/,https://www.farmaciasmedicity.com/zoltum-polvo-inyectable-40-mg-caja-1-unidad-1/p
Pantoprazol,medicity,Tecta Tabletas 40 mg Caja Con 14 Unidades,TECTA,1.69,1.84,/Medicina/Sistema Digestivo/|/Medicina/,https://www.farmaciasmedicity.com/tecta-tabletas-40-mg-caja-con-14-unidades/p
Pantoprazol,medicity,Zoltum Pack Tratamiento 10 Días Caja 2 Unidades (REC),ZOLTUM,20.7,22.5,/Medicina/Sistema Digestivo/|/Medicina/,https://www.farmaciasmedicity.com/zoltum-pack-tratamiento-10-dias-caja-con-2-unidades/p
Pantoprazol,cruzazul,Pantoprazol 40mg la sante tableta,Pantoprazol,26.99,26.99,/Medicinas/Aparato Metabólico y Digestivo/|/Medicinas/,https://www.farmaciascruzazul.ec/pantoprazol-40mg-la-sante-tableta/p
Pantoprazol,cruzazul,Pantoprazol 20mg farmayala - farmayala tabletas recubiertas,Pantoprazol,12.6,12.6,/Tratamientos y Salud/Salud Digestiva/Antiácidos/|/Tratamientos y Salud/Salud Digestiva/|/Tratamientos y Salud/,https://www.farmaciascruzazul.ec/pantoprazol-20mg-farmayala-farmayala-tabletas-recubiertas/p
Pantoprazol,cruzazul,Zoltum 20mg quifatex dist medicamenta comprimidos recubiertos,Zoltum,12.98,12.98,/Medicinas/Aparato Metabólico y Digestivo/|/Medicinas/,https://www.farmaciascruzazul.ec/zoltum-20mg-quifatex-dist-medicamenta-comprimidos-recubiertos/p
Pantoprazol,cruzazul,Enfagrow Promental 3 Regular 1100gr,Enfagrow,48.85,48.85,/Cuidado Infantil/Fórmulas y Alimentación del Bebé/Fórmulas Infantiles/|/Cuidado Infantil/Fórmulas y Alimentación del Bebé/|/Cuidado Infantil/,https://www.farmaciascruzazul.ec/formula-de-crecimiento-enfagrow-premium-etapa-3-sabor-natural-caja-de-1100g/p
Pantoprazol,cruzazul,Zoltum 40mg quifatex dist medicamenta comprimidos recubiertos pack,Zoltum,36.0,45.0,/Medicinas/Aparato Metabólico y Digestivo/|/Medicinas/,https://www.farmaciascruzazul.ec/zoltum-40mg-quifatex-dist-medicamenta-comprimidos-recubiertos-pack-98809-1/p
Pantoprazol,cruzazul,Zoltum 40mg quifatex dist medicamenta ampollas inyectables,Zoltum,17.85,17.85,/Medicinas/Aparato Metabólico y Digestivo/|/Medicinas/,https://www.farmaciascruzazul.ec/zoltum-40mg-quifatex-dist-medicamenta-ampollas-inyectables/p
Pantoprazol,cruzazul,Zoltum 40mg quifatex dist medicamenta comprimidos recubiertos,Zoltum,21.05,21.05,/Medicinas/Aparato Metabólico y Digestivo/|/Medicinas/,https://www.farmaciascruzazul.ec/zoltum-com-recx40mgx14/p
Lansoprazol,pharmacys,Lansoprazol 30mg la sante cápsulas,Lansoprazol,9.8,9.8,/Medicinas/Aparato Metabólico y Digestivo/|/Medicinas/,https://www.pharmacys.com.ec/lansoprazol-30mg-la-sante-capsulas/p
Lansoprazol,pharmacys,Lansoprazol 30mg leterago - genfar cápsulas,Lansoprazol,6.0,6.0,/Medicinas/Aparato Metabólico y Digestivo/|/Medicinas/,https://www.pharmacys.com.ec/biosil-capsulas-x-30/p
Lansoprazol,pharmacys,Lansoprazol 30mg tecnoquimicas - genericos cápsulas,Lansoprazol,3.43,3.43,/Medicinas/Aparato Metabólico y Digestivo/|/Medicinas/,https://www.pharmacys.com.ec/lansoprazol-30mg-tecnoquimicas-genericos-capsulas/p
Lansoprazol,medicity,Lansoprazol Genfar Cápsulas 30mg Liberación Retardada 14 Unidades,GENFAR,0.4,0.43,/Medicina/Sistema Digestivo/|/Medicina/,https://www.farmaciasmedicity.com/lansoprazol-genfar-capsulas-30mg-liberacion-retardada-14-unidades-1/p
Lansoprazol,medicity,Lanzopral Cápsulas 30 mg Caja Con 30 Unidades,LANZOPRAL,1.44,1.8,/Medicina/Sistema Digestivo/|/Medicina/,https://www.farmaciasmedicity.com/lanzopral-capsulas-30-mg-caja-con-30-unidades/p
Lansoprazol,cruzazul,Lansoprazol 30mg la sante cápsulas,Lansoprazol,9.8,9.8,/Medicinas/Aparato Metabólico y Digestivo/|/Medicinas/,https://www.farmaciascruzazul.ec/lansoprazol-30mg-la-sante-capsulas/p
Lansoprazol,cruzazul,Lansoprazol 30mg leterago - genfar cápsulas,Lansoprazol,6.0,6.0,/Medicinas/Aparato Metabólico y Digestivo/|/Medicinas/,https://www.farmaciascruzazul.ec/biosil-capsulas-x-30/p
Lansoprazol,cruzazul,Lansoprazol 30mg tecnoquimicas - genericos cápsulas,Lansoprazol,3.43,3.43,/Medicinas/Aparato Metabólico y Digestivo/|/Medicinas/,https://www.farmaciascruzazul.ec/lansoprazol-30mg-tecnoquimicas-genericos-capsulas/p
Rabeprazol,medicity,Rabezol Cápsula 20 mg Caja 10 Unidades,RABEZOL,1.6,2.0,/Medicina/Sistema Digestivo/|/Medicina/,https://www.farmaciasmedicity.com/rabezol-capsula-20-mg-caja-con-10-unidades-1/p
Sucralfato,medicity,Sucralgastric Suspensión 1000mg/5ml Frasco 200 ml,SUCRALGASTRIC,10.56,13.2,/Medicina/Sistema Digestivo/|/Medicina/,https://www.farmaciasmedicity.com/sucralgastric-suspension-1000-mg--5-ml-frasco-con-200-ml/p
Hidroxido de aluminio/magnesio,pharmacys,"Antiácido hidroxido aluminio+magnesio+simeticona 4 g x 4 g x 0,4 g suspensión 360 ml",Hidroxido Aluminio+magnesio+simeticona,4.5,4.5,/Tratamientos y Salud/Salud Digestiva/Antiácidos/|/Tratamientos y Salud/Salud Digestiva/|/Tratamientos y Salud/,https://www.pharmacys.com.ec/antiacido-hidroxido-aluminio-magnesio-simeticona-4-g-x-4-g-x-04-g-suspension-360-ml/p
Hidroxido de aluminio/magnesio,pharmacys,"Antiácido hidroxido aluminio+magnesio+simeticona 4 g x 4 g x 0,4 g suspensión 150 ml",Hidroxido Aluminio+magnesio+simeticona,2.9,2.9,/Tratamientos y Salud/Salud Digestiva/Antiácidos/|/Tratamientos y Salud/Salud Digestiva/|/Tratamientos y Salud/,https://www.pharmacys.com.ec/antiacido-hidroxido-aluminio-magnesio-simeticona-4-g-x-4-g-x-04-g-suspension-150-ml/p
Hidroxido de aluminio/magnesio,medicity,Mk Leche Magnesia Suspensión Frasco 360 ml,MK,3.68,4.0,/Medicina/Sistema Digestivo/Estreñimiento/|/Medicina/Sistema Digestivo/|/Medicina/,https://www.farmaciasmedicity.com/leche-magnesia-mk-suspension-frasco/p
Hidroxido de aluminio/magnesio,cruzazul,"Antiácido hidroxido aluminio+magnesio+simeticona 4 g x 4 g x 0,4 g suspensión 360 ml",Hidroxido Aluminio+magnesio+simeticona,4.5,4.5,/Tratamientos y Salud/Salud Digestiva/Antiácidos/|/Tratamientos y Salud/Salud Digestiva/|/Tratamientos y Salud/,https://www.farmaciascruzazul.ec/antiacido-hidroxido-aluminio-magnesio-simeticona-4-g-x-4-g-x-04-g-suspension-360-ml/p
Hidroxido de aluminio/magnesio,cruzazul,"Antiácido hidroxido aluminio+magnesio+simeticona 4 g x 4 g x 0,4 g suspensión 150 ml",Hidroxido Aluminio+magnesio+simeticona,2.32,2.9,/Tratamientos y Salud/Salud Digestiva/Antiácidos/|/Tratamientos y Salud/Salud Digestiva/|/Tratamientos y Salud/,https://www.farmaciascruzazul.ec/antiacido-hidroxido-aluminio-magnesio-simeticona-4-g-x-4-g-x-04-g-suspension-150-ml/p
Metoclopramida,pharmacys,Metoclopramida 10mg kronos genericos ampolla,Metoclopramida,2.13,2.13,/Medicinas/Aparato Metabólico y Digestivo/|/Medicinas/,https://www.pharmacys.com.ec/metoclopramida-10mg-kronos-genericos-ampolla/p
Metoclopramida,pharmacys,Metoclopramida 10mg kronos marca tableta,Metoclopramida,1.0,1.0,/Medicinas/Aparato Metabólico y Digestivo/|/Medicinas/,https://www.pharmacys.com.ec/metoclopramida-10mg-kronos-marca-tableta/p
Metoclopramida,pharmacys,Metoclopramida 10mg magma especialidad solución inyectable,Metoclopramida,38.87,38.87,/Medicinas/Aparato Metabólico y Digestivo/|/Medicinas/,https://www.pharmacys.com.ec/metoclopramida-10mg-fresenius-kabi-hospitalario-solucion-inyectable/p
Metoclopramida,medicity,Metoclox Comprimido 10 mg Caja con 100 Unidades,METOCLOX,0.06,0.07,/Medicina/Sistema Digestivo/|/Medicina/,https://www.farmaciasmedicity.com/metoclox-comprimido-10-mg-caja-con-100-unidades-1/p
Metoclopramida,medicity,Clodopan Gotas 2.6 mg Frasco con 30 mL,CLODOPAN,2.37,2.96,/Medicina/Sistema Digestivo/|/Medicina/,https://www.farmaciasmedicity.com/clodopan-gotas-26-mg-frasco-con-30-ml/p
Simeticona,pharmacys,Magaldrato+simeticona 800/60mg dyvenpro ecuagen,Magaldrato+simeticona,5.5,5.5,/Medicinas/Parásitos/|/Medicinas/,https://www.pharmacys.com.ec/magaldrato-simeticona-800-60mg-dyvenpro-ecuagen/p
Simeticona,pharmacys,Magaldrato+simeticona 800/60mg labovida suspensión,Magaldrato+simeticona,5.5,5.5,/Medicinas/Aparato Metabólico y Digestivo/|/Medicinas/,https://www.pharmacys.com.ec/magaldrato-simeticona-800-60mg-labovida-suspension/p
Simeticona,pharmacys,"Antiácido hidroxido aluminio+magnesio+simeticona 4 g x 4 g x 0,4 g suspensión 360 ml",Hidroxido Aluminio+magnesio+simeticona,4.5,4.5,/Tratamientos y Salud/Salud Digestiva/Antiácidos/|/Tratamientos y Salud/Salud Digestiva/|/Tratamientos y Salud/,https://www.pharmacys.com.ec/antiacido-hidroxido-aluminio-magnesio-simeticona-4-g-x-4-g-x-04-g-suspension-360-ml/p
Simeticona,pharmacys,"Antiácido hidroxido aluminio+magnesio+simeticona 4 g x 4 g x 0,4 g suspensión 150 ml",Hidroxido Aluminio+magnesio+simeticona,2.9,2.9,/Tratamientos y Salud/Salud Digestiva/Antiácidos/|/Tratamientos y Salud/Salud Digestiva/|/Tratamientos y Salud/,https://www.pharmacys.com.ec/antiacido-hidroxido-aluminio-magnesio-simeticona-4-g-x-4-g-x-04-g-suspension-150-ml/p
Simeticona,pharmacys,Actibutin 200/120mg leterago - procaps tabletas recubiertas,Actibutin,12.0,12.0,/Medicinas/Aparato Metabólico y Digestivo/|/Medicinas/,https://www.pharmacys.com.ec/actibutin-200-120mg-leterago-roddome-tabletas-recubiertas/p
Simeticona,pharmacys,Antiácido digesta 250 mg cápsulas blandas x 20,Digesta,11.6,11.6,/Tratamientos y Salud/Salud Digestiva/Antiácidos/|/Tratamientos y Salud/Salud Digestiva/|/Tratamientos y Salud/,https://www.pharmacys.com.ec/antiacido-digesta-250-mg-capsulas-blandas-x-20/p
Simeticona,pharmacys,Antiácido endial digest x 1/200 com-rec x 20,Endial,20.8,26.0,/Tratamientos y Salud/Salud Digestiva/Antiácidos/|/Tratamientos y Salud/Salud Digestiva/|/Tratamientos y Salud/,https://www.pharmacys.com.ec/endial-digest-x-1-200-com-rec-x-20/p
Simeticona,pharmacys,Laxante digesflat 170 mg x 100 mg tableta x 50,Digesflat,12.0,12.0,/Tratamientos y Salud/Salud Digestiva/Antiácidos/|/Tratamientos y Salud/Salud Digestiva/|/Tratamientos y Salud/,https://www.pharmacys.com.ec/laxante-digesflat-170-mg-x-100-mg-tableta-x-50/p
Simeticona,pharmacys,Pancreol Forte,Pancreol,19.92,24.9,/Tratamientos y Salud/Salud Digestiva/Antiflatulentos/|/Tratamientos y Salud/Salud Digestiva/|/Tratamientos y Salud/,https://www.pharmacys.com.ec/pancreol-forte/p
Simeticona,pharmacys,Pancreol Compuesto,Pancreol,18.24,22.8,/Tratamientos y Salud/Salud Digestiva/Antiflatulentos/|/Tratamientos y Salud/Salud Digestiva/|/Tratamientos y Salud/,https://www.pharmacys.com.ec/pancreol-compuesto/p
Simeticona,medicity,Aero-Om Comprimidos Masticables 40 mg Caja 30 Unidades,AERO-OM,0.18,0.2,/Cuidado Infantil y Mamá/Cuidado Infantil/Probióticos Infantiles/|/Cuidado Infantil y Mamá/Cuidado Infantil/|/Cuidado Infantil y Mamá/,https://www.farmaciasmedicity.com/aero-om-comprimidos-masticables-40-mg-caja-30-unidades/p
Simeticona,medicity,Digestotal Pancreático Cápsulas Caja 30 Unidades,DIGESTOTAL,1.56,1.7,/Medicina/Sistema Digestivo/Dolor y Malestar Estomacal/|/Medicina/Sistema Digestivo/|/Medicina/,https://www.farmaciasmedicity.com/digestotal-pancreatico-capsulas-caja-30-unidades/p
Simeticona,medicity,Digeril Forte Suspensión Frasco,DIGERIL,11.04,12.0,/Medicina/Sistema Digestivo/Antiácidos/|/Medicina/Sistema Digestivo/|/Medicina/,https://www.farmaciasmedicity.com/digeril-forte-suspension-frasco/p
Simeticona,medicity,Aero-Om Gotas 100 mg/ mL Frasco con 15 mL,AERO-OM,6.23,6.77,/Cuidado Infantil y Mamá/Cuidado Infantil/Probióticos Infantiles/|/Cuidado Infantil y Mamá/Cuidado Infantil/|/Cuidado Infantil y Mamá/,https://www.farmaciasmedicity.com/aero-om-gotas-100-mg-ml-frasco-con-15-ml/p
Simeticona,medicity,Endial Digest Comprimidos Recubiertos Caja Con 20 Unidades,ENDIAL,1.2,1.3,/Medicina/Sistema Digestivo/Antiácidos/|/Medicina/Sistema Digestivo/|/Medicina/,https://www.farmaciasmedicity.com/endial-digest-comprimidos-recubiertos-caja-con-20-unidades/p
Simeticona,medicity,Digeril Suspensión Sabor Vainilla 800mg / 60mg / 10ml Frasco 200ml,DIGERIL,8.28,9.0,/Medicina/Sistema Digestivo/Antiácidos/|/Medicina/Sistema Digestivo/|/Medicina/,https://www.farmaciasmedicity.com/digeril-suspension-sabor-vainilla-800mg---60mg---10ml-frasco-200ml/p
Simeticona,medicity,Colypan Plus Tabletas Recubiertas 200/120 mg Caja Con 30 Unidades,COLYPAN,0.6,0.75,/Medicina/Sistema Digestivo/|/Medicina/,https://www.farmaciasmedicity.com/colypan-plus-tabletas-recubiertas-200120-mg-caja-con-30-unidades/p
Simeticona,medicity,Colonorm Comprimido Recubierto 120/200Mg Caja 30 Unidades,COLONORM,0.55,0.6,/Medicina/Sistema Digestivo/|/Medicina/,https://www.farmaciasmedicity.com/colonorm-comprimido-recubierto-120-200mg-caja-30-unidades/p
Simeticona,medicity,Digeril Suspensión Sabor Vainilla 800 mg / 60 mg / 10 ml Frasco 300 ml,DIGERIL,11.04,12.0,/Medicina/Sistema Digestivo/Antiácidos/|/Medicina/Sistema Digestivo/|/Medicina/,https://www.farmaciasmedicity.com/digeril-suspension-800-mg---60-mg---10-ml-frasco-300-ml/p
Simeticona,medicity,Muvett S Tabletas Recubiertas 200/120mg Caja 30 Unidades,MUVETT,0.67,0.73,/Medicina/Sistema Digestivo/Estreñimiento/|/Medicina/Sistema Digestivo/|/Medicina/,https://www.farmaciasmedicity.com/muvett-s-tabletas-recubiertas-200-120mg-caja-30-unidades/p
Simeticona,cruzazul,Magaldrato+simeticona 800/60mg dyvenpro ecuagen,Magaldrato+simeticona,4.4,5.5,/Medicinas/Parásitos/|/Medicinas/,https://www.farmaciascruzazul.ec/magaldrato-simeticona-800-60mg-dyvenpro-ecuagen/p
Simeticona,cruzazul,Magaldrato+simeticona 800/60mg labovida suspensión,Magaldrato+simeticona,5.5,5.5,/Medicinas/Aparato Metabólico y Digestivo/|/Medicinas/,https://www.farmaciascruzazul.ec/magaldrato-simeticona-800-60mg-labovida-suspension/p
Simeticona,cruzazul,"Antiácido hidroxido aluminio+magnesio+simeticona 4 g x 4 g x 0,4 g suspensión 360 ml",Hidroxido Aluminio+magnesio+simeticona,4.5,4.5,/Tratamientos y Salud/Salud Digestiva/Antiácidos/|/Tratamientos y Salud/Salud Digestiva/|/Tratamientos y Salud/,https://www.farmaciascruzazul.ec/antiacido-hidroxido-aluminio-magnesio-simeticona-4-g-x-4-g-x-04-g-suspension-360-ml/p
Simeticona,cruzazul,"Antiácido hidroxido aluminio+magnesio+simeticona 4 g x 4 g x 0,4 g suspensión 150 ml",Hidroxido Aluminio+magnesio+simeticona,2.32,2.9,/Tratamientos y Salud/Salud Digestiva/Antiácidos/|/Tratamientos y Salud/Salud Digestiva/|/Tratamientos y Salud/,https://www.farmaciascruzazul.ec/antiacido-hidroxido-aluminio-magnesio-simeticona-4-g-x-4-g-x-04-g-suspension-150-ml/p
Simeticona,cruzazul,Actibutin 200/120mg leterago - procaps tabletas recubiertas,Actibutin,12.0,12.0,/Medicinas/Aparato Metabólico y Digestivo/|/Medicinas/,https://www.farmaciascruzazul.ec/actibutin-200-120mg-leterago-roddome-tabletas-recubiertas/p
Simeticona,cruzazul,Antiácido digesta 250 mg cápsulas blandas x 20,Digesta,9.28,11.6,/Tratamientos y Salud/Salud Digestiva/Antiácidos/|/Tratamientos y Salud/Salud Digestiva/|/Tratamientos y Salud/,https://www.farmaciascruzazul.ec/antiacido-digesta-250-mg-capsulas-blandas-x-20/p
Simeticona,cruzazul,Antiácido endial digest x 1/200 com-rec x 20,Endial,20.8,26.0,/Tratamientos y Salud/Salud Digestiva/Antiácidos/|/Tratamientos y Salud/Salud Digestiva/|/Tratamientos y Salud/,https://www.farmaciascruzazul.ec/endial-digest-x-1-200-com-rec-x-20/p
Simeticona,cruzazul,Laxante digesflat 170 mg x 100 mg tableta x 50,Digesflat,9.6,12.0,/Tratamientos y Salud/Salud Digestiva/Antiácidos/|/Tratamientos y Salud/Salud Digestiva/|/Tratamientos y Salud/,https://www.farmaciascruzazul.ec/laxante-digesflat-170-mg-x-100-mg-tableta-x-50/p
Simeticona,cruzazul,Pancreol Compuesto,Pancreol,18.24,22.8,/Tratamientos y Salud/Salud Digestiva/Antiflatulentos/|/Tratamientos y Salud/Salud Digestiva/|/Tratamientos y Salud/,https://www.farmaciascruzazul.ec/pancreol-compuesto/p
Simeticona,cruzazul,Pancreol Forte,Pancreol,19.92,24.9,/Tratamientos y Salud/Salud Digestiva/Antiflatulentos/|/Tratamientos y Salud/Salud Digestiva/|/Tratamientos y Salud/,https://www.farmaciascruzazul.ec/pancreol-forte/p
Carbonato de calcio,pharmacys,Carbonato calcio 600mg oxialfarm farma tableta,Carbonato Calcio,6.9,6.9,/Medicinas/Aparato Metabólico y Digestivo/|/Medicinas/,https://www.pharmacys.com.ec/carbonato-calcio-600mg-oxialfarm-farma-tableta/p
Carbonato de calcio,medicity,Centrum Adulto Suplemento Nutricional 30 Unidades,CENTRUM,18.88,20.52,/Bienestar y Nutrición/Suplementos y Complementos Adultos/|/Bienestar y Nutrición/,https://www.farmaciasmedicity.com/centrum-adulto-suplemento-nutricional-30-unidades/p
Carbonato de calcio,medicity,Centrum Silver Suplemento Nutricional 30 Unidades,CENTRUM,21.6,23.48,/Bienestar y Nutrición/Suplementos y Complementos Adultos/|/Bienestar y Nutrición/,https://www.farmaciasmedicity.com/centrum-silver-suplemento-nutricional-30-unidades/p
Carbonato de calcio,medicity,Cebión Tabletas Efervescentes De Vitamina C + Calcio 10 Unidades,CEBION,5.81,6.31,/Bienestar y Nutrición/Vitaminas Adultos/Vitamina C/|/Bienestar y Nutrición/Vitaminas Adultos/|/Bienestar y Nutrición/,https://www.farmaciasmedicity.com/cebion-calcio-tabletas-efervescentes-naranja-con-10-unidades/p
Carbonato de calcio,medicity,Kidcal Suplemento Alimenticio Suspensión 180 ml,KIDCAL,17.01,18.49,/Bienestar y Nutrición/Vitaminas Bebés y Niños/|/Bienestar y Nutrición/,https://www.farmaciasmedicity.com/kidcal-suplemento-alimenticio-suspension-con-180-ml/p
Carbonato de calcio,cruzazul,Carbonato calcio 600mg oxialfarm farma tableta,Carbonato Calcio,6.9,6.9,/Medicinas/Aparato Metabólico y Digestivo/|/Medicinas/,https://www.farmaciascruzazul.ec/carbonato-calcio-600mg-oxialfarm-farma-tableta/p
Insulina glulisina,medicity,Apidra Solostar Solución Inyectable 100Ui/ mL Con 3 mL,APIDRA,12.46,13.84,/Medicina/Diabetes/|/Medicina/,https://www.farmaciasmedicity.com/apidra-solostar-solucion-inyectable-100ui-ml-con-3-ml/p
Insulina detemir,pharmacys,Levemir 100ui leterago - novo nordisk solución inyectable,Levemir,15.92,15.92,/Medicinas/Aparato Metabólico y Digestivo/|/Medicinas/,https://www.pharmacys.com.ec/levemir-100ui-leterago-novo-nordisk-solucion-inyectable/p
Insulina detemir,cruzazul,Levemir 100ui leterago - novo nordisk solución inyectable,Levemir,15.92,15.92,/Medicinas/Aparato Metabólico y Digestivo/|/Medicinas/,https://www.farmaciascruzazul.ec/levemir-100ui-leterago-novo-nordisk-solucion-inyectable/p
Glibenclamida/Metformina,pharmacys,Metfordan 500/5mg danivet tableta,Metfordan,4.53,4.53,/Medicinas/Aparato Metabólico y Digestivo/|/Medicinas/,https://www.pharmacys.com.ec/metfordan-500-5mg-danivet-tableta/p
Glibenclamida/Metformina,medicity,Glucovance Tabletas Recubiertas Caja Con 30 Unidades,GLUCOVANCE,0.26,0.3,/Medicina/Diabetes/|/Medicina/,https://www.farmaciasmedicity.com/glucovance-tabletas-recubiertas-caja-con-30-unidades/p
Glibenclamida/Metformina,cruzazul,Metfordan 500/5mg danivet tableta,Metfordan,4.53,4.53,/Medicinas/Aparato Metabólico y Digestivo/|/Medicinas/,https://www.farmaciascruzazul.ec/metfordan-500-5mg-danivet-tableta/p
Liraglutida,medicity,Saxenda Solución Inyectable Prell 6mg/ml Caja 3 Unidades,SAXENDA,104.83,104.83,/Medicina/Especialidad/|/Medicina/,https://www.farmaciasmedicity.com/saxenda-solucion-inyectable-prell-6mg-ml-caja-3-unidades-1/p
Semaglutida,medicity,Dutide 3 mg Semaglutida 30 Comprimidos,DUTIDE,3.9,4.33,/Bienestar y Nutrición/,https://www.farmaciasmedicity.com/dutide-3-mg-semaglutida-30-comprimidos/p
Semaglutida,medicity,Dutide 7 mg Semaglutida 30 Comprimidos,DUTIDE,3.9,4.33,/Bienestar y Nutrición/,https://www.farmaciasmedicity.com/dutide-7-mg-semaglutida-30-comprimidos/p
Semaglutida,medicity,Ozempic Duald Solución Inyectable 0.25/0.5mg 1.5ml Caja con Frasco,OZEMPIC,178.66,198.51,/Medicina/Especialidad/|/Medicina/,https://www.farmaciasmedicity.com/ozempic-duald-solucion-inyectable-0-25-0-5mg-1-5ml-caja-con-frasco-1/p
Tiras reactivas glucosa,pharmacys,Tirillas Reactivas de Glucosa GE100 50 Unidades (2 frascos de 25),Teradry,24.0,30.0,/Tratamientos y Salud/Equipos y Accesorios de Salud/Control Glucémico/|/Tratamientos y Salud/Equipos y Accesorios de Salud/|/Tratamientos y Salud/,https://www.pharmacys.com.ec/tira-reactiva-teradry-gel-100-electric-x-50/p
Tiras reactivas glucosa,pharmacys,Tira de prueba accu-chek 50 unidades,Accu-chek,29.6,37.0,/Minimarket/Alimentos Saludables/|/Minimarket/,https://www.pharmacys.com.ec/tira-de-prueba-accu-chek-50-unidades/p
Tiras reactivas glucosa,pharmacys,Tira de prueba accu-chek 25 unidades,Accu-chek,17.1,21.37,/Equipos y Accesorios de Salud/Equipos y Accesorios Médicos/Control Glucémico/|/Equipos y Accesorios de Salud/Equipos y Accesorios Médicos/|/Equipos y Accesorios de Salud/,https://www.pharmacys.com.ec/tira-de-prueba-accu-chek-25-unidades/p
Tiras reactivas glucosa,pharmacys,Lanceta gmate + equipo gmate smart + tiras,Gmate,36.0,45.0,/Cuidado Personal/Cuidado del Cabello/Tratamientos Capilares/|/Cuidado Personal/Cuidado del Cabello/|/Cuidado Personal/,https://www.pharmacys.com.ec/lanceta-gmate-equipo-gmate-smart-tiras/p
Tiras reactivas glucosa,medicity,Gmate Tiras Reactivas Glucosa 50 Unidades,GMATE,28.99,31.51,/Medicina/Diabetes/|/Medicina/,https://www.farmaciasmedicity.com/gmate-tiras-reactivas-glucosa-50-unidades/p
Tiras reactivas glucosa,medicity,Ge Tiras Reactivas De Glucosa + Lancetas 50 Unidades,GE,30.09,32.71,/Medicina/Diabetes/|/Medicina/,https://www.farmaciasmedicity.com/ge-tiras-reactivas-de-glucosa-lancetas-50-unidades-1/p
Tiras reactivas glucosa,medicity,Accu-Chek Instant Tiras Reactivas con 50 Unidades,ACCU-CHEK INSTANT,34.04,37.0,/Medicina/Diabetes/|/Medicina/,https://www.farmaciasmedicity.com/accu-chek-instant-tiras-reactivas-con-50-unidades/p
Tiras reactivas glucosa,medicity,Accu-Chek Instant Tiras Reactivas 25 Unidades,ACCU-CHEK INSTANT,19.66,21.37,/Medicina/Diabetes/|/Medicina/,https://www.farmaciasmedicity.com/accu-chek-instant-tiras-reactivas-25-unidades/p
Tiras reactivas glucosa,medicity,Accu-Chek Guide Tiras Reactivas con 50 Unidades,ACCU-CHEK GUIDE,43.37,47.14,/Medicina/Diabetes/|/Medicina/,https://www.farmaciasmedicity.com/accu-chek-guide-tiras-reactivas-con-50-unidades/p
Tiras reactivas glucosa,medicity,Accu-Chek Softclix Lancetas con 25 Unidades,ACCU-CHEK SOFTCLIX,6.14,6.67,/Medicina/Diabetes/|/Medicina/,https://www.farmaciasmedicity.com/accu-chek-softclix-lancetas-con-25-unidades/p
Tiras reactivas glucosa,cruzazul,Tirillas Reactivas de Glucosa GE100 50 Unidades (2 frascos de 25),Teradry,24.0,30.0,/Tratamientos y Salud/Equipos y Accesorios de Salud/Control Glucémico/|/Tratamientos y Salud/Equipos y Accesorios de Salud/|/Tratamientos y Salud/,https://www.farmaciascruzazul.ec/tira-reactiva-teradry-gel-100-electric-x-50/p
Tiras reactivas glucosa,cruzazul,Tira de prueba accu-chek 50 unidades,Accu-chek,29.6,37.0,/Minimarket/Alimentos Saludables/|/Minimarket/,https://www.farmaciascruzazul.ec/tira-de-prueba-accu-chek-50-unidades/p
Tiras reactivas glucosa,cruzazul,Tira de prueba accu-chek 25 unidades,Accu-chek,17.1,21.37,/Equipos y Accesorios de Salud/Equipos y Accesorios Médicos/Control Glucémico/|/Equipos y Accesorios de Salud/Equipos y Accesorios Médicos/|/Equipos y Accesorios de Salud/,https://www.farmaciascruzazul.ec/tira-de-prueba-accu-chek-25-unidades/p
Tiras reactivas glucosa,cruzazul,Lanceta gmate + equipo gmate smart + tiras,Gmate,36.0,45.0,/Cuidado Personal/Cuidado del Cabello/Tratamientos Capilares/|/Cuidado Personal/Cuidado del Cabello/|/Cuidado Personal/,https://www.farmaciascruzazul.ec/lanceta-gmate-equipo-gmate-smart-tiras/p
Rosuvastatina/Ezetimiba,medicity,Recolmax Tabletas Recubiertas 20mg+10mg Caja 30 Unidades,RECOLMAX,1.39,1.74,/Medicina/Sistema Cardiovascular/|/Medicina/,https://www.farmaciasmedicity.com/recolmax-tabletas-recubiertas-20mg-10mg-caja-30-unidades-1/p
Rosuvastatina/Ezetimiba,medicity,Recolmax Tabletas 10mg+10mg Caja 30 Unidades,RECOLMAX,1.05,1.31,/Medicina/Sistema Cardiovascular/|/Medicina/,https://www.farmaciasmedicity.com/recolmax-tabletas-10mg-10mg-caja-30-unidades-1/p
Rosuvastatina/Ezetimiba,medicity,Rosucol E Tableta Recubierta 10/10mg Caja 30 Unidades,ROSUCOL,1.58,1.9,/Medicina/Sistema Cardiovascular/|/Medicina/,https://www.farmaciasmedicity.com/rosucol-e-tableta-recubierta-10-10mg-caja-30-unidades-1/p
Tetraciclina,medicity,Tetraciclina Ecuaquimica Cápsula 500mg Cápsula 500mg Caja 8 Unidades,ECUAQUIMICA,0.18,0.23,/Medicina/Antiinfeccioso y Antibacteriano/|/Medicina/,https://www.farmaciasmedicity.com/tetraciclina-ecuaquimica-capsula-500mg-capsula-500mg-caja-8-unidades-1/p
Sulfadiazina de plata,pharmacys,Sulfadiazina plata 1gr leterago - genfar en crema,Sulfadiazina Plata,2.93,2.93,/Medicinas/Dermatológicos/|/Medicinas/,https://www.pharmacys.com.ec/sulfadiazina-plata-1gr-leterago-genfar-en-crema/p
Sulfadiazina de plata,medicity,Platsul-A Crema Tubo 30 g,PLATSUL-A,7.73,8.4,/Medicina/Dermatológico/|/Medicina/,https://www.farmaciasmedicity.com/platsul-a-crema-tubo-con-30-g/p
Sulfadiazina de plata,medicity,Silvadin Crema 1% Frasco Con 150 g (REC),SILVADIN,9.56,10.39,/Medicina/Dermatológico/|/Medicina/,https://www.farmaciasmedicity.com/silvadin-crema-1-frasco-con-150-g/p
Sulfadiazina de plata,cruzazul,Sulfadiazina plata 1gr leterago - genfar en crema,Sulfadiazina Plata,2.93,2.93,/Medicinas/Dermatológicos/|/Medicinas/,https://www.farmaciascruzazul.ec/sulfadiazina-plata-1gr-leterago-genfar-en-crema/p
Cefpodoxima,pharmacys,Cefirax 100mg/5ml ecuaquimica - saval suspensión,Cefirax,33.0,33.0,/Medicinas/Antiinfecciosos/|/Medicinas/,https://www.pharmacys.com.ec/cefirax-100mg-5ml-ecuaquimica-saval-suspension/p
Cefpodoxima,pharmacys,Cefirax 200mg ecuaquimica - saval comprimidos recubiertos,Cefirax,25.5,25.5,/Medicinas/Antiinfecciosos/|/Medicinas/,https://www.pharmacys.com.ec/cefirax-200mg-ecuaquimica-saval-comprimidos-recubiertos/p
Cefpodoxima,pharmacys,Bafodix 200 mg x 10,Bafodix,23.0,23.0,/Medicinas/Antiinfecciosos/|/Medicinas/,https://www.pharmacys.com.ec/bafodix-200-mg-x10/p
Cefpodoxima,medicity,Bafodix Tabletas Recubiertas 200 mg Caja 10 Unidades (Ant) (REC),BAFODIX,1.84,2.3,/Medicina/Antiinfeccioso y Antibacteriano/|/Medicina/,https://www.farmaciasmedicity.com/bafodix-tabletas-recubiertas-200-mg-caja-10-unidades-ant-1/p
Cefpodoxima,cruzazul,Cefirax 100mg/5ml ecuaquimica - saval suspensión,Cefirax,33.0,33.0,/Medicinas/Antiinfecciosos/|/Medicinas/,https://www.farmaciascruzazul.ec/cefirax-100mg-5ml-ecuaquimica-saval-suspension/p
Cefpodoxima,cruzazul,Cefirax 200mg ecuaquimica - saval comprimidos recubiertos,Cefirax,25.5,25.5,/Medicinas/Antiinfecciosos/|/Medicinas/,https://www.farmaciascruzazul.ec/cefirax-200mg-ecuaquimica-saval-comprimidos-recubiertos/p
Cefpodoxima,cruzazul,Bafodix 200 mg x 10,Bafodix,23.0,23.0,/Medicinas/Antiinfecciosos/|/Medicinas/,https://www.farmaciascruzazul.ec/bafodix-200-mg-x10/p
Meropenem,pharmacys,Meropenem 1gr labvitalis solución inyectable,Meropenem,303.8,303.8,/Medicinas/Antiinfecciosos/|/Medicinas/,https://www.pharmacys.com.ec/meropenem-1gr-labvitalis-solucion-inyectable/p
Meropenem,pharmacys,Meropenem 500mg labvitalis solución inyectable,Meropenem,193.2,193.2,/Medicinas/Antiinfecciosos/|/Medicinas/,https://www.pharmacys.com.ec/meropenem-500mg-labvitalis-solucion-inyectable/p
Meropenem,pharmacys,Meropenem 1gr fresenius kabi hospitalario solución inyectable,Meropenem,445.2,445.2,/Medicinas/Antiinfecciosos/|/Medicinas/,https://www.pharmacys.com.ec/meropenem-1gr-fresenius-kabi-hospitalario-solucion-inyectable/p
Meropenem,cruzazul,Meropenem 1gr labvitalis solución inyectable,Meropenem,303.8,303.8,/Medicinas/Antiinfecciosos/|/Medicinas/,https://www.farmaciascruzazul.ec/meropenem-1gr-labvitalis-solucion-inyectable/p
Meropenem,cruzazul,Meropenem 500mg labvitalis solución inyectable,Meropenem,193.2,193.2,/Medicinas/Antiinfecciosos/|/Medicinas/,https://www.farmaciascruzazul.ec/meropenem-500mg-labvitalis-solucion-inyectable/p
Meropenem,cruzazul,Meropenem 1gr fresenius kabi hospitalario solución inyectable,Meropenem,445.2,445.2,/Medicinas/Antiinfecciosos/|/Medicinas/,https://www.farmaciascruzazul.ec/meropenem-1gr-fresenius-kabi-hospitalario-solucion-inyectable/p
Ketoprofeno,medicity,Fastum Gel 2.5% Tubo 50 g,FASTUM,11.96,13.0,/Medicina/Dolor y Malestar/Antiinflamatorios/|/Medicina/Dolor y Malestar/|/Medicina/,https://www.farmaciasmedicity.com/fastum-gel-2-5-tubo-50-g/p
Naproxeno/Paracetamol,medicity,Febrax Tabletas 275 / 300 mg Caja con 20 Unidades,FEBRAX,0.26,0.28,/Medicina/Dolor y Malestar/Fiebre de Adulto/|/Medicina/Dolor y Malestar/|/Medicina/,https://www.farmaciasmedicity.com/febrax-tabletas-275--300-mg-caja-con-20-unidades/p
Naproxeno/Paracetamol,medicity,X Ray Dol Tabletas Caja con 12 Unidades,X RAY,0.47,0.59,/Medicina/Dolor y Malestar/Dolor Muscular/|/Medicina/Dolor y Malestar/|/Medicina/,https://www.farmaciasmedicity.com/x-ray-dol-tabletas-caja-con-12-unidades/p
Diclofenaco/Vitaminas B1-B6-B12,pharmacys,Dolo-neurobion 1/100mg alianza procter &amp; gamble tabletas recubiertas retard,Dolo-neurobion,27.08,27.08,/Medicinas/Musculoesqueléticos/|/Medicinas/,https://www.pharmacys.com.ec/dolo-neurobion-1-100mg-alianza-procter-gamble-tabletas-recubiertas-retard/p
Diclofenaco/Vitaminas B1-B6-B12,pharmacys,Dolo-neurobion 50/1mg alianza procter &amp; gamble tableta forte,Dolo-neurobion,25.08,25.08,/Medicinas/Musculoesqueléticos/|/Medicinas/,https://www.pharmacys.com.ec/dolo-neurobion-50-1mg-alianza-procter-gamble-tableta-forte/p
Diclofenaco/Vitaminas B1-B6-B12,medicity,Dolo-Neurobión Forte con Diclofenaco Tabletas 30 Unidades,DOLO-NEUROBION,0.7,0.84,/Medicina/Dolor y Malestar/|/Medicina/,https://www.farmaciasmedicity.com/dolo-neurobion-forte-tabletas-con-30-unidades/p
Diclofenaco/Vitaminas B1-B6-B12,medicity,Dolo-Neurobión DC Diclofenaco Sódico Jeringa 3 Unidades,DOLO-NEUROBION,6.41,8.44,/Medicina/Dolor y Malestar/|/Medicina/,https://www.farmaciasmedicity.com/dolo-neurobion-dc-solucion-inyectable-prellena-3-ml-con-3-unidades/p
Diclofenaco/Vitaminas B1-B6-B12,medicity,Dolo-Neurobión Retard Tabletas Liberación Prolongada 20 Unidades,DOLO-NEUROBION,1.12,1.35,/Medicina/Dolor y Malestar/|/Medicina/,https://www.farmaciasmedicity.com/dolo-neurobion-tabletas-liberacion-prolongada-caja-con-20-unidades/p
Diclofenaco/Vitaminas B1-B6-B12,cruzazul,Dolo-neurobion 1/100mg alianza procter &amp; gamble tabletas recubiertas retard,Dolo-neurobion,27.08,27.08,/Medicinas/Musculoesqueléticos/|/Medicinas/,https://www.farmaciascruzazul.ec/dolo-neurobion-1-100mg-alianza-procter-gamble-tabletas-recubiertas-retard/p
Diclofenaco/Vitaminas B1-B6-B12,cruzazul,Dolo-neurobion 50/1mg alianza procter &amp; gamble tableta forte,Dolo-neurobion,25.08,25.08,/Medicinas/Musculoesqueléticos/|/Medicinas/,https://www.farmaciascruzazul.ec/dolo-neurobion-50-1mg-alianza-procter-gamble-tableta-forte/p
Etinilestradiol/Dienogest,pharmacys,Yael 0.03/2mg leterago - procaps tableta,Yael,14.5,14.5,/Medicinas/Genitourinario y Hormonas Sexuales/|/Medicinas/,https://www.pharmacys.com.ec/yael-003-2mg-leterago-roddome-tableta/p
Etinilestradiol/Dienogest,medicity,Gianda Comprimidos 2/0.03 mg Caja con 21 Unidades,GIANDA,15.94,17.33,/Salud Sexual/Anticonceptivos/|/Salud Sexual/,https://www.farmaciasmedicity.com/gianda-comprimidos-2003-mg-caja-con-21-unidades/p
Etinilestradiol/Dienogest,medicity,Sibilla Cd Comprimidos Recubiertos 2 / 0.03 mg Caja con 21+7 Unidades,SIBILLA,13.88,15.09,/Salud Sexual/Anticonceptivos/|/Salud Sexual/,https://www.farmaciasmedicity.com/sibilla-cd-comprimidos-recubiertos-2--003-mg-caja-con-217-unidades/p
Etinilestradiol/Dienogest,medicity,Sibilla Comprimido Recubierto Caja 21 Unidades,SIBILLA,12.7,13.8,/Salud Sexual/Anticonceptivos/|/Salud Sexual/,https://www.farmaciasmedicity.com/sibilla-comprimido-recubierto-caja-con-21-unidades/p
Etinilestradiol/Dienogest,cruzazul,Yael 0.03/2mg leterago - procaps tableta,Yael,14.5,14.5,/Medicinas/Genitourinario y Hormonas Sexuales/|/Medicinas/,https://www.farmaciascruzazul.ec/yael-003-2mg-leterago-roddome-tableta/p
Noretisterona enantato/Estradiol valerato,medicity,Soluna 5 Solución Inyectable 50/5mg/ml Frasco 1 ml,SOLUNA 5,3.81,4.14,/Salud Sexual/Anticonceptivos/|/Salud Sexual/,https://www.farmaciasmedicity.com/soluna-5-solucion-inyectable-50--5-mg--ml-frasco-con-1-ml/p
Sales de rehidratacion oral,pharmacys,Suero oral sales rehidratacion sabor frutas tropicales sobres x 5,Sales Rehidratacion,3.25,3.25,/Tratamientos y Salud/Salud Digestiva/Antidiarreícos/|/Tratamientos y Salud/Salud Digestiva/|/Tratamientos y Salud/,https://www.pharmacys.com.ec/suero-oral-sales-rehidratacion-sabor-frutas-tropicales-sobres-x-5/p
Sales de rehidratacion oral,pharmacys,Sales de hidratación sales rehidratacion sabor neutro sobres x 5,Sales Rehidratacion,3.25,3.25,/Tratamientos y Salud/Salud Digestiva/Antidiarreícos/|/Tratamientos y Salud/Salud Digestiva/|/Tratamientos y Salud/,https://www.pharmacys.com.ec/sales-de-hidratacion-sales-rehidratacion-sabor-neutro-sobres-x-5/p
Sales de rehidratacion oral,pharmacys,Sales de hidratación sales rehidratacion en polvo x 30,Sales Rehidratacion,19.5,19.5,/Tratamientos y Salud/Salud Digestiva/Probióticos/|/Tratamientos y Salud/Salud Digestiva/|/Tratamientos y Salud/,https://www.pharmacys.com.ec/sales-de-hidratacion-sales-rehidratacion-en-polvo-x-30/p
Sales de rehidratacion oral,pharmacys,Soluciones hidratantes hydrity rehidratacion oral uva 45meq 500ml,Hydrity,4.5,4.5,/Medicinas/Sistema Nervioso/|/Medicinas/,https://www.pharmacys.com.ec/soluciones-hidratantes-hydrity-rehidratacion-oral-uva-45meq-500ml/p
Sales de rehidratacion oral,pharmacys,Soluciones hidratantes hydrity rehidratacion oral manzana 45meq 500 ml,Hydrity,4.5,4.5,/Tratamientos y Salud/Salud Digestiva/Mareos y Naúseas/|/Tratamientos y Salud/Salud Digestiva/|/Tratamientos y Salud/,https://www.pharmacys.com.ec/soluciones-hidratantes-hydrity-rehidratacion-oral-manzana-45meq-500-ml/p
Sales de rehidratacion oral,pharmacys,Sales de hidratación oralyte plus 45 meq solución oral 400ml,Oralyte,3.37,4.49,/Tratamientos y Salud/Salud Digestiva/Mareos y Naúseas/|/Tratamientos y Salud/Salud Digestiva/|/Tratamientos y Salud/,https://www.pharmacys.com.ec/sales-de-hidratacion-oralyte-plus-45-meq-solucion-oral-400ml/p
Sales de rehidratacion oral,pharmacys,Oralyte plus 75meq manzana solución oral 400 ml,Oralyte,3.37,4.49,/Tratamientos y Salud/Salud Digestiva/Antidiarreícos/|/Tratamientos y Salud/Salud Digestiva/|/Tratamientos y Salud/,https://www.pharmacys.com.ec/oralyte-plus-75meq-manzana-solucion-oral-400-ml/p
Sales de rehidratacion oral,pharmacys,Oralyte plus 75meq uva solución oral 400 ml,Oralyte,3.52,4.7,/Tratamientos y Salud/Salud Digestiva/Antidiarreícos/|/Tratamientos y Salud/Salud Digestiva/|/Tratamientos y Salud/,https://www.pharmacys.com.ec/oralyte-plus-75meq-uva-solucion-oral-400-ml/p
Sales de rehidratacion oral,pharmacys,Oralyte plus 75meq mandarina solución oral 400 ml,Oralyte,3.37,4.49,/Tratamientos y Salud/Salud Digestiva/Antidiarreícos/|/Tratamientos y Salud/Salud Digestiva/|/Tratamientos y Salud/,https://www.pharmacys.com.ec/oralyte-plus-75meq-mandarina-solucion-oral-400-ml/p
Sales de rehidratacion oral,pharmacys,Oralyte plus 45 meq manzana solución oral 400 ml,Oralyte,3.52,4.7,/Tratamientos y Salud/Salud Digestiva/Antidiarreícos/|/Tratamientos y Salud/Salud Digestiva/|/Tratamientos y Salud/,https://www.pharmacys.com.ec/oralyte-plus-45-meq-manzana-solucion-oral-400-ml/p
Sales de rehidratacion oral,medicity,Pedialyte NG Fresa 45 mEq 500 ml,PEDIALYTE,4.18,4.54,/Medicina/Sistema Digestivo/Sueros Orales/|/Medicina/Sistema Digestivo/|/Medicina/,https://www.farmaciasmedicity.com/pedialyte-45-solucion-oral-fresa-500-ml/p
Sales de rehidratacion oral,medicity,Pedialyte NL Fresa 60 mEq Max 500 ml,PEDIALYTE,4.18,4.54,/Medicina/Sistema Digestivo/Sueros Orales/|/Medicina/Sistema Digestivo/|/Medicina/,https://www.farmaciasmedicity.com/pedialyte-60-max-solucion-oral-fresa-500-ml/p
Sales de rehidratacion oral,medicity,Pedialyte Nl Uva 60 Eq Max 500 ml,PEDIALYTE,4.18,4.54,/Medicina/Sistema Digestivo/Sueros Orales/|/Medicina/Sistema Digestivo/|/Medicina/,https://www.farmaciasmedicity.com/pedialyte-60-max-solucion-oral-uva-500-ml/p
Sales de rehidratacion oral,medicity,Pedialyte NL Coco 60 mEq Max 500 ml,PEDIALYTE,4.18,4.54,/Medicina/Sistema Digestivo/Sueros Orales/|/Medicina/Sistema Digestivo/|/Medicina/,https://www.farmaciasmedicity.com/pedialyte-60-max-solucion-oral-coco-500-ml/p
Sales de rehidratacion oral,medicity,Pedialyte NL Manzana 60 EQ Max 500 ml,PEDIALYTE,4.18,4.54,/Medicina/Sistema Digestivo/Sueros Orales/|/Medicina/Sistema Digestivo/|/Medicina/,https://www.farmaciasmedicity.com/pedialyte-60-max-solucion-oral-manzana-500-ml/p
Sales de rehidratacion oral,medicity,Hidrasec Granulado 10mg/G Lactantes Sobre Caja 18 Unidades,HIDRASEC,1.27,1.38,/Medicina/Sistema Digestivo/|/Medicina/,https://www.farmaciasmedicity.com/hidrasec-granulado-10mg-g-lactantes-sobre-caja-18-unidades-1/p
Sales de rehidratacion oral,medicity,Hidrasec Granulado 30mg/3g Niños Sobre Caja 18 Unidades,HIDRASEC,2.13,2.32,/Medicina/Sistema Digestivo/|/Medicina/,https://www.farmaciasmedicity.com/hidrasec-granulado-30mg-3g-ninos-sobre-caja-18-unidades-1/p
Sales de rehidratacion oral,cruzazul,Suero oral sales rehidratacion sabor frutas tropicales sobres x 5,Sales Rehidratacion,2.6,3.25,/Tratamientos y Salud/Salud Digestiva/Antidiarreícos/|/Tratamientos y Salud/Salud Digestiva/|/Tratamientos y Salud/,https://www.farmaciascruzazul.ec/suero-oral-sales-rehidratacion-sabor-frutas-tropicales-sobres-x-5/p
Sales de rehidratacion oral,cruzazul,Sales de hidratación sales rehidratacion sabor neutro sobres x 5,Sales Rehidratacion,3.25,3.25,/Tratamientos y Salud/Salud Digestiva/Antidiarreícos/|/Tratamientos y Salud/Salud Digestiva/|/Tratamientos y Salud/,https://www.farmaciascruzazul.ec/sales-de-hidratacion-sales-rehidratacion-sabor-neutro-sobres-x-5/p
Sales de rehidratacion oral,cruzazul,Sales de hidratación sales rehidratacion en polvo x 30,Sales Rehidratacion,15.6,19.5,/Tratamientos y Salud/Salud Digestiva/Probióticos/|/Tratamientos y Salud/Salud Digestiva/|/Tratamientos y Salud/,https://www.farmaciascruzazul.ec/sales-de-hidratacion-sales-rehidratacion-en-polvo-x-30/p
Sales de rehidratacion oral,cruzazul,Soluciones hidratantes hydrity rehidratacion oral uva 45meq 500ml,Hydrity,3.6,4.5,/Medicinas/Sistema Nervioso/|/Medicinas/,https://www.farmaciascruzazul.ec/soluciones-hidratantes-hydrity-rehidratacion-oral-uva-45meq-500ml/p
Sales de rehidratacion oral,cruzazul,Soluciones hidratantes hydrity rehidratacion oral manzana 45meq 500 ml,Hydrity,3.6,4.5,/Tratamientos y Salud/Salud Digestiva/Mareos y Naúseas/|/Tratamientos y Salud/Salud Digestiva/|/Tratamientos y Salud/,https://www.farmaciascruzazul.ec/soluciones-hidratantes-hydrity-rehidratacion-oral-manzana-45meq-500-ml/p
Sales de rehidratacion oral,cruzazul,Sales de hidratación oralyte plus 45 meq solución oral 400ml,Oralyte,3.59,4.49,/Tratamientos y Salud/Salud Digestiva/Mareos y Naúseas/|/Tratamientos y Salud/Salud Digestiva/|/Tratamientos y Salud/,https://www.farmaciascruzazul.ec/sales-de-hidratacion-oralyte-plus-45-meq-solucion-oral-400ml/p
Sales de rehidratacion oral,cruzazul,Oralyte plus 75meq manzana solución oral 400 ml,Oralyte,3.59,4.49,/Tratamientos y Salud/Salud Digestiva/Antidiarreícos/|/Tratamientos y Salud/Salud Digestiva/|/Tratamientos y Salud/,https://www.farmaciascruzazul.ec/oralyte-plus-75meq-manzana-solucion-oral-400-ml/p
Sales de rehidratacion oral,cruzazul,Oralyte plus 75meq uva solución oral 400 ml,Oralyte,3.76,4.7,/Tratamientos y Salud/Salud Digestiva/Antidiarreícos/|/Tratamientos y Salud/Salud Digestiva/|/Tratamientos y Salud/,https://www.farmaciascruzazul.ec/oralyte-plus-75meq-uva-solucion-oral-400-ml/p
Sales de rehidratacion oral,cruzazul,Oralyte plus 75meq mandarina solución oral 400 ml,Oralyte,3.59,4.49,/Tratamientos y Salud/Salud Digestiva/Antidiarreícos/|/Tratamientos y Salud/Salud Digestiva/|/Tratamientos y Salud/,https://www.farmaciascruzazul.ec/oralyte-plus-75meq-mandarina-solucion-oral-400-ml/p
Sales de rehidratacion oral,cruzazul,Oralyte plus 45 meq manzana solución oral 400 ml,Oralyte,3.76,4.7,/Tratamientos y Salud/Salud Digestiva/Antidiarreícos/|/Tratamientos y Salud/Salud Digestiva/|/Tratamientos y Salud/,https://www.farmaciascruzazul.ec/oralyte-plus-45-meq-manzana-solucion-oral-400-ml/p
Alginato de sodio/Antiacido,pharmacys,"Antiácido frutalis limón bicarbonato de sodio 2312,50mg/5g sobres x 12",Frutalis,2.05,2.05,/Tratamientos y Salud/Salud Digestiva/Antiácidos/|/Tratamientos y Salud/Salud Digestiva/|/Tratamientos y Salud/,https://www.pharmacys.com.ec/antiacido-frutalis-limon-5-g-sobres-x-12/p
Alginato de sodio/Antiacido,medicity,Milpax Suspensión Cereza Frasco Con 360 mL,MILPAX,12.81,13.92,/Medicina/Sistema Digestivo/Antiácidos/|/Medicina/Sistema Digestivo/|/Medicina/,https://www.farmaciasmedicity.com/milpax-suspension-cereza-frasco-con-360-ml/p
Alginato de sodio/Antiacido,medicity,Dentafirme Forte Nf Polvo Adhesivo 25 g,DENTAFIRME FORTE,6.62,7.2,/Cuidado Personal/Cuidado Oral/Especializados/|/Cuidado Personal/Cuidado Oral/|/Cuidado Personal/,https://www.farmaciasmedicity.com/dentafirme-forte-nf-polvo-adhesivo-25g/p
Alginato de sodio/Antiacido,medicity,Qg5 Plus Suspensión Oral Menta Sachet 10 ml Caja 24 Unidades,QG5,0.76,0.95,/Medicina/Sistema Digestivo/Dolor y Malestar Estomacal/|/Medicina/Sistema Digestivo/|/Medicina/,https://www.farmaciasmedicity.com/qg5-plus-suspension-oral-menta-sachet-10-ml-caja-24-unidades/p
Alginato de sodio/Antiacido,medicity,Qg5 Plus Suspensión Oral Menta Sachet 10 ml Caja 10 Unidades,QG5,0.64,0.8,/Medicina/Sistema Digestivo/Dolor y Malestar Estomacal/|/Medicina/Sistema Digestivo/|/Medicina/,https://www.farmaciasmedicity.com/qg5-plus-suspension-oral-menta-sachet-10-ml-caja-10-unidades/p
Alginato de sodio/Antiacido,medicity,Alka Seltzer Boost Caja con 10 Comprimidos Efervescentes,ALKA SELTZER,0.39,0.42,/Medicina/Dolor y Malestar/|/Medicina/,https://www.farmaciasmedicity.com/alka-seltzer-boost-caja-con-10-comprimidos-efervescentes/p
Alginato de sodio/Antiacido,cruzazul,"Antiácido frutalis limón bicarbonato de sodio 2312,50mg/5g sobres x 12",Frutalis,1.64,2.05,/Tratamientos y Salud/Salud Digestiva/Antiácidos/|/Tratamientos y Salud/Salud Digestiva/|/Tratamientos y Salud/,https://www.farmaciascruzazul.ec/antiacido-frutalis-limon-5-g-sobres-x-12/p
Lactulosa,pharmacys,Lactulosa 65% cedimed,Lactulosa,4.5,4.5,/Medicinas/Aparato Metabólico y Digestivo/|/Medicinas/,https://www.pharmacys.com.ec/lactulosa-65-cedimed/p
Lactulosa,pharmacys,Lactulosa 65% dyvenpro ecuagen,Lactulosa,8.5,8.5,/Cuidado Personal/Cuidado del Oído/Cotonetes y Algodones/|/Cuidado Personal/Cuidado del Oído/|/Cuidado Personal/,https://www.pharmacys.com.ec/lactulosa-65-dyvenpro-ecuagen/p
Lactulosa,pharmacys,Lactulosa 10gr rocnarf solución oral,Lactulosa,10.0,10.0,/Medicinas/Aparato Metabólico y Digestivo/|/Medicinas/,https://www.pharmacys.com.ec/lactulosa-10gr-rocnarf-generico-solucion-oral/p
Lactulosa,pharmacys,Lactulosa 65% grunenthal solución oral,Lactulosa,8.99,8.99,/Medicinas/Aparato Metabólico y Digestivo/|/Medicinas/,https://www.pharmacys.com.ec/lactulosa-65-grunenthal-solucion-oral/p
Lactulosa,pharmacys,Lactulosa 66.70% dyvenpro ecuagen solución oral,Lactulosa,9.6,9.6,/Medicinas/Aparato Metabólico y Digestivo/|/Medicinas/,https://www.pharmacys.com.ec/lactulosa-6670-dyvenpro-ecuagen-solucion-oral/p
Lactulosa,pharmacys,Lactulosa 65% ecuaquimica - mintlab jarabe 0.65,Lactulosa,8.99,8.99,/Medicinas/Aparato Metabólico y Digestivo/|/Medicinas/,https://www.pharmacys.com.ec/lactulosa-65-ecuaquimica-mintlab-jarabe-065/p
Lactulosa,pharmacys,Lactulosa 65% caplin point - generico suspensión oral,Lactulosa,8.99,8.99,/Medicinas/Aparato Metabólico y Digestivo/|/Medicinas/,https://www.pharmacys.com.ec/lactulosa-65-caplin-point-generico-suspension-oral/p
Lactulosa,pharmacys,Beralactulosa 66.70% lfgm,Beralactulosa,6.51,6.51,/Tratamientos y Salud/Salud Digestiva/Estreñimiento/|/Tratamientos y Salud/Salud Digestiva/|/Tratamientos y Salud/,https://www.pharmacys.com.ec/beralactulosa-6670-lfgm/p
Lactulosa,medicity,Lactulosa Solución 65% Frasco 200 ml,GRUNENTHAL,8.27,8.99,/Medicina/Sistema Digestivo/Estreñimiento/|/Medicina/Sistema Digestivo/|/Medicina/,https://www.farmaciasmedicity.com/lactulosa-solucion-65-frasco-con-200-ml/p
Lactulosa,medicity,Duphalac 200 ml,DUPHALAC,11.98,13.02,/Medicina/Sistema Digestivo/Estreñimiento/|/Medicina/Sistema Digestivo/|/Medicina/,https://www.farmaciasmedicity.com/duphalac-jbe-667-g100-ml-frasco-con-200-ml/p
Lactulosa,cruzazul,Lactulosa 65% cedimed,Lactulosa,3.6,4.5,/Medicinas/Aparato Metabólico y Digestivo/|/Medicinas/,https://www.farmaciascruzazul.ec/lactulosa-65-cedimed/p
Lactulosa,cruzazul,Lactulosa 65% dyvenpro ecuagen,Lactulosa,6.8,8.5,/Cuidado Personal/Cuidado del Oído/Cotonetes y Algodones/|/Cuidado Personal/Cuidado del Oído/|/Cuidado Personal/,https://www.farmaciascruzazul.ec/lactulosa-65-dyvenpro-ecuagen/p
Lactulosa,cruzazul,Lactulosa 10gr rocnarf solución oral,Lactulosa,10.0,10.0,/Medicinas/Aparato Metabólico y Digestivo/|/Medicinas/,https://www.farmaciascruzazul.ec/lactulosa-10gr-rocnarf-generico-solucion-oral/p
Lactulosa,cruzazul,Lactulosa 65% grunenthal solución oral,Lactulosa,8.99,8.99,/Medicinas/Aparato Metabólico y Digestivo/|/Medicinas/,https://www.farmaciascruzazul.ec/lactulosa-65-grunenthal-solucion-oral/p
Lactulosa,cruzazul,Lactulosa 66.70% dyvenpro ecuagen solución oral,Lactulosa,9.6,9.6,/Medicinas/Aparato Metabólico y Digestivo/|/Medicinas/,https://www.farmaciascruzazul.ec/lactulosa-6670-dyvenpro-ecuagen-solucion-oral/p
Lactulosa,cruzazul,Lactulosa 65% ecuaquimica - mintlab jarabe 0.65,Lactulosa,8.99,8.99,/Medicinas/Aparato Metabólico y Digestivo/|/Medicinas/,https://www.farmaciascruzazul.ec/lactulosa-65-ecuaquimica-mintlab-jarabe-065/p
Lactulosa,cruzazul,Lactulosa 65% caplin point - generico suspensión oral,Lactulosa,8.99,8.99,/Medicinas/Aparato Metabólico y Digestivo/|/Medicinas/,https://www.farmaciascruzazul.ec/lactulosa-65-caplin-point-generico-suspension-oral/p
Lactulosa,cruzazul,Beralactulosa 66.70% lfgm,Beralactulosa,6.51,6.51,/Tratamientos y Salud/Salud Digestiva/Estreñimiento/|/Tratamientos y Salud/Salud Digestiva/|/Tratamientos y Salud/,https://www.farmaciascruzazul.ec/beralactulosa-6670-lfgm/p
Trimebutina,pharmacys,Actibutin 200/120mg leterago - procaps tabletas recubiertas,Actibutin,12.0,12.0,/Medicinas/Aparato Metabólico y Digestivo/|/Medicinas/,https://www.pharmacys.com.ec/actibutin-200-120mg-leterago-roddome-tabletas-recubiertas/p
Trimebutina,medicity,Muvett Cápsulas 200mg Caja 21 Unidades,MUVETT,0.61,0.66,/Medicina/Especialidad/|/Medicina/,https://www.farmaciasmedicity.com/muvett-capsulas-200mg-caja-21-unidades-1/p
Trimebutina,medicity,Colypan Lp Tabletas 300 mg Liberación Prolongada Caja 20 Unidades,COLYPAN,0.79,0.86,/Medicina/Sistema Digestivo/|/Medicina/,https://www.farmaciasmedicity.com/colypan-lp-tabletas-300-mg-liberacion-prolongada-caja-con-20-unidades/p
Trimebutina,medicity,Colypan Tabletas Recubiertas 200 mg 30 Unidades,COLYPAN,0.63,0.68,/Medicina/Sistema Digestivo/|/Medicina/,https://www.farmaciasmedicity.com/colypan-tabletas-recubiertas-200-mg-30-unidades/p
Trimebutina,medicity,Colypan Plus Tabletas Recubiertas 200/120 mg Caja Con 30 Unidades,COLYPAN,0.6,0.75,/Medicina/Sistema Digestivo/|/Medicina/,https://www.farmaciasmedicity.com/colypan-plus-tabletas-recubiertas-200120-mg-caja-con-30-unidades/p
Trimebutina,medicity,Colonorm Comprimido Recubierto 120/200Mg Caja 30 Unidades,COLONORM,0.55,0.6,/Medicina/Sistema Digestivo/|/Medicina/,https://www.farmaciasmedicity.com/colonorm-comprimido-recubierto-120-200mg-caja-30-unidades/p
Trimebutina,medicity,Muvett S Tabletas Recubiertas 200/120mg Caja 30 Unidades,MUVETT,0.67,0.73,/Medicina/Sistema Digestivo/Estreñimiento/|/Medicina/Sistema Digestivo/|/Medicina/,https://www.farmaciasmedicity.com/muvett-s-tabletas-recubiertas-200-120mg-caja-30-unidades/p
Trimebutina,cruzazul,Actibutin 200/120mg leterago - procaps tabletas recubiertas,Actibutin,12.0,12.0,/Medicinas/Aparato Metabólico y Digestivo/|/Medicinas/,https://www.farmaciascruzazul.ec/actibutin-200-120mg-leterago-roddome-tabletas-recubiertas/p
Dimenhidrinato,pharmacys,Anautin 50mg ecu tableta,Anautin,9.6,9.6,/Medicinas/Aparato Metabólico y Digestivo/|/Medicinas/,https://www.pharmacys.com.ec/anautin-50mg-ecu-tableta/p
Dimenhidrinato,medicity,Anautin Tabletas 50 mg Caja con 100 Unidades,ANAUTIN,0.09,0.1,/Medicina/Sistema Digestivo/|/Medicina/,https://www.farmaciasmedicity.com/anautin-tabletas-50-mg-caja-con-100-unidades/p
Dimenhidrinato,cruzazul,Anautin 50mg ecu tableta,Anautin,9.6,9.6,/Medicinas/Aparato Metabólico y Digestivo/|/Medicinas/,https://www.farmaciascruzazul.ec/anautin-50mg-ecu-tableta/p
